molecule_chembl_id,bioactivity_class,pIC50,canonical_smiles,MW,LogP,NumHDonors,NumHAcceptors
CHEMBL340270,inactive,4.931814138253838,Brc1cccc[n+]1-c1ccc2cc(-[n+]3ccccc3Br)ccc2c1,442.15400000000005,4.918200000000002,0.0,0.0
CHEMBL6063904,active,7.6777807052660805,C#CC1CCN(C2CC=C(c3ccc(C(=O)NS(=O)(=O)c4ccc(NCC5CCOCC5)c([N+](=O)[O-])c4)c(Oc4cnc5[nH]ccc5c4)c3)CC2)C1c1ccccc1C1CC1,841.003,8.730300000000003,3.0,10.0
CHEMBL5182395,active,7.187086643357144,C#CCCOC(=O)Nc1ccc(C2=NN(C(=O)c3ccc(Br)cc3)C(c3ccccc3)C2)cc1,516.3950000000002,6.012400000000005,1.0,4.0
CHEMBL5820135,active,8.346787486224656,C#Cc1ccc(OC(=O)N2CCc3cc(-c4cc(C(=O)N(C)c5ccc(O)cc5)c(C)n4C)c(C(=O)N4Cc5ccccc5C[C@H]4CN4CCOCC4)cc3C2)cc1,777.9219999999997,6.420420000000006,1.0,7.0
CHEMBL5843645,active,7.045757490560675,C#Cc1cccc(C2CCCN2C2CC=C(c3ccc(C(=O)NS(=O)(=O)c4ccc(NCC5CCOCC5)c([N+](=O)[O-])c4)c(Oc4cnc5[nH]ccc5c4)c3)CC2)c1,800.9379999999999,7.974900000000008,3.0,10.0
CHEMBL2398292,inactive,5.0,C/C(=N\Nc1nc2ccccc2s1)c1ccc(-c2cccc(C(=O)O)c2)o1,377.4250000000001,5.090600000000003,2.0,6.0
CHEMBL2398170,inactive,5.0,C/C(=N\Nc1nc2ccccc2s1)c1ccc(-c2cccc(C(=O)O)n2)s1,394.4810000000001,4.954100000000002,2.0,7.0
CHEMBL2398286,inactive,5.0,C/C(=N\Nc1nc2ccccc2s1)c1cccc(-c2cccc(C(=O)O)n2)c1,388.4520000000001,4.892600000000003,2.0,6.0
CHEMBL5875766,active,7.552841968657781,C=C(C)c1ccccc1C1CCCN1C1CC=C(c2ccc(C(=O)NS(=O)(=O)c3ccc(NCC4CCOCC4)c([N+](=O)[O-])c3)c(Oc3cnc4[nH]ccc4c3)c2)CC1,816.9809999999997,9.026700000000002,3.0,10.0
CHEMBL5995096,active,7.721246399047171,C=C(C)c1ccccc1C1CCCN1C1CCC(c2ccc(C(=O)NS(=O)(=O)c3ccc(NCC4CCOCC4)c([N+](=O)[O-])c3)c(Oc3cnc4[nH]ccc4c3)c2)CC1,818.9969999999997,9.117000000000003,3.0,10.0
CHEMBL5989018,active,10.259637310505756,C=C(C)c1ccccc1[C@@H]1CCCN1C1CC2(CCN(c3ccc(C(=O)NS(=O)(=O)c4ccc(NC[C@H]5CC[C@](C)(O)CC5)c([N+](=O)[O-])c4)c(Oc4cnc5[nH]ccc5c4)c3)CC2)C1,888.1039999999995,9.354400000000002,4.0,11.0
CHEMBL6026974,active,7.638272163982407,C=C1CC(c2ccccc2C2CC2)N(C2CC=C(c3ccc(C(=O)NS(=O)(=O)c4ccc(NCC5CCOCC5)c([N+](=O)[O-])c4)c(Oc4cnc5[nH]ccc5c4)c3)CC2)C1,828.9919999999997,9.037100000000002,3.0,10.0
CHEMBL5831285,active,8.481486060122112,C=C1CC(c2ccccc2C2CC2)N(c2ccc(-c3ccc(C(=O)NS(=O)(=O)c4ccc(NCC5CCOCC5)c([N+](=O)[O-])c4)c(Oc4cnc5[nH]ccc5c4)c3)cc2)C1,824.9599999999998,9.272600000000002,3.0,10.0
CHEMBL5613766,inactive,4.522878745280337,C=CC(=O)N(c1ccc(O[C@@H]2CC[C@@H](N)C2)cc1)[C@@H](C)c1ccc(C(F)(F)F)c(C#N)c1,443.4690000000001,5.115880000000004,1.0,4.0
CHEMBL5187331,active,7.497572880015567,C=CCOC(=O)Nc1ccc(C2=NN(C(=O)c3ccc(Br)cc3)C(c3ccccc3)C2)cc1,504.3840000000001,6.175100000000005,1.0,4.0
CHEMBL5876206,active,7.552841968657781,C=Cc1cccc(C2CCCN2C2CC=C(c3ccc(C(=O)NS(=O)(=O)c4ccc(NCC5CCOCC5)c([N+](=O)[O-])c4)c(Oc4cnc5[nH]ccc5c4)c3)CC2)c1,802.9539999999998,8.636600000000003,3.0,10.0
CHEMBL5830005,active,7.920818753952375,C=Cc1ccccc1C1CCCN1C1CC=C(c2ccc(C(=O)NS(=O)(=O)c3ccc(NCC4CCOCC4)c([N+](=O)[O-])c3)c(Oc3cnc4[nH]ccc4c3)c2)CC1,802.9539999999997,8.636600000000003,3.0,10.0
CHEMBL5937625,active,8.886056647693163,CC(=O)N(C)CCN1CCC(c2ccccc2[C@H]2CCCN2c2ccc(-c3ccc(C(=O)NS(=O)(=O)c4ccc(NCC5CCOCC5)c([N+](=O)[O-])c4)c(Oc4cnc5[nH]ccc5c4)c3)cc2)CC1,955.1509999999997,8.886800000000004,3.0,12.0
CHEMBL5775598,active,8.337242168318426,CC(=O)N(C)c1ccc(OC(=O)N2CCc3cc(-c4cc(C(=O)N(C)c5ccc(O)cc5)c(C)n4C)c(C(=O)N4Cc5ccccc5C[C@H]4CN4CCOCC4)cc3C2)cc1,824.9789999999996,6.421820000000007,1.0,8.0
CHEMBL6064593,active,7.4089353929735005,CC(=O)N1CC=C(c2ccccc2C2CCCN2C2CC=C(c3ccc(C(=O)NS(=O)(=O)c4ccc(NCC5CCOCC5)c([N+](=O)[O-])c4)c(Oc4cnc5[nH]ccc5c4)c3)CC2)CC1,900.0709999999995,8.629200000000004,3.0,11.0
CHEMBL5878897,active,9.167491087293763,CC(=O)N1CC=C(c2ccccc2[C@H]2CCCN2c2ccc(-c3ccc(C(=O)NS(=O)(=O)c4ccc(NCC5CCOCC5)c([N+](=O)[O-])c4)c(Oc4cnc5[nH]ccc5c4)c3)cc2)CC1,896.0389999999995,8.864700000000003,3.0,11.0
CHEMBL6002443,active,8.920818753952375,CC(=O)N1CCC(CNc2ccc(S(=O)(=O)NC(=O)c3ccc(-c4ccc(N5CCC[C@@H]5c5ccccc5C5CC5)cc4)cc3Oc3cnc4[nH]ccc4c3)cc2[N+](=O)[O-])CC1,854.002,8.938400000000003,3.0,10.0
CHEMBL5873270,active,8.522878745280337,CC(=O)N1CCC(c2ccccc2[C@H]2CCCN2c2ccc(-c3ccc(C(=O)NS(=O)(=O)c4ccc(NCC5CCOCC5)c([N+](=O)[O-])c4)c(Oc4cnc5[nH]ccc5c4)c3)cc2)CC1,898.0549999999996,8.955000000000004,3.0,11.0
CHEMBL5890230,active,8.958607314841775,CC(=O)N1CCC(c2ccccc2[C@H]2CCCN2c2ccc(-c3ccc(C(=O)NS(=O)(=O)c4ccc(NC[C@H]5CC[C@](C)(O)CC5)c([N+](=O)[O-])c4)c(Oc4cnc5[nH]ccc5c4)c3)cc2)CC1,926.1089999999996,9.469600000000002,4.0,11.0
CHEMBL6016585,active,8.0,CC(=O)N1CCOC(CNc2ccc(S(=O)(=O)NC(=O)c3ccc(C4=CCC(N5CCCC5c5ccccc5C5CC5)CC4)cc3Oc3cnc4[nH]ccc4c3)cc2[N+](=O)[O-])C1,860.0059999999999,7.691700000000009,3.0,11.0
CHEMBL5970546,active,7.376750709602099,CC(=O)N1Cc2cc(C(=O)N3Cc4ccccc4C[C@H]3C)c(-c3cc(C(=O)N(C)c4ccc(O)cc4)c(C)n3C)cc2C1,576.6970000000001,5.431820000000006,1.0,4.0
CHEMBL510332,active,6.136677139879544,CC(=O)NC[C@@H]1Cc2ccccc2CN1C(=O)c1ccccc1-n1nc(C(=O)N(c2ccccc2)c2ccccc2)cc1C,583.6920000000001,5.8624200000000055,1.0,4.0
CHEMBL5758769,active,8.494850021680094,CC(=O)Nc1ccc(OC(=O)N2CCc3cc(-c4cc(C(=O)N(C)c5ccc(O)cc5)c5n4CCCC5)c(C(=O)N4Cc5ccccc5C[C@H]4C)cc3C2)cc1,751.8839999999999,7.576100000000008,2.0,6.0
CHEMBL5753100,active,6.686132779630847,CC(=O)Oc1ccc(N(C(=O)c2cn(-c3cc4c(cc3C(=O)N3Cc5ccccc5C[C@H]3CN3CCN(C)CC3)OCO4)c3ccccc23)c2ccc(C)cc2)cc1,775.9060000000002,7.3859200000000085,0.0,8.0
CHEMBL379173,inactive,4.301029995663981,CC(C)(C)C[C@H]1N[C@@H](C(=O)NCCN2CCOCC2)[C@H](c2cccc(Cl)c2F)[C@@]12C(=O)Nc1cc(Cl)ccc12,577.5280000000001,4.3312000000000035,3.0,5.0
CHEMBL5965696,active,7.0,CC(C)(C)OC(=O)N1CCC(c2ccccc2C2CCCN2c2ccc(-c3ccc(C(=O)NS(=O)(=O)c4ccc(NCC5CCOCC5)c([N+](=O)[O-])c4)c(Oc4cnc5[nH]ccc5c4)c3)cc2)CC1,956.1349999999996,10.343599999999997,3.0,12.0
CHEMBL5188416,active,6.581698708680254,CC(C)(C)OC(=O)Nc1ccc(C2=NN(C(=O)c3ccc(Br)cc3)C(c3ccccc3)C2)cc1,520.4270000000001,6.787600000000006,1.0,4.0
CHEMBL5170955,active,6.510041520575165,CC(C)(C)OC(=O)Nc1ccc(C2=NN(C(=O)c3ccc(Br)cc3)C(c3ccccc3)C2)cn1,521.4150000000001,6.182600000000005,1.0,5.0
CHEMBL5205655,active,6.429457060118103,CC(C)(C)OC(=O)Nc1ccc(C2=NN(C(=O)c3ccc(Br)cc3)C(c3ccccc3)C2)nc1,521.4150000000002,6.182600000000005,1.0,5.0
CHEMBL5193713,active,6.764471553092451,CC(C)(C)OC(=O)Nc1ccc(C2=NN(C(=O)c3ccc(Br)cc3)C(c3ccccc3)C2c2ccccc2)cc1,596.5250000000002,8.181300000000006,1.0,4.0
CHEMBL5196601,active,6.187086643357144,CC(C)(C)OC(=O)Nc1ccc(C2=NN(C(=O)c3ccc(Br)cc3)C(c3ccccn3)C2)cc1,521.4150000000002,6.182600000000005,1.0,5.0
CHEMBL5179160,active,6.357535479757878,CC(C)(C)OC(=O)Nc1ccc(C2=NN(C(=O)c3ccc([N+](=O)[O-])cc3)C(c3ccccc3)C2)cc1,486.5280000000002,5.933300000000005,1.0,6.0
CHEMBL5180902,inactive,4.838631997765025,CC(C)(C)OC(=O)Nc1ccc(C2=NN(C(=O)c3cccnc3)C(c3ccccc3)C2)cc1,442.5190000000001,5.420100000000005,1.0,5.0
CHEMBL5188723,inactive,4.956244873031321,CC(C)(C)OC(=O)Nc1cccc(C2=NN(C(=O)c3ccc(Br)cc3)C(c3ccccc3)C2)c1,520.4270000000001,6.787600000000006,1.0,4.0
CHEMBL5859755,active,7.366531544420414,CC(C)(C)OC(=O)c1ccc(-c2ccc(N3CCCC3c3ccccc3)cc2)cc1Oc1cnc2[nH]ccc2c1,531.6560000000002,8.319000000000004,1.0,5.0
CHEMBL6025905,active,7.267606240177032,CC(C)(C)OC(=O)c1ccc(-c2ccc(N3CCCC3c3ccccc3)nc2)cc1Oc1cnc2[nH]ccc2c1,532.6440000000001,7.714000000000007,1.0,6.0
CHEMBL6010922,active,7.522878745280337,CC(C)(C)OC(=O)c1cccc(CN(C(=O)c2cc(-c3cc4c(cc3C(=O)N3Cc5ccccc5C[C@H]3CN3CCOCC3)OCO4)n3c2CCCC3)c2ccc(O)cc2)c1,824.9749999999997,7.627300000000011,1.0,9.0
CHEMBL3703623,active,8.397940008672037,CC(C)(C)OP(=O)(O)OCO[C@@H](c1ccccc1-c1ccc(Cl)cc1)C1CCN(c2ccc(C(=O)NS(=O)(=O)c3ccc(N[C@H](CCN4CCOCC4)CSc4ccccc4)c(S(=O)(=O)C(F)(F)F)c3)cc2)CC1,1123.672,10.578199999999994,3.0,14.0
CHEMBL5753141,active,6.071092309756048,CC(C)(C)[Si](C)(C)OC1CCC(COc2ccc(S(=O)(=O)NC(=O)c3ccc(C4=CCC(N5CCC[C@@H]5c5ccccc5C5CC5)CC4)cc3Oc3cnc4[nH]ccc4c3)cc2[N+](=O)[O-])CC1,946.2559999999995,11.991899999999987,2.0,10.0
CHEMBL5960804,active,6.0,CC(C)(C)[Si](C)(C)OC1CCC(COc2ccc(S(=O)(=O)NC(=O)c3ccc(C4=CCC(N5CCC[C@H]5c5ccccc5C5CC5)CC4)cc3Oc3cnc4[nH]ccc4c3)cc2[N+](=O)[O-])CC1,946.2559999999995,11.991899999999987,2.0,10.0
CHEMBL5517916,active,7.700057099977233,CC(C)(C)c1ccccc1C1CCCN1c1ccc(-c2ccc(C(=O)NS(=O)(=O)c3ccc(NCC4CCOCC4)c([N+](=O)[O-])c3)c(Oc3cnc4[nH]ccc4c3)c2)cc1,828.9919999999997,9.5266,3.0,10.0
CHEMBL5775670,active,8.920818753952375,CC(C)(N)C(=O)N1CCC(c2ccccc2[C@H]2CCCN2c2ccc(-c3ccc(C(=O)NS(=O)(=O)c4ccc(NC[C@H]5CC[C@](C)(O)CC5)c([N+](=O)[O-])c4)c(Oc4cnc5[nH]ccc5c4)c3)cc2)CC1,969.1779999999997,9.187000000000003,5.0,12.0
CHEMBL6034288,active,7.0,CC(C)(c1ccc(-c2ccc(C(=O)NS(=O)(=O)c3ccc(NCC4CCOCC4)c([N+](=O)[O-])c3)c(Oc3cnc4[nH]ccc4c3)c2)cc1)N1CCCC1c1ccccc1C1CC1,855.0299999999997,9.837199999999998,3.0,10.0
CHEMBL6006703,active,7.443697499232712,CC(C)(c1ccccc1C1CC1)C1CCCN1c1ccc(-c2ccc(C(=O)NS(=O)(=O)c3ccc(NCC4CCOCC4)c([N+](=O)[O-])c3)c(Oc3cnc4[nH]ccc4c3)c2)cc1,855.0299999999996,9.711599999999999,3.0,10.0
CHEMBL555017,active,6.85078088734462,CC(C)=CCC[C@]1(C)C=Cc2c(O)c3c(c(CC=C(C)C)c2O1)O[C@]12C(=C[C@@H]4C[C@H]1C(C)(C)O[C@@]2(C/C=C(/C)C(=O)O)C4=O)C3=O,628.7620000000004,7.239300000000007,2.0,7.0
CHEMBL5779029,active,7.2441251443275085,CC(C)=Cc1ccccc1C1CCCN1C1CC=C(c2ccc(C(=O)NS(=O)(=O)c3ccc(NCC4CCOCC4)c([N+](=O)[O-])c3)c(Oc3cnc4[nH]ccc4c3)c2)CC1,831.0079999999996,9.4168,3.0,10.0
CHEMBL4847514,active,8.619788758288394,CC(C)C(=O)N1CCC(CNc2ccc(S(=O)(=O)NC(=O)c3ccc(N4CCN(CC5=C(c6ccc(C(F)(F)F)cc6)CC(C)(C)CC5)CC4)cc3Oc3cnc4[nH]ccc4c3)cc2[N+](=O)[O-])CC1,971.1159999999998,9.493300000000001,3.0,11.0
CHEMBL5906194,active,7.266802734893431,CC(C)CC1Oc2cc(C(=O)N3Cc4ccccc4C[C@H]3CN)c(-n3cc(C(=O)N(c4ccccc4)c4ccc(O)cc4)c4ccccc43)cc2O1,692.8160000000003,7.983800000000009,2.0,6.0
CHEMBL5201326,active,6.785156151952302,CC(C)COC(=O)Nc1ccc(C2=NN(C(=O)c3ccc(Br)cc3)C(c3ccccc3)C2)cc1,520.4270000000001,6.6451000000000064,1.0,4.0
CHEMBL5857178,active,7.309803919971486,CC(C)Cc1ccccc1C1CCCN1C1CC=C(c2ccc(C(=O)NS(=O)(=O)c3ccc(NCC4CCOCC4)c([N+](=O)[O-])c3)c(Oc3cnc4[nH]ccc4c3)c2)CC1,833.0239999999997,9.192100000000003,3.0,10.0
CHEMBL5568440,active,8.795880017344075,CC(C)Cc1ccccc1[C@@H]1CCCN1C1CC2(CCN(c3ccc(C(=O)NS(=O)(=O)c4ccc(NCC5CCOCC5)c([N+](=O)[O-])c4)c(Oc4cnc5[nH]ccc5c4)c3)CC2)C1,876.0929999999995,9.005200000000002,3.0,11.0
CHEMBL6016510,active,10.602059991327963,CC(C)N1CCN(C2CC3(CCN(c4ccc(C(=O)NS(=O)(=O)c5ccc(NCC6CCOCC6)c([N+](=O)[O-])c5)c(Oc5cnc6[nH]ccc6c5)c4)CC3)C2)C(c2ccccc2C2CC2)C1,917.1459999999997,8.614300000000007,3.0,12.0
CHEMBL3936554,active,7.508638306165727,CC(C)N1CCc2cc(N(C(=O)c3cc(-c4cc5c(cc4C(=O)N4Cc6ccccc6C[C@H]4CN4CCOCC4)OCO5)n4ccccc34)c3ccc(O)cc3)ccc21,789.9330000000001,7.689300000000009,1.0,8.0
CHEMBL5203263,active,6.455931955649724,CC(C)NC(=O)Nc1ccc(C2=NN(C(=O)c3ccc(Br)cc3)C(c3ccccc3)C2)cc1,505.4160000000001,5.970500000000005,2.0,3.0
CHEMBL2312478,inactive,5.0,CC(C)NC1=C2C(=NC1=O)c1cccc3c(N4CCSCC4)ccc2c13,363.4860000000001,3.445000000000002,1.0,4.0
CHEMBL5202594,active,6.353890478021152,CC(C)OC(=O)Nc1ccc(C2=NN(C(=O)c3ccc(Br)cc3)C(c3ccccc3)C2)cc1,506.40000000000015,6.397500000000005,1.0,4.0
CHEMBL5183315,active,7.0996328713435295,CC(C)OC(=O)Nc1ccc(C2=NN(C(=O)c3ccc(Br)cc3)C(c3ccccc3)C2C)cn1,521.4150000000001,6.038500000000005,1.0,5.0
CHEMBL5197785,active,6.958607314841775,CC(C)OC(=O)c1ccc(C2=NN(C(=O)c3ccc(Br)cc3)C(c3ccccc3)C2)cc1,491.3850000000001,6.005800000000005,0.0,4.0
CHEMBL6007921,active,6.121478204498794,CC(C)Oc1ccc(Br)cc1C1CCCN1C1CC=C(c2ccc(C(=O)NS(=O)(=O)c3ccc(NCC4CCOCC4)c([N+](=O)[O-])c3)c(Oc3cnc4[nH]ccc4c3)c2)CC1,913.8919999999996,9.5433,3.0,11.0
CHEMBL6059936,active,7.920818753952375,CC(C)Oc1ccccc1C1CCCN1C1CC=C(c2ccc(C(=O)NS(=O)(=O)c3ccc(NCC4CCOCC4)c([N+](=O)[O-])c3)c(Oc3cnc4[nH]ccc4c3)c2)CC1,834.9959999999996,8.780800000000003,3.0,11.0
CHEMBL5562626,active,10.119186407719209,CC(C)Oc1ccccc1[C@@H]1CCCN1C1CC2(CCN(c3ccc(C(=O)NS(=O)(=O)c4ccc(NCC5CCOCC5)c([N+](=O)[O-])c4)c(Oc4cnc5[nH]ccc5c4)c3)CC2)C1,878.0649999999995,8.593900000000005,3.0,12.0
CHEMBL220055,inactive,4.4179366370882915,CC(C)c1cc(C(=O)N2CCc3ccccc3C2)c(O)c(O)c1O,327.38,3.1253000000000033,3.0,4.0
CHEMBL214839,inactive,4.274905478918531,CC(C)c1cc(C(=O)Nc2ccccc2)c(O)c(O)c1O,287.315,3.1791000000000023,4.0,4.0
CHEMBL269836,inactive,4.380906669373257,CC(C)c1cc(C(=O)c2ccccc2)c(O)c(O)c1O,272.3,3.157800000000002,3.0,4.0
CHEMBL5826882,active,6.528708288941061,CC(C)c1ccc(N(C(=O)c2cn(-c3cc4c(cc3C(=O)N3Cc5ccccc5C[C@H]3CN3CCN(C)CC3)OCO4)c3ccccc23)c2ccc(O)c(Cl)c2)cc1,796.3680000000003,8.634600000000006,1.0,7.0
CHEMBL1672071,active,6.131355561605174,CC(C)c1ccc(Oc2ccc3c4c(cccc24)C2=NC(=O)C(C#N)=C23)cc1,364.4040000000001,5.375580000000006,0.0,3.0
CHEMBL2312476,active,7.376750709602099,CC(C)c1ccc(Oc2ccc3c4c(cccc24)C2=NC(=O)C(NCCCc4ccccc4)=C23)cc1,472.58800000000025,7.031900000000008,1.0,3.0
CHEMBL6011371,active,7.958607314841775,CC(C)c1cccc(C2CCCN2C2CC=C(c3ccc(C(=O)NS(=O)(=O)c4ccc(NCC5CCOCC5)c([N+](=O)[O-])c4)c(Oc4cnc5[nH]ccc5c4)c3)CC2)c1,818.9969999999997,9.117,3.0,10.0
CHEMBL6040153,active,7.568636235841013,CC(C)c1ccccc1C1CCCCN1c1ccc(-c2ccc(C(=O)NS(=O)(=O)c3ccc(NCC4CCOCC4)c([N+](=O)[O-])c3)c(Oc3cnc4[nH]ccc4c3)c2)cc1,828.9919999999997,9.7426,3.0,10.0
CHEMBL6016863,active,7.6777807052660805,CC(C)c1ccccc1C1CCCN1C1CC=C(c2ccc(C(=O)NS(=O)(=O)c3ccc(NCC4CCOCC4)c([N+](=O)[O-])c3)c(Oc3cnc4[nH]ccc4c3)c2)CC1,818.9969999999997,9.117000000000003,3.0,10.0
CHEMBL5881653,active,7.920818753952375,CC(C)c1ccccc1C1CCCN1C1CCC(c2ccc(C(=O)NS(=O)(=O)c3ccc(NCC4CCOCC4)c([N+](=O)[O-])c3)c(Oc3cnc4[nH]ccc4c3)c2)CC1,821.0129999999997,9.207300000000002,3.0,10.0
CHEMBL5557735,active,8.318758762624412,CC(C)c1ccccc1C1CCCN1c1ccc(-c2ccc(C(=O)NS(=O)(=O)c3ccc(NCC4CCOCC4)c([N+](=O)[O-])c3)c(Oc3cnc4[nH]ccc4c3)c2)cc1,814.9649999999998,9.352500000000001,3.0,10.0
CHEMBL5924691,active,7.292429823902063,CC(C)c1ccccc1C1CCCN1c1ccc(-c2ccc(C(=O)NS(=O)(=O)c3ccc(OCC4(F)CCN(C5COC5)CC4)c([N+](=O)[O-])c3)c(Oc3cnc4[nH]ccc4c3)c2)cc1,889.0189999999996,9.095700000000003,2.0,11.0
CHEMBL6031098,active,7.823908740944319,CC(C)c1ccccc1CC1CCCN1C1CC=C(c2ccc(C(=O)NS(=O)(=O)c3ccc(NCC4CCOCC4)c([N+](=O)[O-])c3)c(Oc3cnc4[nH]ccc4c3)c2)CC1,833.0239999999995,8.987000000000004,3.0,10.0
CHEMBL217354,active,6.346787486224656,CC(C)c1ccccc1Cc1cc(C(=O)Nc2ccc(S(=O)(=O)c3ccccc3C(C)(C)C)cc2)c(O)c(O)c1O,573.7110000000004,6.900200000000008,4.0,6.0
CHEMBL5766828,active,10.4089353929735,CC(C)c1ccccc1[C@@H]1CCCN1C1CC2(C1)CN(c1ccc(C(=O)NS(=O)(=O)c3ccc(NC[C@H]4CC[C@](C)(O)CC4)c([N+](=O)[O-])c3)c(Oc3cnc4[nH]ccc4c3)c1)C2,862.0659999999996,8.664500000000006,4.0,11.0
CHEMBL5921495,active,10.259637310505756,CC(C)c1ccccc1[C@@H]1CCCN1C1CC2(C1)CN(c1ccc(C(=O)NS(=O)(=O)c3ccc(NC[C@H]4COCCO4)c([N+](=O)[O-])c3)c(Oc3cnc4[nH]ccc4c3)c1)C2,835.9839999999997,7.138700000000006,3.0,12.0
CHEMBL5568435,active,9.064492734175287,CC(C)c1ccccc1[C@@H]1CCCN1C1CC2(CCN(c3ccc(C(=O)NS(=O)(=O)c4cc5c(c([N+](=O)[O-])c4)NC(C4CCOCC4)CO5)c(Oc4cnc5[nH]ccc5c4)c3)CC2)C1,890.0759999999995,8.691100000000004,3.0,12.0
CHEMBL5558905,active,8.915602480858851,CC(C)c1ccccc1[C@@H]1CCCN1C1CC2(CCN(c3ccc(C(=O)NS(=O)(=O)c4cc5c(c([N+](=O)[O-])c4)NC(CN4CCOCC4)C5)c(Oc4cnc5[nH]ccc5c4)c3)CC2)C1,889.0919999999993,7.760400000000008,3.0,12.0
CHEMBL5532549,active,9.452225294612177,CC(C)c1ccccc1[C@@H]1CCCN1C1CC2(CCN(c3ccc(C(=O)NS(=O)(=O)c4cc5c(c([N+](=O)[O-])c4)N[C@H](C4CCC(C)(O)CC4)CO5)c(Oc4cnc5[nH]ccc5c4)c3)CC2)C1,918.1299999999994,9.205700000000002,4.0,12.0
CHEMBL5775285,active,10.2839966563652,CC(C)c1ccccc1[C@@H]1CCCN1C1CC2(CCN(c3ccc(C(=O)NS(=O)(=O)c4ccc(NCC5(F)CCOCC5)c([N+](=O)[O-])c4)c(Oc4cnc5[nH]ccc5c4)c3)CC2)C1,880.0559999999995,9.022200000000002,3.0,11.0
CHEMBL5523428,active,10.619788758288394,CC(C)c1ccccc1[C@@H]1CCCN1C1CC2(CCN(c3ccc(C(=O)NS(=O)(=O)c4ccc(NCC5C6COCC56)c([N+](=O)[O-])c4)c(Oc4cnc5[nH]ccc5c4)c3)CC2)C1,860.0499999999996,8.395900000000005,3.0,11.0
CHEMBL5562694,active,8.72792621249999,CC(C)c1ccccc1[C@@H]1CCCN1C1CC2(CCN(c3ccc(C(=O)NS(=O)(=O)c4ccc(NCC5CC6COCC6C5)c([N+](=O)[O-])c4)c(Oc4cnc5[nH]ccc5c4)c3)CC2)C1,888.1039999999995,9.176100000000002,3.0,11.0
CHEMBL5559861,active,8.881074247174224,CC(C)c1ccccc1[C@@H]1CCCN1C1CC2(CCN(c3ccc(C(=O)NS(=O)(=O)c4ccc(NCC5CCC(F)(F)CC5)c([N+](=O)[O-])c4)c(Oc4cnc5[nH]ccc5c4)c3)CC2)C1,896.0739999999995,10.328999999999995,3.0,10.0
CHEMBL5567889,active,9.086186147616283,CC(C)c1ccccc1[C@@H]1CCCN1C1CC2(CCN(c3ccc(C(=O)NS(=O)(=O)c4ccc(NCC5CCN(C)CC5)c([N+](=O)[O-])c4)c(Oc4cnc5[nH]ccc5c4)c3)CC2)C1,875.1089999999994,8.845300000000003,3.0,11.0
CHEMBL5560614,active,10.443697499232712,CC(C)c1ccccc1[C@@H]1CCCN1C1CC2(CCN(c3ccc(C(=O)NS(=O)(=O)c4ccc(NCC5CCOCC5)c([N+](=O)[O-])c4)c(Oc4cnc5[nH]ccc5c4)c3)CC2)C1,862.0659999999995,8.930100000000003,3.0,11.0
CHEMBL5556406,active,10.42021640338319,CC(C)c1ccccc1[C@@H]1CCCN1C1CC2(CCN(c3ccc(C(=O)NS(=O)(=O)c4ccc(NC[C@@H]5COCCO5)c([N+](=O)[O-])c4)c(Oc4cnc5[nH]ccc5c4)c3)CC2)C1,864.0379999999996,7.918900000000008,3.0,12.0
CHEMBL5560668,active,10.130768280269024,CC(C)c1ccccc1[C@@H]1CCCN1C1CC2(CCN(c3ccc(C(=O)NS(=O)(=O)c4ccc(NC[C@H]5CC[C@@](C)(O)CC5)c([N+](=O)[O-])c4)c(Oc4cnc5[nH]ccc5c4)c3)CC2)C1,890.1199999999994,9.444700000000001,4.0,11.0
CHEMBL5847503,active,10.200659450546418,CC(C)c1ccccc1[C@@H]1CCCN1C1CC2(CCN(c3ccc(C(=O)NS(=O)(=O)c4ccc(NC[C@H]5CC[C@@](O)(C(F)(F)F)CC5)c([N+](=O)[O-])c4)c(Oc4cnc5[nH]ccc5c4)c3)CC2)C1,944.0899999999996,9.987099999999998,4.0,11.0
CHEMBL5314951,active,9.745935547085661,CC(C)c1ccccc1[C@@H]1CCCN1C1CC2(CCN(c3ccc(C(=O)NS(=O)(=O)c4ccc(NC[C@H]5CC[C@](C)(O)CC5)c([N+](=O)[O-])c4)c(Oc4cnc5[nH]ccc5c4)c3)CC2)C1,890.1199999999994,9.444700000000001,4.0,11.0
CHEMBL5567138,active,10.318758762624412,CC(C)c1ccccc1[C@@H]1CCCN1C1CC2(CCN(c3ccc(C(=O)NS(=O)(=O)c4ccc(NC[C@H]5COCCO5)c([N+](=O)[O-])c4)c(Oc4cnc5[nH]ccc5c4)c3)CC2)C1,864.0379999999996,7.918900000000008,3.0,12.0
CHEMBL6055951,active,7.229147988357855,CC(C)c1ccccc1[C@@H]1CCCN1c1ccc(-c2ccc(C(=O)NS(=O)(=O)c3ccc(NCC4(F)CCOCC4)c([N+](=O)[O-])c3)c(Oc3cnc4[nH]ccc4c3)c2)cc1,832.9549999999997,9.4446,3.0,10.0
CHEMBL6056722,active,7.008773924307505,CC(C)c1ccccc1[C@@H]1CCN(C2CC=C(c3ccc(C(=O)NS(=O)(=O)c4ccc(NCC5CCOCC5)c([N+](=O)[O-])c4)c(Oc4cnc5[nH]ccc5c4)c3)CC2)C1,818.9969999999997,8.769400000000003,3.0,10.0
CHEMBL6014576,active,9.769551078621726,CC(C)c1ccccc1[C@@H]1CN(C)CCN1C1CC2(CCN(c3ccc(C(=O)NS(=O)(=O)c4ccc(NC[C@H]5CC[C@](C)(O)CC5)c([N+](=O)[O-])c4)c(Oc4cnc5[nH]ccc5c4)c3)CC2)C1,919.1619999999995,8.596300000000006,4.0,12.0
CHEMBL5868656,active,8.67778070526608,CC(C)c1ccccc1[C@H]1CCCN1C1CC2(CCN(c3ccc(C(=O)NS(=O)(=O)c4ccc(NC[C@H]5CC[C@@](C)(O)CC5)c([N+](=O)[O-])c4)c(Oc4cnc5[nH]ccc5c4)c3)CC2)C1,890.1199999999994,9.444700000000001,4.0,11.0
CHEMBL5887445,active,10.008773924307505,CC(C)c1ccccc1[C@H]1CCCN1C1CC2(CCN(c3ccc(C(=O)NS(=O)(=O)c4ccc(NC[C@H]5CC[C@@](O)(C(F)(F)F)CC5)c([N+](=O)[O-])c4)c(Oc4cnc5[nH]ccc5c4)c3)CC2)C1,944.0899999999996,9.987099999999998,4.0,11.0
CHEMBL5943655,active,9.130768280269024,CC(C)c1ccccc1[C@H]1CCCN1C1CC2(CCN(c3ccc(C(=O)NS(=O)(=O)c4ccc(NC[C@H]5CC[C@](C)(O)CC5)c([N+](=O)[O-])c4)c(Oc4cnc5[nH]ccc5c4)c3)CC2)C1,890.1199999999994,9.444700000000001,4.0,11.0
CHEMBL5912155,active,8.560667306169737,CC(C)c1ccccc1[C@H]1CCCN1c1ccc(-c2ccc(C(=O)NS(=O)(=O)c3ccc(NCC4(F)CCOCC4)c([N+](=O)[O-])c3)c(Oc3cnc4[nH]ccc4c3)c2)cc1,832.9549999999997,9.4446,3.0,10.0
CHEMBL5765058,active,8.709965388637482,CC(C)c1ccccc1[C@H]1CCCN1c1ccc(-c2ccc(C(=O)NS(=O)(=O)c3ccc(NC[C@H]4CC[C@](C)(O)CC4)c([N+](=O)[O-])c3)c(Oc3cnc4[nH]ccc4c3)c2)cc1,843.0189999999998,9.867099999999997,4.0,10.0
CHEMBL5796449,active,7.214670164989233,CC(C)c1ccccc1[C@H]1CCN(C2CC=C(c3ccc(C(=O)NS(=O)(=O)c4ccc(NCC5CCOCC5)c([N+](=O)[O-])c4)c(Oc4cnc5[nH]ccc5c4)c3)CC2)C1,818.9969999999997,8.769400000000003,3.0,10.0
CHEMBL5764611,active,10.823908740944319,CC(C)c1ccccc1[C@H]1CN(C)CCN1C1CC2(CCN(c3ccc(C(=O)NS(=O)(=O)c4ccc(NC[C@H]5CC[C@](C)(O)CC5)c([N+](=O)[O-])c4)c(Oc4cnc5[nH]ccc5c4)c3)CC2)C1,919.1619999999995,8.596300000000006,4.0,12.0
CHEMBL5888847,active,8.42021640338319,CC(C)c1nc2cc(S(=O)(=O)NC(=O)c3ccc(N4CCN(CC5=C(c6ccc(Cl)cc6)CC6(CCC6)CC5)CC4)cc3Oc3cnc4[nH]ccc4c3)cc([N+](=O)[O-])c2[nH]1,849.4139999999998,8.965200000000006,3.0,10.0
CHEMBL3982905,active,7.657577319177793,CC(C)n1ccc2cc(N(C(=O)c3cc(-c4cc5c(cc4C(=O)N4Cc6ccccc6C[C@H]4CN4CCOCC4)OCO5)n4ccccc34)c3ccc(O)cc3)ccc21,787.9170000000001,8.454000000000006,1.0,7.0
CHEMBL5895531,active,8.161150909262744,CC(C)n1ccc2cc(N(C(=O)c3cn(-c4cc5c(cc4C(=O)N4Cc6ccccc6C[C@H]4CN4CCN(C)CC4)OCO5)c4ccccc34)c3ccc(O)cc3)ccc21,800.9600000000002,8.393400000000007,1.0,7.0
CHEMBL5954684,active,7.721246399047171,CC(Cc1ccc(Cl)cc1)C(=O)N1Cc2cc(C(=O)N3Cc4ccccc4C[C@H]3C)c(-c3cc(C(=O)N(C)c4ccc(O)cc4)c4n3CCCC4)cc2C1,741.3319999999999,8.435000000000006,1.0,4.0
CHEMBL5806867,active,7.886056647693163,CC(Cc1ccccc1)C(=O)N1Cc2cc(C(=O)N3Cc4ccccc4C[C@H]3C)c(-c3cc(C(=O)N(C)c4ccc(O)cc4)c4n3CCCC4)cc2C1,706.887,7.78160000000001,1.0,4.0
CHEMBL5748367,active,7.346787486224656,CC(F)(F)c1ccccc1C1CCCN1C1CC=C(c2ccc(C(=O)NS(=O)(=O)c3ccc(NCC4CCOCC4)c([N+](=O)[O-])c3)c(Oc3cnc4[nH]ccc4c3)c2)CC1,840.9499999999997,9.105300000000003,3.0,10.0
CHEMBL3701383,active,7.686132779630847,CC(Nc1ncnc(N)c1C#N)c1cc(Cl)c2ccnnc2c1-c1cccc(F)c1,419.8510000000001,4.506280000000002,2.0,7.0
CHEMBL4866646,active,8.036212172654444,CC(Oc1ccc(S(=O)(=O)NC(=O)c2ccc(N3CCN(CC4=C(c5ccc(C(F)(F)F)cc5)CC(C)(C)CC4)CC3)cc2Oc2cnc3[nH]ccc3c2)cc1[N+](=O)[O-])C1CCOCC1,917.0199999999995,9.380700000000001,2.0,11.0
CHEMBL5769676,active,7.0,CC(c1ccc(-c2ccc(C(=O)NS(=O)(=O)c3ccc(NCC4CCOCC4)c([N+](=O)[O-])c3)c(Oc3cnc4[nH]ccc4c3)c2)cc1)N1CCCC1c1ccccc1C1CC1,841.0029999999999,9.663099999999998,3.0,10.0
CHEMBL2326747,active,7.455931955649724,CC(c1ccccc1-c1ccc(Cl)cc1)N1CCC(N2CCc3c(ncnc3NS(=O)(=O)c3ccc(N[C@H](CCN(C)C)CSc4ccccc4)c(S(=O)(=O)C(F)(F)F)c3)C2)CC1,942.5959999999999,8.999500000000003,2.0,11.0
CHEMBL5805896,active,6.91721462968355,CC/C=C/c1ccccc1C1CCCN1C1CC=C(c2ccc(C(=O)NS(=O)(=O)c3ccc(NCC4CCOCC4)c([N+](=O)[O-])c3)c(Oc3cnc4[nH]ccc4c3)c2)CC1,831.0079999999996,9.4168,3.0,10.0
CHEMBL5783645,active,10.036212172654444,CC1(C)CC(CNc2ccc(S(=O)(=O)NC(=O)c3ccc(N4CCC5(CC4)CC(N4CCC[C@H]4c4ccccc4C4CC4)C5)cc3Oc3cnc4[nH]ccc4c3)cc2[N+](=O)[O-])CC(C)(C)O1,916.1579999999999,10.241299999999997,3.0,11.0
CHEMBL5788757,active,10.075720713938118,CC1(C)CC(CNc2ccc(S(=O)(=O)NC(=O)c3ccc(N4CCC5(CC4)CC(N4CCC[C@H]4c4ccccc4C4CC4)C5)cc3Oc3cnc4[nH]ccc4c3)cc2[N+](=O)[O-])CCO1,888.1039999999999,9.462700000000002,3.0,11.0
CHEMBL5910978,active,6.645891560852599,CC1(C)CC(c2ccccc2)N(C2CC=C(c3ccc(C(=O)NS(=O)(=O)c4ccc(NCC5CCOCC5)c([N+](=O)[O-])c4)c(Oc4cnc5[nH]ccc5c4)c3)CC2)C1,804.9699999999998,8.629700000000003,3.0,10.0
CHEMBL6045461,active,7.1487416512809245,CC1(C)CC(c2ccccc2)N(c2ccc(-c3ccc(C(=O)NS(=O)(=O)c4ccc(NCC5CCOCC5)c([N+](=O)[O-])c4)c(Oc4cnc5[nH]ccc5c4)c3)cc2)C1=O,814.921,8.391800000000005,3.0,10.0
CHEMBL5862801,active,9.086186147616283,CC1(C)CC(c2ccccc2C2CC2)N(C2CC3(CCN(c4ccc(C(=O)NS(=O)(=O)c5ccc(NCC6CCOCC6)c([N+](=O)[O-])c5)c(Oc5cnc6[nH]ccc6c5)c4)CC3)C2)C1,888.1039999999994,9.3202,3.0,11.0
CHEMBL5805527,active,8.0,CC1(C)CCC(C23CC(C)(C2)C3)=C(CN2CCN(c3ccc(C(=O)NS(=O)(=O)c4ccc(N[C@H](CCN5CCC(O)CC5)CSc5ccccc5)c(S(=O)(=O)C(F)(F)F)c4)cc3)CC2)C1,958.2479999999998,8.337300000000008,3.0,11.0
CHEMBL6057868,active,8.0,CC1(C)CCC(C23CC(Cl)(C2)C3)=C(CN2CCN(c3ccc(C(=O)NS(=O)(=O)c4ccc(N[C@H](CCN5CCC(O)CC5)CSc5ccccc5)c(S(=O)(=O)C(F)(F)F)c4)cc3)CC2)C1,978.6659999999996,8.308600000000009,3.0,11.0
CHEMBL5560115,active,7.346787486224656,CC1(C)CCC(CN2CCCn3nc(-c4ccc(C(=O)NS(=O)(=O)c5ccc(NCC6CCOCC6)c([N+](=O)[O-])c5)c(Oc5cnc6[nH]ccc6c5)c4)cc32)=C(c2ccc(Cl)cc2)C1,905.478,9.6115,3.0,11.0
CHEMBL5803887,active,8.0,CC1(C)CCC(CN2CCN(c3ccc(C(=O)NS(=O)(=O)c4ccc(N5CCOCC5)c([N+](=O)[O-])c4)c(-n4ncc5nc6[nH]ccc6cc54)c3)CC2)=C(c2ccc(Cl)cc2)C1,864.4289999999999,7.204600000000007,2.0,11.0
CHEMBL5821697,active,8.0,CC1(C)CCC(CN2CCN(c3ccc(C(=O)NS(=O)(=O)c4ccc(NC5CCN(C6CCOCC6)CC5)c([N+](=O)[O-])c4)c(-n4ncc5nc6[nH]ccc6cc54)c3)CC2)=C(c2ccc(Cl)cc2)C1,961.5899999999996,8.423300000000006,3.0,12.0
CHEMBL4860155,active,8.721246399047171,CC1(C)CCC(CN2CCN(c3ccc(C(=O)NS(=O)(=O)c4ccc(NC5CCOC5)c([N+](=O)[O-])c4)c(Oc4cnc5[nH]ccc5c4)c3)CC2)=C(c2ccc(C(F)(F)F)cc2)C1,873.955,8.387600000000006,3.0,11.0
CHEMBL5998648,active,8.0,CC1(C)CCC(CN2CCN(c3ccc(C(=O)NS(=O)(=O)c4ccc(NCC5(F)CCN(C6COC6)CC5)c([N+](=O)[O-])c4)c(-n4ncc5nc6[nH]ccc6cc54)c3)CC2)=C(c2ccc(Cl)cc2)C1,965.5529999999995,7.982800000000009,3.0,12.0
CHEMBL5771552,active,8.0,CC1(C)CCC(CN2CCN(c3ccc(C(=O)NS(=O)(=O)c4ccc(NCC5(F)CCOCC5)c([N+](=O)[O-])c4)c(-n4ncc5nc6[nH]ccc6cc54)c3)CC2)=C(c2ccc(Cl)cc2)C1,910.4729999999998,8.298600000000008,3.0,11.0
CHEMBL6014501,active,8.0,CC1(C)CCC(CN2CCN(c3ccc(C(=O)NS(=O)(=O)c4ccc(NCC5(F)CCOCC5)c([N+](=O)[O-])c4)c(Oc4cnc5[nH]ccc5c4)c3)CC2)=C(C23CC(C)(C2)C3)C1,856.0339999999998,8.131600000000008,3.0,11.0
CHEMBL4862150,active,8.327902142064282,CC1(C)CCC(CN2CCN(c3ccc(C(=O)NS(=O)(=O)c4ccc(NCC5CCOC5)c([N+](=O)[O-])c4)c(Oc4cnc5[nH]ccc5c4)c3)CC2)=C(c2ccc(C(F)(F)F)cc2)C1,887.9820000000001,8.635200000000005,3.0,11.0
CHEMBL5995608,active,8.0,CC1(C)CCC(CN2CCN(c3ccc(C(=O)NS(=O)(=O)c4ccc(NCC5CCOCC5)c([N+](=O)[O-])c4)c(-n4ncc5nc6[nH]ccc6cc54)c3)CC2)=C(c2ccc(Cl)cc2)C1,892.4829999999998,8.206500000000009,3.0,11.0
CHEMBL4867128,active,9.096910013008056,CC1(C)CCC(CN2CCN(c3ccc(C(=O)NS(=O)(=O)c4ccc(NCC5CCOCC5)c([N+](=O)[O-])c4)c(Oc4cnc5[nH]ccc5c4)c3)CC2)=C(c2ccc(C(F)(F)F)c(Cl)c2)C1,936.4540000000001,9.6787,3.0,11.0
CHEMBL4868427,active,8.823908740944319,CC1(C)CCC(CN2CCN(c3ccc(C(=O)NS(=O)(=O)c4ccc(NCC5CCOCC5)c([N+](=O)[O-])c4)c(Oc4cnc5[nH]ccc5c4)c3)CC2)=C(c2ccc(C(F)(F)F)cc2)C1,902.0090000000001,9.025300000000003,3.0,11.0
CHEMBL3137309,active,8.0,CC1(C)CCC(CN2CCN(c3ccc(C(=O)NS(=O)(=O)c4ccc(NCC5CCOCC5)c([N+](=O)[O-])c4)c(Oc4cnc5[nH]ccc5c4)c3)CC2)=C(c2ccc(Cl)cc2)C1,868.457,8.659900000000006,3.0,11.0
CHEMBL4863897,active,9.065501548756432,CC1(C)CCC(CN2CCN(c3ccc(C(=O)NS(=O)(=O)c4ccc(NCC5CCOCC5)c([N+](=O)[O-])c4)c(Oc4cnc5[nH]ccc5c4)c3)CC2)=C(c2ccc(Cl)cc2C(F)(F)F)C1,936.4540000000001,9.6787,3.0,11.0
CHEMBL4861424,active,8.769551078621726,CC1(C)CCC(CN2CCN(c3ccc(C(=O)NS(=O)(=O)c4ccc(NCC5CCOCC5)c([N+](=O)[O-])c4)c(Oc4cnc5[nH]ccc5c4)c3)CC2)=C(c2ccccc2C(F)(F)F)C1,902.0090000000001,9.025300000000003,3.0,11.0
CHEMBL4579774,active,6.638272163982407,CC1(C)CCC(CN2CCN(c3ccc(C(=O)NS(=O)(=O)c4ccc(NCCCCCC(=O)NO)c([N+](=O)[O-])c4)c(Oc4cnc5[nH]ccc5c4)c3)CC2)=C(c2ccc(Cl)cc2)C1,899.4709999999999,8.299100000000006,5.0,12.0
CHEMBL4469267,active,6.619788758288394,CC1(C)CCC(CN2CCN(c3ccc(C(=O)NS(=O)(=O)c4ccc(NCCCCCCC(=O)NO)c([N+](=O)[O-])c4)c(Oc4cnc5[nH]ccc5c4)c3)CC2)=C(c2ccc(Cl)cc2)C1,913.4979999999999,8.689200000000005,5.0,12.0
CHEMBL4592343,active,6.6020599913279625,CC1(C)CCC(CN2CCN(c3ccc(C(=O)NS(=O)(=O)c4ccc(NCCCCCCCC(=O)NO)c([N+](=O)[O-])c4)c(Oc4cnc5[nH]ccc5c4)c3)CC2)=C(c2ccc(Cl)cc2)C1,927.5250000000001,9.079300000000002,5.0,12.0
CHEMBL6023840,active,8.0,CC1(C)CCC(CN2CCN(c3ccc(C(=O)NS(=O)(=O)c4ccc(NCCCN5CCOCC5)c([N+](=O)[O-])c4)c(-n4ncc5nc6[nH]ccc6cc54)c3)CC2)=C(c2ccc(Cl)cc2)C1,921.5249999999999,7.502200000000008,3.0,12.0
CHEMBL5270107,active,7.698970004336019,CC1(C)CCC(CN2CCN(c3ccc(C(=O)NS(=O)(=O)c4ccc(NCCNC(=O)COc5cccc6c5C(=O)N(C5CCC(=O)NC5=O)C6=O)c([N+](=O)[O-])c4)c(Oc4cnc5[nH]ccc5c4)c3)CC2)=C(c2ccc(Cl)cc2)C1,1127.6339999999998,6.829700000000007,5.0,16.0
CHEMBL5276934,active,7.698970004336019,CC1(C)CCC(CN2CCN(c3ccc(C(=O)NS(=O)(=O)c4ccc(NCCOCCOCCNC(=O)CCNC(=O)COc5cccc6c5C(=O)N(C5CCC(=O)NC5=O)C6=O)c([N+](=O)[O-])c4)c(Oc4cnc5[nH]ccc5c4)c3)CC2)=C(c2ccc(Cl)cc2)C1,1286.819,6.369200000000012,6.0,19.0
CHEMBL5279723,active,7.698970004336019,CC1(C)CCC(CN2CCN(c3ccc(C(=O)NS(=O)(=O)c4ccc(NCCOCCOCCNC(=O)COc5cccc6c5C(=O)N(C5CCC(=O)NC5=O)C6=O)c([N+](=O)[O-])c4)c(Oc4cnc5[nH]ccc5c4)c3)CC2)=C(c2ccc(Cl)cc2)C1,1215.74,6.86290000000001,5.0,18.0
CHEMBL5742900,active,8.0,CC1(C)CCC(CN2CCN(c3ccc(C(=O)NS(=O)(=O)c4ccc(NC[C@@H]5CN(C6COC6)CCO5)c([N+](=O)[O-])c4)c(-n4ncc5nc6[nH]ccc6cc54)c3)CC2)=C(c2ccc(Cl)cc2)C1,949.5349999999997,6.879500000000008,3.0,13.0
CHEMBL5754780,active,8.0,CC1(C)CCC(CN2CCN(c3ccc(C(=O)NS(=O)(=O)c4ccc(NC[C@H]5CC[C@](C)(O)CC5)c([N+](=O)[O-])c4)c(Oc4cnc5[nH]ccc5c4)c3)CC2)=C(C23CC(C(F)F)(C2)C3)C1,902.0779999999999,8.799300000000006,4.0,11.0
CHEMBL5848802,active,8.0,CC1(C)CCC(CN2CCN(c3ccc(C(=O)NS(=O)(=O)c4ccc(NC[C@H]5CC[C@](C)(O)CC5)c([N+](=O)[O-])c4)c(Oc4cnc5[nH]ccc5c4)c3)CC2)=C(C23CC(C)(C2)C3)C1,866.0979999999997,8.554100000000007,4.0,11.0
CHEMBL6046089,active,8.0,CC1(C)CCC(CN2CCN(c3ccc(C(=O)NS(=O)(=O)c4ccc(N[C@H](CCN5CCC(O)CC5)CSc5ccccc5)c(S(=O)(=O)C(F)(F)F)c4)cc3)CC2)=C(C23CC(C(F)F)(C2)C3)C1,994.228,8.582500000000007,3.0,11.0
CHEMBL6017409,active,8.0,CC1(C)CCC(CN2CCN(c3ccc(C(=O)NS(=O)(=O)c4ccc(N[C@H](CCN5CCN(CCO)CC5)CSc5ccccc5)c(S(=O)(=O)C(F)(F)F)c4)cc3)CC2)=C(C23CC(C(F)F)(C2)C3)C1,1023.27,7.73570000000001,3.0,12.0
CHEMBL6041335,active,8.0,CC1(C)CCC(CN2CCN(c3ccc(C(=O)NS(=O)(=O)c4ccc(N[C@H](CCN5CCNCC5)CSc5ccccc5)c(S(=O)(=O)C(F)(F)F)c4)cc3)CC2)=C(C23CC(C(F)F)(C2)C3)C1,979.2170000000001,8.03100000000001,3.0,11.0
CHEMBL5873088,active,8.0,CC1(C)CCC(CN2CCN(c3ccc(C(=O)NS(=O)(=O)c4ccc(N[C@H](CCN5CCOCC5)CSc5ccccc5)c(S(=O)(=O)C(F)(F)F)c4)cc3)CC2)=C(C23CC(C(F)F)(C2)C3)C1,980.2010000000001,8.458000000000007,2.0,11.0
CHEMBL5886834,active,8.0,CC1(C)CCC(CN2CCN(c3ccc(C(=O)NS(=O)(=O)c4ccc(N[C@H](CCN5CCOCC5)CSc5ccccc5)c([N+](=O)[O-])c4)cc3)CC2)=C(C23CC(C(F)F)(C2)C3)C1,893.136,8.07270000000001,2.0,11.0
CHEMBL4878411,active,8.075720713938118,CC1(C)CCC(CN2CCN(c3ccc(C(=O)NS(=O)(=O)c4ccc(OC5CCOCC5)c([N+](=O)[O-])c4)c(Oc4cnc5[nH]ccc5c4)c3)CC2)=C(c2ccc(C(F)(F)F)cc2)C1,888.9660000000001,8.744600000000004,2.0,11.0
CHEMBL5814490,active,8.0,CC1(C)CCC(CN2CCN(c3ccc(C(=O)NS(=O)(=O)c4ccc(OCC5(F)CCN(C6COC6)CC5)c([N+](=O)[O-])c4)c(-n4ncc5nc6[nH]ccc6cc54)c3)CC2)=C(c2ccc(Cl)cc2)C1,966.5369999999996,7.949700000000009,2.0,12.0
CHEMBL4855736,active,8.522878745280337,CC1(C)CCC(CN2CCN(c3ccc(C(=O)NS(=O)(=O)c4ccc(OCC5CCCOC5)c([N+](=O)[O-])c4)c(Oc4cnc5[nH]ccc5c4)c3)CC2)=C(c2ccc(C(F)(F)F)cc2)C1,902.9930000000002,8.992200000000002,2.0,11.0
CHEMBL4855086,active,8.356547323513812,CC1(C)CCC(CN2CCN(c3ccc(C(=O)NS(=O)(=O)c4ccc(OCC5CCOC5)c([N+](=O)[O-])c4)c(Oc4cnc5[nH]ccc5c4)c3)CC2)=C(c2ccc(C(F)(F)F)cc2)C1,888.9660000000001,8.602100000000005,2.0,11.0
CHEMBL6023306,active,8.0,CC1(C)CCC(CN2CCN(c3ccc(C(=O)NS(=O)(=O)c4ccc(OCC5CCOCC5)c([N+](=O)[O-])c4)c(-n4ncc5nc6[nH]ccc6cc54)c3)CC2)=C(c2ccc(Cl)cc2)C1,893.4669999999999,8.173400000000008,2.0,11.0
CHEMBL4878326,active,9.0,CC1(C)CCC(CN2CCN(c3ccc(C(=O)NS(=O)(=O)c4ccc(OCC5CCOCC5)c([N+](=O)[O-])c4)c(Oc4cnc5[nH]ccc5c4)c3)CC2)=C(c2ccc(C(F)(F)F)cc2)C1,902.9930000000002,8.992200000000002,2.0,11.0
CHEMBL4858527,active,8.782516055786093,CC1(C)CCC(CN2CCN(c3ccc(C(=O)NS(=O)(=O)c4ccc(OCC5CCSCC5)c([N+](=O)[O-])c4)c(Oc4cnc5[nH]ccc5c4)c3)CC2)=C(c2ccc(C(F)(F)F)cc2)C1,919.0610000000001,9.708799999999998,2.0,11.0
CHEMBL5930645,active,8.0,CC1(C)CCC(CN2CCN(c3ccc(C(=O)NS(=O)(=O)c4ccc(SCC5CCOCC5)c([N+](=O)[O-])c4)c(-n4ncc5nc6[nH]ccc6cc54)c3)CC2)=C(c2ccc(Cl)cc2)C1,909.5349999999999,8.886700000000003,2.0,11.0
CHEMBL5775726,active,7.075720713938118,CC1(C)CCC(COC2CC3(C2)CN(c2ccc(C(=O)NS(=O)(=O)c4ccc(NCC5CCOCC5)c([N+](=O)[O-])c4)c(Oc4cnc5[nH]ccc5c4)c2)C3)=C(c2ccc(Cl)cc2)C1,895.4789999999998,9.5233,3.0,11.0
CHEMBL5839944,active,7.769551078621726,CC1(C)CCC(Cc2ccc(-c3ccc(C(=O)NS(=O)(=O)c4ccc(NCC5CCOCC5)c([N+](=O)[O-])c4)c(Oc4cnc5[nH]ccc5c4)c3)cc2)=C(c2ccc(Cl)cc2)C1,860.4330000000001,10.747399999999992,3.0,9.0
CHEMBL4206007,active,7.33161408331,CC1(C)CCC(c2ccc(Cl)cc2)=C(CN2CCN(c3ccc(C(=O)NS(=O)(=O)c4ccc(N5CC(F)(F)C5)c(S(=O)(=O)C(F)(F)F)c4)cc3)CC2)C1,801.3000000000002,6.993400000000009,1.0,8.0
CHEMBL4202464,active,7.458420756053419,CC1(C)CCC(c2ccc(Cl)cc2)=C(CN2CCN(c3ccc(C(=O)NS(=O)(=O)c4ccc(NC5(CN6CC(F)(F)C6)CC5)c(S(=O)(=O)C(F)(F)F)c4)cc3)CC2)C1,870.4069999999998,7.433500000000009,2.0,9.0
CHEMBL4209752,active,7.39040559077478,CC1(C)CCC(c2ccc(Cl)cc2)=C(CN2CCN(c3ccc(C(=O)NS(=O)(=O)c4ccc(NC5(CN6CCOCC6)CC5)c(S(=O)(=O)C(F)(F)F)c4)cc3)CC2)C1,864.4529999999996,6.814800000000008,2.0,10.0
CHEMBL4211198,active,7.761953896871204,CC1(C)CCC(c2ccc(Cl)cc2)=C(CN2CCN(c3ccc(C(=O)NS(=O)(=O)c4ccc(NCC5(CN6CC(F)(F)C6)COC5)c(S(=O)(=O)C(F)(F)F)c4)cc3)CC2)C1,900.4329999999998,6.917500000000008,2.0,10.0
CHEMBL4208633,active,7.166215625343521,CC1(C)CCC(c2ccc(Cl)cc2)=C(CN2CCN(c3ccc(C(=O)NS(=O)(=O)c4ccc(N[C@@H](CC5CC5)C(=O)N5CCOCC5)c(S(=O)(=O)C(F)(F)F)c4)cc3)CC2)C1,906.4899999999997,6.977500000000008,2.0,10.0
CHEMBL4206829,active,7.684029654543083,CC1(C)CCC(c2ccc(Cl)cc2)=C(CN2CCN(c3ccc(C(=O)NS(=O)(=O)c4ccc(N[C@@H](CC5CC5)CN5CCOCC5)c(S(=O)(=O)C(F)(F)F)c4)cc3)CC2)C1,892.5069999999996,7.450900000000009,2.0,10.0
CHEMBL6026786,active,8.0,CC1(C)CCC(c2ccc(Cl)cc2)=C(CN2CCN(c3ccc(C(=O)NS(=O)(=O)c4ccc(N[C@@H](CCN5CCOCC5)CSc5ccccc5)c(S(=O)(=O)C(F)(F)F)c4)cc3)CC2)C1,974.6339999999997,8.833200000000007,2.0,11.0
CHEMBL443684,active,7.993533957750768,CC1(C)CCC(c2ccc(Cl)cc2)=C(CN2CCN(c3ccc(C(=O)NS(=O)(=O)c4ccc(N[C@H](CCN5CCOCC5)CSc5ccccc5)c(S(=O)(=O)C(F)(F)F)c4)cc3)CC2)C1,974.6339999999997,8.833200000000007,2.0,11.0
CHEMBL5647478,active,7.761953896871204,CC1(C)CCC(c2ccc(Cl)cc2)=C(CN2CCN(c3ccc(C(=O)NS(=O)(=O)c4ccc(OCC5(CN6CC(F)(F)C6)COC5)c(S(=O)(=O)C(F)(F)F)c4)cc3)CC2)C1,901.4169999999998,6.884400000000008,1.0,10.0
CHEMBL4207006,active,7.838631997765025,CC1(C)CCC(c2ccc(Cl)cc2)=C(CN2CCN(c3ccc(C(=O)NS(=O)(=O)c4ccc(OCC5(CN6CCOCC6)COC5)c(S(=O)(=O)C(F)(F)F)c4)cc3)CC2)C1,895.4629999999996,6.265700000000008,1.0,11.0
CHEMBL4204650,active,6.305394801066432,CC1(C)CCC(c2ccc(Cl)cc2)=C(CN2CCN(c3ccc(C(=O)NS(C)(=O)=O)cc3)CC2)C1,516.1070000000002,4.815300000000005,1.0,5.0
CHEMBL1689146,active,7.075720713938118,CC1(C)CCC(c2ccc(Cl)cc2)=C(CN2CCN(c3ccc4c(NS(=O)(=O)c5ccc(N[C@H](CCN6CCOCC6)CSc6ccccc6)c(S(=O)(=O)C(F)(F)F)c5)ncnc4c3)CC2)C1,998.6599999999996,9.4585,2.0,12.0
CHEMBL1689144,active,7.6777807052660805,CC1(C)CCC(c2ccc(Cl)cc2)=C(CN2CCN(c3ccc4c(NS(=O)(=O)c5ccc(N[C@H](CCN6CCOCC6)CSc6ccccc6)c([N+](=O)[O-])c5)ncnc4c3)CC2)C1,911.5949999999995,9.073200000000003,2.0,12.0
CHEMBL4216466,active,7.8996294548824375,CC1(C)CCC(c2ccc(Cl)cc2)=C(CN2CCc3cc(C(=O)NS(=O)(=O)c4ccc(N[C@H](CCN5CCOCC5)CSc5ccccc5)c(S(=O)(=O)C(F)(F)F)c4)ccc3C2)C1,945.5919999999999,9.069300000000004,2.0,10.0
CHEMBL4215940,active,6.714442690992226,CC1(C)CCC(c2ccc(Cl)cc2)=C(CN2CCc3ccc(C(=O)NS(=O)(=O)c4ccc(N[C@H](CCN5CCOCC5)CSc5ccccc5)c(S(=O)(=O)C(F)(F)F)c4)cc3CC2)C1,959.6189999999997,9.111800000000002,2.0,10.0
CHEMBL4216380,active,7.419075024324381,CC1(C)CCC(c2ccc(Cl)cc2)=C(CN2CCc3nc(C(=O)NS(=O)(=O)c4ccc(N[C@H](CCN5CCOCC5)CSc5ccccc5)c(S(=O)(=O)C(F)(F)F)c4)sc3C2)C1,952.6089999999998,8.525800000000007,2.0,12.0
CHEMBL4211496,active,7.2373214362725635,CC1(C)CCC(c2ccc(Cl)cc2)=C(CN2CCc3sc(C(=O)NS(=O)(=O)c4ccc(N[C@H](CCN5CCOCC5)CSc5ccccc5)c(S(=O)(=O)C(F)(F)F)c4)cc3C2)C1,951.6209999999996,9.130800000000002,2.0,11.0
CHEMBL4218405,active,6.966576244513051,CC1(C)CCC(c2ccc(Cl)cc2)=C(CNC2(Cn3cnc4cc(C(=O)NS(=O)(=O)c5ccc(N[C@H](CCN6CCOCC6)CSc6ccccc6)c(S(=O)(=O)C(F)(F)F)c5)ccc43)CC2)C1,999.6439999999997,9.183100000000001,3.0,11.0
CHEMBL4204583,active,6.0,CC1(C)CCC(c2ccc(Cl)cc2)=C(CNC2(Cn3cnc4ccc(C(=O)NS(=O)(=O)c5ccc(N[C@H](CCN6CCOCC6)CSc6ccccc6)c(S(=O)(=O)C(F)(F)F)c5)cc43)CC2)C1,999.6439999999997,9.183100000000001,3.0,11.0
CHEMBL5792180,active,8.769551078621726,CC1(C)CCN(C2CC3(CCN(c4ccc(C(=O)NS(=O)(=O)c5ccc(NCC6CCOCC6)c([N+](=O)[O-])c5)c(Oc5cnc6[nH]ccc6c5)c4)CC3)C2)C1c1ccccc1C1CC1,888.1039999999998,9.320200000000002,3.0,11.0
CHEMBL5980151,active,7.468521082957745,CC1(C)CCN(C2CC=C(c3ccc(C(=O)NS(=O)(=O)c4ccc(NCC5CCOCC5)c([N+](=O)[O-])c4)c(Oc4cnc5[nH]ccc5c4)c3)CC2)C1c1ccccc1C1CC1,845.035,9.5071,3.0,10.0
CHEMBL5982840,active,7.638272163982407,CC1(C)CCN(c2ccc(-c3ccc(C(=O)NS(=O)(=O)c4ccc(NCC5CCOCC5)c([N+](=O)[O-])c4)c(Oc4cnc5[nH]ccc5c4)c3)cc2)C1c1ccccc1C1CC1,841.003,9.742599999999996,3.0,10.0
CHEMBL5967521,active,7.292429823902063,CC1(C)Oc2cccc(C3CCCN3C3CC=C(c4ccc(C(=O)NS(=O)(=O)c5ccc(NCC6CCOCC6)c([N+](=O)[O-])c5)c(Oc5cnc6[nH]ccc6c5)c4)CC3)c2O1,848.9789999999997,8.500900000000005,3.0,12.0
CHEMBL6016691,active,8.173925197299173,CC1(O)CCC(CNc2ccc(S(=O)(=O)NC(=O)c3ccc(C4=CCC(N5CCCC5c5ccccc5C5CC5)CC4)cc3Oc3cnc4[nH]ccc4c3)cc2[N+](=O)[O-])CC1,845.0349999999997,9.385600000000002,4.0,10.0
CHEMBL5956618,active,8.585026652029182,CC1(O)CCC(CNc2ccc(S(=O)(=O)NC(=O)c3ccc(C4=CCC(N5CCC[C@H]5c5ccccc5C5CC5)CC4)cc3Oc3cnc4[nH]ccc4c3)cc2[N+](=O)[O-])CC1,845.0349999999997,9.385600000000002,4.0,10.0
CHEMBL5856073,active,8.259637310505756,CC1(O)CCC(COc2ccc(S(=O)(=O)NC(=O)c3ccc(C4=CCC(N5CCC[C@@H]5c5ccccc5C5CC5)CC4)cc3Oc3cnc4[nH]ccc4c3)cc2[N+](=O)[O-])CC1,846.0189999999998,9.352500000000003,3.0,10.0
CHEMBL5799821,active,8.337242168318426,CC1(O)CCC(COc2ccc(S(=O)(=O)NC(=O)c3ccc(C4=CCC(N5CCC[C@H]5c5ccccc5C5CC5)CC4)cc3Oc3cnc4[nH]ccc4c3)cc2[N+](=O)[O-])CC1,846.0189999999998,9.352500000000003,3.0,10.0
CHEMBL5846135,active,8.55284196865778,CC1(O)CCC(F)(CNc2ccc(S(=O)(=O)NC(=O)c3ccc(-c4ccc(N5CCC[C@@H]5c5ccccc5C5CC5)cc4)cc3Oc3cnc4[nH]ccc4c3)cc2[N+](=O)[O-])CC1,858.9929999999999,9.713199999999999,4.0,10.0
CHEMBL5982143,active,8.481486060122112,CC1(O)CCC(F)(CNc2ccc(S(=O)(=O)NC(=O)c3ccc(-c4ccc(N5CCC[C@H]5c5ccccc5C5CC5)cc4)cc3Oc3cnc4[nH]ccc4c3)cc2[N+](=O)[O-])CC1,858.9929999999999,9.713199999999999,4.0,10.0
CHEMBL5560980,active,8.0,CC1(c2ccccc2)CCCN1c1ccc(-c2ccc(C(=O)NS(=O)(=O)c3ccc(NCC4CCOCC4)c([N+](=O)[O-])c3)c(Oc3cnc4[nH]ccc4c3)c2)cc1,786.911,8.403200000000005,3.0,10.0
CHEMBL3701313,active,8.18045606445813,CC1=C(C(=O)N(c2ccccc2)c2ccc(O)cc2)CC(c2cc(Cl)ccc2C(=O)N2Cc3ccccc3C[C@H]2COCCN2CCOCC2)N1C,721.2979999999997,6.977000000000009,1.0,7.0
CHEMBL1269072,active,6.657577319177793,CC1=C(C2=C(C)C(=O)c3c(cc(O)c(O)c3C(=O)Cc3ccccc3)C2=O)C(=O)c2cc(O)c(O)c(C(=O)Cc3ccccc3)c2C1=O,642.6160000000002,5.451000000000008,4.0,10.0
CHEMBL1269070,active,6.638272163982407,CC1=C(C2=C(C)C(=O)c3c(cc(O)c(O)c3C(=O)NCC(C)c3ccccc3)C2=O)C(=O)c2cc(O)c(O)c(C(=O)NCC(C)c3ccccc3)c2C1=O,728.7540000000001,5.667200000000007,6.0,10.0
CHEMBL1272170,active,6.431798275933005,CC1=C(C2=C(C)C(=O)c3c(cc(O)c(O)c3C(C)C)C2=O)C(=O)c2cc(O)c(O)c(C(C)C)c2C1=O,490.5080000000003,4.847000000000005,4.0,8.0
CHEMBL1272224,active,6.6020599913279625,CC1=C(C2=C(C)C(=O)c3c(cc(O)c(O)c3CC(C)C)C2=O)C(=O)c2cc(O)c(O)c(CC(C)C)c2C1=O,518.5620000000004,4.997200000000006,4.0,8.0
CHEMBL1269110,active,6.468521082957745,CC1=C(C2=C(C)C(=O)c3c(cc(O)c(O)c3Cc3ccc(Cl)cc3)C2=O)C(=O)c2cc(O)c(O)c(Cc3ccc(Cl)cc3)c2C1=O,655.4860000000001,7.0886000000000084,4.0,8.0
CHEMBL1269107,active,6.5376020021010435,CC1=C(C2=C(C)C(=O)c3c(cc(O)c(O)c3Cc3ccccc3)C2=O)C(=O)c2cc(O)c(O)c(Cc3ccccc3)c2C1=O,586.5960000000002,5.781800000000008,4.0,8.0
CHEMBL6020672,active,7.638272163982407,CC1=CCC(CNc2ccc(S(=O)(=O)NC(=O)c3ccc(-c4ccc(N5CCC[C@@H]5c5ccccc5C5CC5)cc4)cc3Oc3cnc4[nH]ccc4c3)cc2[N+](=O)[O-])CC1,822.9879999999999,10.426299999999994,3.0,9.0
CHEMBL5928422,active,9.244125144327509,CC1=CC[C@@H](CNc2ccc(S(=O)(=O)NC(=O)c3ccc(N4CCC5(CC4)CC(N4CCC[C@H]4c4ccccc4C(C)C)C5)cc3Oc3cnc4[nH]ccc4c3)cc2[N+](=O)[O-])CC1,872.105,10.249899999999997,3.0,10.0
CHEMBL5196944,active,7.562249437179612,CC1C(c2ccc(NC(=O)OC(C)(C)C)cc2)=NN(C(=O)c2ccc(Br)cc2)C1c1ccccc1,534.4540000000002,7.033600000000007,1.0,4.0
CHEMBL5920200,active,10.602059991327963,CC1CC(CNc2ccc(S(=O)(=O)NC(=O)c3ccc(N4CCC5(CC4)CC(N4CCC[C@H]4c4ccccc4C4CC4)C5)cc3Oc3cnc4[nH]ccc4c3)cc2[N+](=O)[O-])CC(C)O1,888.104,9.461100000000002,3.0,11.0
CHEMBL5941985,active,9.67778070526608,CC1CC(c2ccccc2C2CC2)N(C2CC3(CCN(c4ccc(C(=O)NS(=O)(=O)c5ccc(NCC6CCOCC6)c([N+](=O)[O-])c5)c(Oc5cnc6[nH]ccc6c5)c4)CC3)C2)C1,874.0769999999994,8.930100000000003,3.0,11.0
CHEMBL5861984,active,7.853871964321762,CC1CCN(C2CC=C(c3ccc(C(=O)NS(=O)(=O)c4ccc(NCC5CCOCC5)c([N+](=O)[O-])c4)c(Oc4cnc5[nH]ccc5c4)c3)CC2)C1c1ccccc1C1CC1,831.0079999999999,9.117,3.0,10.0
CHEMBL5967713,active,8.2839966563652,CC1CCN(c2ccc(-c3ccc(C(=O)NS(=O)(=O)c4ccc(NCC5CCOCC5)c([N+](=O)[O-])c4)c(Oc4cnc5[nH]ccc5c4)c3)cc2)C1c1ccccc1C1CC1,826.9760000000001,9.3525,3.0,10.0
CHEMBL5754652,active,8.309803919971486,CCC(=O)N1CCc2cc(-c3cc(C(=O)N(C)c4ccc(O)cc4)c4n3CCCC4)c(C(=O)N3Cc4ccccc4C[C@H]3C)cc2C1,630.7890000000002,6.355300000000007,1.0,4.0
CHEMBL5925901,active,7.657577319177793,CCC(=O)N1Cc2cc(C(=O)N3Cc4ccccc4C[C@H]3CN3CCOCC3)c(-c3cc(C(=O)N(C)c4ccc(O)cc4)c4n3CCCC4)cc2C1,701.868,5.625100000000007,1.0,6.0
CHEMBL5768211,active,7.853871964321762,CCC(C(=O)N1CCc2cc(-c3cc(C(=O)N(C)c4ccc(O)cc4)c4n3CCCC4)c(C(=O)N3Cc4ccccc4C[C@H]3C)cc2C1)c1ccccc1,720.9140000000002,8.13910000000001,1.0,4.0
CHEMBL1672080,active,6.465973893943865,CCC(C)(C)c1ccc(Sc2ccc3c4c(cccc24)C2=NC(=O)C(C#N)=C23)cc1,408.5260000000001,6.298680000000006,0.0,3.0
CHEMBL6065902,active,8.431798275933005,CCC1(O)CCC(CNc2ccc(S(=O)(=O)NC(=O)c3ccc(C4=CCC(N5CCC[C@@H]5c5ccccc5C5CC5)CC4)cc3Oc3cnc4[nH]ccc4c3)cc2[N+](=O)[O-])CC1,859.0619999999998,9.7757,4.0,10.0
CHEMBL5910719,active,8.086186147616283,CCC1(O)CCC(CNc2ccc(S(=O)(=O)NC(=O)c3ccc(C4=CCC(N5CCC[C@H]5c5ccccc5C5CC5)CC4)cc3Oc3cnc4[nH]ccc4c3)cc2[N+](=O)[O-])CC1,859.0619999999998,9.7757,4.0,10.0
CHEMBL5978045,active,7.443697499232712,CCC1(c2ccccc2)CCCN1c1ccc(-c2ccc(C(=O)NS(=O)(=O)c3ccc(NCC4CCOCC4)c([N+](=O)[O-])c3)c(Oc3cnc4[nH]ccc4c3)c2)cc1,800.9379999999999,8.793300000000004,3.0,10.0
CHEMBL5991770,active,8.0,CCC12CC(C3=C(CN4CCN(c5ccc(C(=O)NS(=O)(=O)c6ccc(N[C@H](CCN(C)CCO)CSc7ccccc7)c(S(=O)(=O)C(F)(F)F)c6)cc5)CC4)CCC(C)(C)C3)(C1)C2,946.2369999999999,8.19480000000001,3.0,11.0
CHEMBL5848564,active,6.730487055782084,CCC1CCCCC1C1CCCN1c1ccc(-c2ccc(C(=O)NS(=O)(=O)c3ccc(NCC4CCOCC4)c([N+](=O)[O-])c3)c(Oc3cnc4[nH]ccc4c3)c2)cc1,806.986,9.072800000000004,3.0,10.0
CHEMBL5987041,active,7.761953896871204,CCC1COc2cc(-n3cc(C(=O)N(c4ccccc4)c4ccc(O)cc4)c4ccccc43)c(C(=O)N3Cc4ccccc4C[C@H]3CN3CCN(C)CC3)cc2O1,761.9229999999997,7.678900000000013,1.0,7.0
CHEMBL5854462,active,7.721246399047171,CCCCC1C2CCCC2CN1C1CC=C(c2ccc(C(=O)NS(=O)(=O)c3ccc(NCC4CCOCC4)c([N+](=O)[O-])c3)c(Oc3cnc4[nH]ccc4c3)c2)CC1,796.9909999999999,8.447200000000006,3.0,10.0
CHEMBL2312482,active,7.017728766960431,CCCCCCNC1=C2C(=NC1=O)c1cccc3c(N4CCSCC4)ccc2c13,405.56700000000023,4.616900000000004,1.0,4.0
CHEMBL2312475,active,6.735182176990463,CCCCCCNC1=C2C(=NC1=O)c1cccc3c(Oc4ccc(C(C)C)cc4)ccc2c13,438.5710000000002,6.979400000000006,1.0,3.0
CHEMBL2312469,active,7.096910013008056,CCCCCCNC1=C2C(=NC1=O)c1cccc3c(Sc4ccc(N)cc4)ccc2c13,427.57300000000015,5.797100000000005,2.0,4.0
CHEMBL2312472,active,6.686132779630847,CCCCCCNC1=C2C(=NC1=O)c1cccc3c(Sc4ccc(OC)cc4)ccc2c13,442.5840000000002,6.223500000000006,1.0,4.0
CHEMBL2030863,active,7.187086643357144,CCCCCS(=O)(=O)NC(=O)c1ccc(-c2c(CO)nn(-c3ccc(Oc4cccc(Cl)c4)cc3)c2CCCC)c(C(=O)N2CCc3ccccc3C2)c1,769.3639999999996,8.268200000000009,2.0,7.0
CHEMBL5772479,active,8.537602002101044,CCCCN(C(=O)c1cc(-c2cc3c(cc2C(=O)N2Cc4ccccc4C[C@H]2CN2CCOCC2)CN(C(=O)Cc2ccccc2)CC3)n(C)c1C)c1ccc(O)cc1,794.0090000000001,7.17972000000001,1.0,6.0
CHEMBL5963628,active,8.522878745280337,CCCCN(C(=O)c1cc(-c2cc3c(cc2C(=O)N2Cc4ccccc4C[C@H]2CN2CCOCC2)CN(C(=O)Oc2ccccc2)CC3)n(C)c1C)c1ccc(O)cc1,795.9810000000002,7.609420000000011,1.0,7.0
CHEMBL3901752,active,7.568636235841013,CCCCN(C(=O)c1cc(-c2cc3c(cc2C(=O)N2Cc4ccccc4C[C@H]2CN2CCOCC2)OCO3)n2c1CCCC2)c1ccc(O)cc1,690.8410000000001,6.271900000000008,1.0,7.0
CHEMBL5800065,active,8.0,CCCCN(C(=O)c1cn(-c2cc(OC)c(O)cc2C(=O)N2Cc3ccccc3C[C@H]2CN2CCN(C)CC2)c2ccccc12)c1ccc(O)cc1,701.8680000000002,6.311700000000008,2.0,7.0
CHEMBL5757201,active,8.173925197299173,CCCCN(C(=O)c1cn(-c2cc(OC)c(O)cc2C(=O)N2Cc3ccccc3C[C@H]2CN2CCN(C)CC2)c2ccccc12)c1ccccc1,685.8690000000001,6.606100000000008,1.0,6.0
CHEMBL6034767,active,8.356547323513812,CCCCN(C(=O)c1cn(-c2cc3c(cc2C(=O)N2Cc4ccccc4C[C@H]2CN2CCN(C)CC2)OCO3)c2ccccc12)c1ccc(O)cc1,699.8520000000003,6.326200000000008,1.0,7.0
CHEMBL3890955,active,8.0,CCCCN(C(=O)c1nn(-c2ccc(C(=O)NS(=O)(=O)c3ccc4c(Cl)ccc(Br)c4c3)cc2C(=O)N2CCc3ccccc3C2)c(C)c1Cl)c1cccc(-c2ccc(Cl)cc2)c1,984.1999999999996,11.487719999999985,1.0,6.0
CHEMBL3960038,active,7.3979400086720375,CCCCN(C(=O)c1nn(-c2ccc(C(=O)NS(=O)(=O)c3ccc4c(Cl)ccc(Cl)c4c3)cc2C(=O)N2CCc3ccccc3C2)c(C)c1Cl)c1cccc(-c2ccc(Cl)cc2)c1,939.7489999999997,11.378619999999986,1.0,6.0
CHEMBL3899265,active,7.154901959985743,CCCCN(C(=O)c1nn(-c2ccc(C(=O)NS(=O)(=O)c3ccc4c(Cl)ccc(Cl)c4c3)cc2C(=O)N2CCc3ccccc3C2)c(C)c1Cl)c1cccc(-c2cccc(Cl)c2)c1,939.7489999999997,11.378619999999986,1.0,6.0
CHEMBL3937806,active,7.045757490560675,CCCCN(C(=O)c1nn(-c2ccc(C(=O)NS(=O)(=O)c3ccc4ccccc4c3)cc2C(=O)N2CCc3ccccc3C2)c(C)c1Cl)c1ccc(C(=O)OC)cc1,818.352,7.538020000000008,1.0,8.0
CHEMBL3954559,active,7.154901959985743,CCCCN(C(=O)c1nn(-c2ccc(C(=O)NS(=O)(=O)c3ccc4ccccc4c3)cc2C(=O)N2CCc3ccccc3C2)c(C)c1Cl)c1ccc2c(c1)OCCO2,818.3519999999999,7.522620000000008,1.0,8.0
CHEMBL3940231,active,7.301029995663981,CCCCN(C(=O)c1nn(-c2ccc(C(=O)NS(=O)(=O)c3ccc4ccccc4c3)cc2C(=O)N2CCc3ccccc3C2)c(C)c1Cl)c1cccc(-c2cccc(Cl)c2)c1,870.8589999999999,10.071819999999995,1.0,6.0
CHEMBL3889549,active,7.154901959985743,CCCCN(CCC(=O)NCCN1CCN(C)CC1)C(=O)c1nn(-c2ccc(C(=O)NS(=O)(=O)c3ccc4ccccc4c3)cc2C(=O)N2CCc3ccccc3C2)c(C)c1Cl,881.4999999999998,5.300520000000008,2.0,9.0
CHEMBL3960836,active,6.958607314841775,CCCCN(CCCC(F)(F)F)C(=O)c1nn(-c2ccc(C(=O)NS(=O)(=O)c3ccc4ccccc4c3)cc2C(=O)N2CCc3ccccc3C2)c(C)c1Cl,794.2959999999997,7.889320000000008,1.0,6.0
CHEMBL6000962,active,7.481486060122112,CCCCN(CCCC)C(=O)c1cc(-c2cc3c(cc2C(=O)N2CCc4ccccc4C2)CN(C(=O)Cc2ccccc2)CC3)n(C)c1C,658.8870000000002,7.3688200000000075,0.0,3.0
CHEMBL5880339,active,7.167491087293763,CCCCN(CCCC)C(=O)c1cc(-c2cc3c(cc2C(=O)N2CCc4ccccc4C2)CN(C(=O)Oc2ccccc2)CC3)n(C)c1C,660.8590000000002,7.79852000000001,0.0,4.0
CHEMBL6054886,active,7.853871964321762,CCCCN(CCCC)C(=O)c1cc(-c2cc3c(cc2C(=O)N2Cc4ccccc4C[C@H]2C)CN(C(=O)Cc2ccccc2)CC3)n(C)c1C,672.9140000000001,7.757320000000008,0.0,3.0
CHEMBL5996803,active,7.568636235841013,CCCCN(CCCC)C(=O)c1cc(-c2cc3c(cc2C(=O)N2Cc4ccccc4C[C@H]2C)CN(C(=O)Oc2ccccc2)CC3)n(C)c1C,674.886,8.18702000000001,0.0,4.0
CHEMBL5762647,active,7.7447274948966935,CCCCN(CCCC)C(=O)c1cc(-c2cc3c(cc2C(=O)N2Cc4ccccc4C[C@H]2CN2CCOCC2)CN(C(=O)Cc2ccccc2)CC3)n(C)c1C,758.0199999999998,7.0696200000000085,0.0,5.0
CHEMBL6021363,active,7.585026652029182,CCCCN(CCCC)C(=O)c1cc(-c2cc3c(cc2C(=O)N2Cc4ccccc4C[C@H]2CN2CCOCC2)CN(C(=O)Oc2ccccc2)CC3)n(C)c1C,759.9919999999998,7.499320000000009,0.0,6.0
CHEMBL3914781,active,6.580589525913784,CCCCN(CCCC)C(=O)c1cc(C)n(-c2cc(O)ccc2C(=O)N2Cc3ccccc3C[C@H]2CO)n1,518.6580000000002,4.488120000000005,2.0,5.0
CHEMBL3918229,active,6.424321540926243,CCCCN(CCCC)C(=O)c1cc(C)n(-c2cc(OC)ccc2C(=O)N2Cc3ccccc3C[C@H]2CO)n1,532.6850000000003,4.791120000000006,1.0,5.0
CHEMBL3927241,active,7.029583381862217,CCCCN(CCCC)C(=O)c1cc(C)n(-c2cc(OCC(=O)O)ccc2C(=O)N2Cc3ccccc3C[C@H]2CO)n1,576.6940000000002,4.245920000000004,2.0,6.0
CHEMBL3926219,active,6.111623910134752,CCCCN(CCCC)C(=O)c1cc(C)n(-c2cc(OCC(=O)OCC)ccc2C(=O)N2Cc3ccccc3C[C@H]2CO)n1,604.7480000000003,4.724420000000006,1.0,7.0
CHEMBL451856,active,6.292429823902063,CCCCN(CCCC)C(=O)c1cc(C)n(-c2ccc(NC(=O)COc3ccccc3)cc2C(=O)N2CCc3ccccc3C2)n1,621.782,6.439120000000007,1.0,5.0
CHEMBL502066,active,6.221848749616356,CCCCN(CCCC)C(=O)c1cc(C)n(-c2ccc(NC(=O)CSc3ccccc3)cc2C(=O)N2CCc3ccccc3C2)n1,637.8499999999999,7.152420000000007,1.0,5.0
CHEMBL3900418,active,6.964570261815451,CCCCN(CCCC)C(=O)c1cc(C)n(-c2ccc(NS(=O)(=O)C(C)C)cc2C(=O)N2Cc3ccccc3C[C@H]2CO)n1,623.8200000000002,4.932620000000005,2.0,6.0
CHEMBL3909422,active,6.2177746930986215,CCCCN(CCCC)C(=O)c1cc(C)n(-c2ccc(NS(=O)(=O)c3ccccc3)cc2C(=O)N2Cc3ccccc3C[C@H]2CO)n1,657.8370000000001,5.583320000000006,2.0,6.0
CHEMBL3937363,active,6.473718890944984,CCCCN(CCCC)C(=O)c1cc(C)n(-c2ccc(NS(C)(=O)=O)cc2C(=O)N2Cc3ccccc3C[C@H]2CO)n1,595.7660000000001,4.1540200000000045,2.0,6.0
CHEMBL3974550,active,6.561244116268063,CCCCN(CCCC)C(=O)c1cc(C)n(-c2ccc(N[S+]([O-])CCN3C(=O)c4ccccc4C3=O)cc2C(=O)N2Cc3ccccc3C[C@H]2CO)n1,738.911,5.1543200000000065,2.0,8.0
CHEMBL3893085,active,6.208155024952158,CCCCN(CCCC)C(=O)c1cc(C)n(-c2ccc(N[S+]([O-])CCc3cccc4ccccc34)cc2C(=O)N2Cc3ccccc3C[C@H]2CO)n1,719.9519999999999,7.2540200000000095,2.0,6.0
CHEMBL4111735,active,6.115417022304451,CCCCN(CCCC)C(=O)c1cc(C)n(-c2ccc(N[S+]([O-])C[C@]34CC[C@H](CC3=O)C4(C)C)cc2C(=O)N2Cc3ccccc3C[C@H]2CO)n1,715.9610000000001,6.253520000000008,2.0,7.0
CHEMBL3950260,active,6.243835711139919,CCCCN(CCCC)C(=O)c1cc(C)n(-c2ccc(N[S+]([O-])Cc3ccccc3)cc2C(=O)N2Cc3ccccc3C[C@H]2CO)n1,655.8650000000001,6.058320000000006,2.0,6.0
CHEMBL3959104,active,6.124903994439416,CCCCN(CCCC)C(=O)c1cc(C)n(-c2ccc(N[S+]([O-])c3c(-c4ccccc4)noc3C)cc2C(=O)N2Cc3ccccc3C[C@H]2CO)n1,722.9119999999999,6.8806400000000085,2.0,8.0
CHEMBL3890050,active,6.252545463989247,CCCCN(CCCC)C(=O)c1cc(C)n(-c2ccc(N[S+]([O-])c3c(C)nn(C)c3C)cc2C(=O)N2Cc3ccccc3C[C@H]2CO)n1,673.884,5.267560000000007,2.0,7.0
CHEMBL3967288,active,6.044141547312862,CCCCN(CCCC)C(=O)c1cc(C)n(-c2ccc(N[S+]([O-])c3cc(Cl)ccc3F)cc2C(=O)N2Cc3ccccc3C[C@H]2CO)n1,694.2729999999999,6.70972000000001,2.0,6.0
CHEMBL3972844,active,6.525237567985189,CCCCN(CCCC)C(=O)c1cc(C)n(-c2ccc(N[S+]([O-])c3cc(F)c(Br)cc3F)cc2C(=O)N2Cc3ccccc3C[C@H]2CO)n1,756.7139999999998,6.95792000000001,2.0,6.0
CHEMBL3957281,active,6.2250671866126,CCCCN(CCCC)C(=O)c1cc(C)n(-c2ccc(N[S+]([O-])c3cc(N)ccc3C)cc2C(=O)N2Cc3ccccc3C[C@H]2CO)n1,670.88,5.807840000000006,3.0,7.0
CHEMBL3924890,active,6.132299811508545,CCCCN(CCCC)C(=O)c1cc(C)n(-c2ccc(N[S+]([O-])c3cc([S+]([O-])c4ccccc4)cs3)cc2C(=O)N2Cc3ccccc3C[C@H]2CO)n1,772.0309999999998,7.145420000000011,2.0,8.0
CHEMBL3982550,inactive,4.795880017344075,CCCCN(CCCC)C(=O)c1cc(C)n(-c2ccc(N[S+]([O-])c3ccc(-c4ccc(Cl)cc4)cc3)cc2C(=O)N2Cc3ccccc3C[C@H]2CO)n1,752.3809999999999,8.237620000000009,2.0,6.0
CHEMBL3904990,active,6.093605691280017,CCCCN(CCCC)C(=O)c1cc(C)n(-c2ccc(N[S+]([O-])c3ccc(-c4ccn(C)n4)cc3)cc2C(=O)N2Cc3ccccc3C[C@H]2CO)n1,721.9279999999999,6.317720000000007,2.0,7.0
CHEMBL3916294,active,6.152822333592622,CCCCN(CCCC)C(=O)c1cc(C)n(-c2ccc(N[S+]([O-])c3ccc(-c4cnco4)cc3)cc2C(=O)N2Cc3ccccc3C[C@H]2CO)n1,708.8849999999999,6.572220000000009,2.0,8.0
CHEMBL3982160,active,6.1294234647871,CCCCN(CCCC)C(=O)c1cc(C)n(-c2ccc(N[S+]([O-])c3ccc(-c4noc(C)n4)cc3)cc2C(=O)N2Cc3ccccc3C[C@H]2CO)n1,723.8999999999999,6.275640000000006,2.0,9.0
CHEMBL3890069,active,6.254975983222865,CCCCN(CCCC)C(=O)c1cc(C)n(-c2ccc(N[S+]([O-])c3ccc(Br)c(Br)c3)cc2C(=O)N2Cc3ccccc3C[C@H]2CO)n1,799.6299999999998,7.4422200000000105,2.0,6.0
CHEMBL3899521,active,6.2834332742979955,CCCCN(CCCC)C(=O)c1cc(C)n(-c2ccc(N[S+]([O-])c3ccc(C(=O)OC)o3)cc2C(=O)N2Cc3ccccc3C[C@H]2CO)n1,689.8349999999999,5.2968200000000065,2.0,9.0
CHEMBL3927159,active,6.291795876253103,CCCCN(CCCC)C(=O)c1cc(C)n(-c2ccc(N[S+]([O-])c3ccc(C(C)=O)cc3)cc2C(=O)N2Cc3ccccc3C[C@H]2CO)n1,683.875,6.119820000000007,2.0,7.0
CHEMBL3977288,active,6.467513157474989,CCCCN(CCCC)C(=O)c1cc(C)n(-c2ccc(N[S+]([O-])c3ccc(NC(C)=O)c(Cl)c3)cc2C(=O)N2Cc3ccccc3C[C@H]2CO)n1,733.3349999999998,6.529020000000008,3.0,7.0
CHEMBL3943276,inactive,4.795880017344075,CCCCN(CCCC)C(=O)c1cc(C)n(-c2ccc(N[S+]([O-])c3ccc(Oc4ccc(C)cc4)cc3)cc2C(=O)N2Cc3ccccc3C[C@H]2CO)n1,747.9619999999999,8.01794000000001,2.0,7.0
CHEMBL3950403,inactive,4.795880017344075,CCCCN(CCCC)C(=O)c1cc(C)n(-c2ccc(N[S+]([O-])c3ccc(Oc4ccccc4C)cc3)cc2C(=O)N2Cc3ccccc3C[C@H]2CO)n1,747.9619999999999,8.01794000000001,2.0,7.0
CHEMBL3976266,active,6.242960968256442,CCCCN(CCCC)C(=O)c1cc(C)n(-c2ccc(N[S+]([O-])c3ccc4c(c3)OCCO4)cc2C(=O)N2Cc3ccccc3C[C@H]2CO)n1,699.874,5.688420000000007,2.0,8.0
CHEMBL3897154,active,6.209429857744081,CCCCN(CCCC)C(=O)c1cc(C)n(-c2ccc(N[S+]([O-])c3cccc(C#N)c3)cc2C(=O)N2Cc3ccccc3C[C@H]2CO)n1,666.848,5.788900000000006,2.0,7.0
CHEMBL3948036,active,6.364526306414452,CCCCN(CCCC)C(=O)c1cc(C)n(-c2ccc(N[S+]([O-])c3cccc(Cl)c3Cl)cc2C(=O)N2Cc3ccccc3C[C@H]2CO)n1,710.728,7.22402000000001,2.0,6.0
CHEMBL3948609,active,6.577640006399928,CCCCN(CCCC)C(=O)c1cc(C)n(-c2ccc(N[S+]([O-])c3cccc4nonc34)cc2C(=O)N2Cc3ccccc3C[C@H]2CO)n1,683.8349999999999,5.453420000000006,2.0,9.0
CHEMBL3953351,active,6.421045782975756,CCCCN(CCCC)C(=O)c1cc(C)n(-c2ccc(N[S+]([O-])c3ccccc3C(=O)OC)cc2C(=O)N2Cc3ccccc3C[C@H]2CO)n1,699.8739999999999,5.7038200000000066,2.0,8.0
CHEMBL3938600,active,6.196143598976056,CCCCN(CCCC)C(=O)c1cc(C)n(-c2ccc(N[S+]([O-])c3ccccc3Cl)cc2C(=O)N2Cc3ccccc3C[C@H]2CO)n1,676.2829999999999,6.57062000000001,2.0,6.0
CHEMBL3985364,active,6.415047184309008,CCCCN(CCCC)C(=O)c1cc(C)n(-c2ccc(N[S+]([O-])c3ccccc3F)cc2C(=O)N2Cc3ccccc3C[C@H]2CO)n1,659.8280000000001,6.0563200000000075,2.0,6.0
CHEMBL3985961,active,6.5808127901871565,CCCCN(CCCC)C(=O)c1cc(C)n(-c2ccc(N[S+]([O-])c3ccccc3N)cc2C(=O)N2Cc3ccccc3C[C@H]2CO)n1,656.8530000000001,5.499420000000006,3.0,7.0
CHEMBL3946968,active,6.4129179265625025,CCCCN(CCCC)C(=O)c1cc(C)n(-c2ccc(N[S+]([O-])c3ccsc3C(=O)OC)cc2C(=O)N2Cc3ccccc3C[C@H]2CO)n1,705.9029999999999,5.765320000000006,2.0,9.0
CHEMBL3890556,active,6.253743443383672,CCCCN(CCCC)C(=O)c1cc(C)n(-c2ccc(N[S+]([O-])c3cn(C)cn3)cc2C(=O)N2Cc3ccccc3C[C@H]2CO)n1,645.8300000000002,4.650720000000005,2.0,7.0
CHEMBL3902718,active,6.289062229671438,CCCCN(CCCC)C(=O)c1cc(C)n(-c2ccc(N[S+]([O-])c3sc(Cl)cc3Br)cc2C(=O)N2Cc3ccccc3C[C@H]2CO)n1,761.2079999999997,7.3946200000000095,2.0,7.0
CHEMBL3932360,active,6.078755845867418,CCCCN(CCCC)C(=O)c1cc(C)n(-c2ccc(N[S+]([O-])c3sc4ccc(F)cc4c3C)cc2C(=O)N2Cc3ccccc3C[C@H]2CO)n1,729.9439999999998,7.579440000000011,2.0,7.0
CHEMBL3900742,active,6.222613056230361,CCCCN(CCCC)C(=O)c1cc(C)n(-c2ccc(N[S+]([O-])c3scc(C(=O)OC)c3OC)cc2C(=O)N2Cc3ccccc3C[C@H]2CO)n1,735.929,5.773920000000007,2.0,10.0
CHEMBL473446,active,7.154901959985743,CCCCN(CCCC)C(=O)c1cc(C)n(-c2ccc(OCC(=O)O)cc2C(=O)N2CCc3ccccc3C2)n1,546.6680000000002,4.885020000000004,1.0,5.0
CHEMBL509208,active,6.756961951313706,CCCCN(CCCC)C(=O)c1cc(C)n(-c2ccc(OCC(=O)c3ccccc3)cc2C(=O)N2CCc3ccccc3C2)n1,606.7670000000002,6.683320000000007,0.0,5.0
CHEMBL454406,active,6.756961951313706,CCCCN(CCCC)C(=O)c1cc(C)n(-c2cccc(C)c2C(=O)N2Cc3ccccc3C[C@H]2CN)n1,515.7020000000003,5.0573400000000035,1.0,4.0
CHEMBL513318,active,6.638272163982407,CCCCN(CCCC)C(=O)c1cc(C)n(-c2ccccc2C(=O)N2CCc3ccccc3C2)n1,472.63300000000027,5.421620000000006,0.0,3.0
CHEMBL3965698,active,6.221848749616356,CCCCN(CCCC)C(=O)c1cccc(-c2ccc(C(=O)NS(=O)(=O)c3ccc4ccccc4c3)cc2C(=O)N2CCc3ccccc3C2)n1,702.8769999999998,7.261400000000008,1.0,6.0
CHEMBL6055064,active,6.809668301829708,CCCCN(CCCC)C(=O)c1cn(-c2ccc(NC(=O)COc3ccccc3)cc2C(=O)N2Cc3ccccc3C[C@H]2CN2CCN(C)CC2)c2ccccc12,769.0029999999997,7.504900000000009,1.0,6.0
CHEMBL6043187,active,7.238824186844268,CCCCN(CCCC)C(=O)c1cn(-c2ccc(NC(=O)CSc3ccccc3)cc2C(=O)N2Cc3ccccc3C[C@H]2CN2CCN(C)CC2)c2ccccc12,785.0709999999997,8.218200000000008,1.0,6.0
CHEMBL3897725,active,8.15676722190199,CCCCN(CCCC)C(=O)c1cn(C)c(-c2ccc(C(=O)NS(=O)(=O)c3ccc4cccc(I)c4c3)cc2C(=O)N2Cc3ccccc3C[C@H]2CN)n1,860.8189999999996,6.531800000000007,2.0,7.0
CHEMBL3912906,active,6.958607314841775,CCCCN(CCCC)C(=O)c1cn(C)c(-c2ccc(C(=O)NS(=O)(=O)c3ccc4ccccc4c3)cc2C(=O)N2CCc3ccccc3C2)n1,705.8809999999999,6.599900000000008,1.0,6.0
CHEMBL3890311,active,6.366531544420414,CCCCN(CCCC)C(=O)c1cn(CC(=O)NC)c(-c2ccc(C(=O)NS(=O)(=O)c3ccc4ccccc4c3)cc2C(=O)N2CCc3ccccc3C2)n1,762.9329999999999,5.808900000000006,2.0,7.0
CHEMBL3962772,active,6.853871964321762,CCCCN(CCCC)C(=O)c1cn(CC(=O)O)c(-c2ccc(C(=O)NS(=O)(=O)c3cccc4ccccc34)cc2C(=O)N2CCc3ccccc3C2)n1,749.8899999999998,6.147500000000006,2.0,7.0
CHEMBL3921891,active,6.698970004336019,CCCCN(CCCC)C(=O)c1cn(CCCN(C)C)c(-c2ccc(C(=O)NS(=O)(=O)c3ccc4ccccc4c3)cc2C(=O)N2CCc3ccccc3C2)n1,777.0039999999998,7.014600000000009,1.0,7.0
CHEMBL3893805,active,6.920818753952375,CCCCN(CCCC)C(=O)c1cn(CCN2CCOCC2)c(-c2ccc(C(=O)NS(=O)(=O)c3ccc4ccccc4c3)cc2C(=O)N2Cc3ccccc3C[C@H]2CO)n1,835.04,5.7560000000000064,2.0,9.0
CHEMBL3931548,active,8.038578905933552,CCCCN(CCCC)C(=O)c1nn(-c2ccc(C(=O)NS(=O)(=O)c3cc(Br)c4c(c3)CCN4CC)cc2C(=O)N2Cc3ccccc3C[C@H]2CO)c(C)c1Cl,868.2949999999995,6.699520000000009,2.0,8.0
CHEMBL3962921,active,8.377785977033705,CCCCN(CCCC)C(=O)c1nn(-c2ccc(C(=O)NS(=O)(=O)c3cc(Br)c4c(c3)c(Br)cn4CC)cc2C(=O)N2CCc3ccccc3C2)c(C)c1Cl,915.1489999999995,8.693320000000003,1.0,6.0
CHEMBL3912610,active,8.44490555142168,CCCCN(CCCC)C(=O)c1nn(-c2ccc(C(=O)NS(=O)(=O)c3cc(Br)c4c(ccn4CC)c3)cc2C(=O)N2Cc3ccccc3C[C@H]2CO)c(C)c1Cl,866.2789999999997,7.2917200000000095,2.0,7.0
CHEMBL3980078,active,8.405607449624574,CCCCN(CCCC)C(=O)c1nn(-c2ccc(C(=O)NS(=O)(=O)c3ccc4c(Cl)ccc(Br)c4c3)cc2C(=O)N2CCc3ccccc3C2)c(C)c1Cl,853.6669999999996,8.762820000000003,1.0,6.0
CHEMBL3893121,active,8.139661993429007,CCCCN(CCCC)C(=O)c1nn(-c2ccc(C(=O)NS(=O)(=O)c3ccc4c(Cl)ccc(Cl)c4c3)cc2C(=O)N2CCc3ccccc3C2)c(C)c1Cl,809.2159999999997,8.653720000000003,1.0,6.0
CHEMBL3928986,active,6.698970004336019,CCCCN(CCCC)C(=O)c1nn(-c2ccc(C(=O)NS(=O)(=O)c3ccc4c(Cl)cccc4c3)cc2C(=O)N2CCc3ccccc3C2)c(C)c1Cl,774.7709999999997,8.000320000000007,1.0,6.0
CHEMBL3904423,active,7.522878745280337,CCCCN(CCCC)C(=O)c1nn(-c2ccc(C(=O)NS(=O)(=O)c3ccc4c(N(C)C)ccc(Br)c4c3)cc2C(=O)N2CCc3ccccc3C2)c(C)c1Cl,862.2909999999997,8.175420000000008,1.0,7.0
CHEMBL2031019,active,7.494850021680094,CCCCN(CCCC)C(=O)c1nn(-c2ccc(C(=O)NS(=O)(=O)c3ccc4c(c3)CCN4)cc2C(=O)N2CCc3ccccc3C2)c(C)c1Cl,731.3189999999998,6.161720000000007,2.0,7.0
CHEMBL3927598,active,6.6020599913279625,CCCCN(CCCC)C(=O)c1nn(-c2ccc(C(=O)NS(=O)(=O)c3ccc4c(c3)CCN4C(=O)C3CCCCC3)cc2C(=O)N2CCc3ccccc3C2)c(C)c1Cl,841.4749999999995,7.66312000000001,1.0,7.0
CHEMBL3955216,active,6.698970004336019,CCCCN(CCCC)C(=O)c1nn(-c2ccc(C(=O)NS(=O)(=O)c3ccc4c(c3)CCN4C(=O)Cc3ccc(Cl)c(Cl)c3)cc2C(=O)N2CCc3ccccc3C2)c(C)c1Cl,918.3439999999997,8.632320000000005,1.0,7.0
CHEMBL3912236,active,6.468521082957745,CCCCN(CCCC)C(=O)c1nn(-c2ccc(C(=O)NS(=O)(=O)c3ccc4c(c3)CCN4C(=O)N3CCOCC3)cc2C(=O)N2CCc3ccccc3C2)c(C)c1Cl,844.4349999999995,6.008420000000006,1.0,8.0
CHEMBL2031020,active,6.552841968657781,CCCCN(CCCC)C(=O)c1nn(-c2ccc(C(=O)NS(=O)(=O)c3ccc4c(c3)CCN4C(=O)c3ccc(Cl)c(Cl)c3)cc2C(=O)N2CCc3ccccc3C2)c(C)c1Cl,904.3169999999998,8.703420000000005,1.0,7.0
CHEMBL2031021,active,7.221848749616356,CCCCN(CCCC)C(=O)c1nn(-c2ccc(C(=O)NS(=O)(=O)c3ccc4c(c3)CCN4CC)cc2C(=O)N2CCc3ccccc3C2)c(C)c1Cl,759.3729999999998,6.5761200000000075,1.0,7.0
CHEMBL3948491,active,7.301029995663981,CCCCN(CCCC)C(=O)c1nn(-c2ccc(C(=O)NS(=O)(=O)c3ccc4c(c3)CCN4CCSc3ccccc3)cc2C(=O)N2CCc3ccccc3C2)c(C)c1Cl,867.5379999999998,8.348520000000008,1.0,8.0
CHEMBL2031022,active,7.698970004336019,CCCCN(CCCC)C(=O)c1nn(-c2ccc(C(=O)NS(=O)(=O)c3ccc4c(c3)CCN4Cc3ccc(Cl)c(Cl)c3)cc2C(=O)N2CCc3ccccc3C2)c(C)c1Cl,890.3339999999997,9.063220000000003,1.0,7.0
CHEMBL3938217,active,8.0,CCCCN(CCCC)C(=O)c1nn(-c2ccc(C(=O)NS(=O)(=O)c3ccc4c(c3)CCN4Cc3ccc(Cl)c(Cl)c3)cc2C(=O)N2Cc3ccccc3C[C@H]2CO)c(C)c1Cl,920.3599999999998,8.424120000000006,2.0,8.0
CHEMBL3954188,active,7.698970004336019,CCCCN(CCCC)C(=O)c1nn(-c2ccc(C(=O)NS(=O)(=O)c3ccc4c(c3)c(Cl)cn4CC)cc2C(=O)N2CCc3ccccc3C2)c(C)c1Cl,791.8019999999997,7.82172000000001,1.0,6.0
CHEMBL3947141,active,8.114073660198569,CCCCN(CCCC)C(=O)c1nn(-c2ccc(C(=O)NS(=O)(=O)c3ccc4c(c3)c(I)cn4CC)cc2C(=O)N2CCc3ccccc3C2)c(C)c1Cl,883.2529999999995,7.77292000000001,1.0,6.0
CHEMBL3917408,active,6.4089353929735005,CCCCN(CCCC)C(=O)c1nn(-c2ccc(C(=O)NS(=O)(=O)c3ccc4c(ccn4CCCN4CCOCC4)c3)cc2C(=O)N2CCc3ccccc3C2)c(C)c1Cl,856.4899999999996,6.8707200000000075,1.0,8.0
CHEMBL3893154,active,7.301029995663981,CCCCN(CCCC)C(=O)c1nn(-c2ccc(C(=O)NS(=O)(=O)c3ccc4c(ccn4Cc4ccc(Cl)c(Cl)c4)c3)cc2C(=O)N2CCc3ccccc3C2)c(C)c1Cl,888.3179999999996,9.50352,1.0,6.0
CHEMBL3936947,active,8.053056729302174,CCCCN(CCCC)C(=O)c1nn(-c2ccc(C(=O)NS(=O)(=O)c3ccc4c(ccn4Cc4ccc(Cl)c(Cl)c4)c3)cc2C(=O)N2Cc3ccccc3C[C@H]2CO)c(C)c1Cl,918.3439999999997,8.864420000000003,2.0,7.0
CHEMBL3918855,active,6.823908740944319,CCCCN(CCCC)C(=O)c1nn(-c2ccc(C(=O)NS(=O)(=O)c3ccc4ccc(C(=O)N(C)C)cc4c3)cc2C(=O)N2CCc3ccccc3C2)c(C)c1Cl,811.4049999999997,7.048720000000008,1.0,7.0
CHEMBL3890787,active,7.045757490560675,CCCCN(CCCC)C(=O)c1nn(-c2ccc(C(=O)NS(=O)(=O)c3ccc4ccc(C(=O)N5CCN(C)CC5)cc4c3)cc2C(=O)N2CCc3ccccc3C2)c(C)c1Cl,866.4849999999996,6.734520000000007,1.0,8.0
CHEMBL3892056,active,7.045757490560675,CCCCN(CCCC)C(=O)c1nn(-c2ccc(C(=O)NS(=O)(=O)c3ccc4ccc(Cl)cc4c3)cc2C(=O)N2CCc3ccccc3C2)c(C)c1Cl,774.7709999999997,8.000320000000007,1.0,6.0
CHEMBL2031018,active,7.3979400086720375,CCCCN(CCCC)C(=O)c1nn(-c2ccc(C(=O)NS(=O)(=O)c3ccc4ccc(I)cc4c3)cc2C(=O)N2CCc3ccccc3C2)c(C)c1Cl,866.2219999999996,7.951520000000008,1.0,6.0
CHEMBL3984367,active,7.301029995663981,CCCCN(CCCC)C(=O)c1nn(-c2ccc(C(=O)NS(=O)(=O)c3ccc4ccc(OC(C)C)cc4c3)cc2C(=O)N2CCc3ccccc3C2)c(C)c1Cl,798.4059999999997,8.13412000000001,1.0,7.0
CHEMBL3957469,active,6.309803919971486,CCCCN(CCCC)C(=O)c1nn(-c2ccc(C(=O)NS(=O)(=O)c3ccc4ccc(OC(C)CN(C)C)cc4c3)cc2C(=O)N2CCc3ccccc3C2)c(C)c1Cl,841.4749999999997,7.67582000000001,1.0,8.0
CHEMBL3981017,active,6.292429823902063,CCCCN(CCCC)C(=O)c1nn(-c2ccc(C(=O)NS(=O)(=O)c3ccc4ccc(OCCCN5CCN(C)CC5)cc4c3)cc2C(=O)N2CCc3ccccc3C2)c(C)c1Cl,896.5549999999994,7.363220000000008,1.0,9.0
CHEMBL3952199,active,6.5376020021010435,CCCCN(CCCC)C(=O)c1nn(-c2ccc(C(=O)NS(=O)(=O)c3ccc4ccc(OCCCN5CCOCC5)cc4c3)cc2C(=O)N2CCc3ccccc3C2)c(C)c1Cl,883.5119999999995,7.448020000000009,1.0,9.0
CHEMBL2031015,active,6.3979400086720375,CCCCN(CCCC)C(=O)c1nn(-c2ccc(C(=O)NS(=O)(=O)c3ccc4ccc(OCCN5CCOCC5)cc4c3)cc2C(=O)N2CCc3ccccc3C2)c(C)c1Cl,869.4849999999996,7.057920000000008,1.0,9.0
CHEMBL3914542,active,8.0,CCCCN(CCCC)C(=O)c1nn(-c2ccc(C(=O)NS(=O)(=O)c3ccc4ccc(OCc5ccccc5)cc4c3)cc2C(=O)N2CCc3ccccc3C2)c(C)c1Cl,846.4499999999998,8.925920000000003,1.0,7.0
CHEMBL3923567,active,6.036212172654444,CCCCN(CCCC)C(=O)c1nn(-c2ccc(C(=O)NS(=O)(=O)c3ccc4cccc(C#N)c4c3)cc2C(=O)N2CCc3ccccc3C2)c(C)c1Cl,765.3359999999998,7.218600000000009,1.0,7.0
CHEMBL3901024,active,7.522878745280337,CCCCN(CCCC)C(=O)c1nn(-c2ccc(C(=O)NS(=O)(=O)c3ccc4cccc(Cl)c4c3)cc2C(=O)N2CCc3ccccc3C2)c(C)c1Cl,774.7709999999997,8.000320000000007,1.0,6.0
CHEMBL3901575,active,8.0,CCCCN(CCCC)C(=O)c1nn(-c2ccc(C(=O)NS(=O)(=O)c3ccc4cccc(Cl)c4c3)cc2C(=O)N2Cc3ccccc3C[C@H]2CN)c(C)c1Cl,803.8129999999996,7.327620000000008,2.0,7.0
CHEMBL2031017,active,7.3979400086720375,CCCCN(CCCC)C(=O)c1nn(-c2ccc(C(=O)NS(=O)(=O)c3ccc4cccc(I)c4c3)cc2C(=O)N2CCc3ccccc3C2)c(C)c1Cl,866.2219999999996,7.951520000000008,1.0,6.0
CHEMBL3978452,active,6.5376020021010435,CCCCN(CCCC)C(=O)c1nn(-c2ccc(C(=O)NS(=O)(=O)c3ccc4cccc(OCCCN5CCOCC5)c4c3)cc2C(=O)N2CCc3ccccc3C2)c(C)c1Cl,883.5119999999995,7.448020000000009,1.0,9.0
CHEMBL2031014,active,6.958607314841775,CCCCN(CCCC)C(=O)c1nn(-c2ccc(C(=O)NS(=O)(=O)c3ccc4cccc(OCCN5CCOCC5)c4c3)cc2C(=O)N2CCc3ccccc3C2)c(C)c1Cl,869.4849999999994,7.057920000000008,1.0,9.0
CHEMBL2031016,active,7.823908740944319,CCCCN(CCCC)C(=O)c1nn(-c2ccc(C(=O)NS(=O)(=O)c3ccc4cccc(OCc5ccc(C(=O)O)cc5)c4c3)cc2C(=O)N2CCc3ccccc3C2)c(C)c1Cl,890.4589999999998,8.624120000000005,2.0,8.0
CHEMBL2031013,active,6.7447274948966935,CCCCN(CCCC)C(=O)c1nn(-c2ccc(C(=O)NS(=O)(=O)c3ccc4cccc(S(=O)(=O)CC)c4c3)cc2C(=O)N2CCc3ccccc3C2)c(C)c1Cl,832.4449999999996,7.140520000000008,1.0,8.0
CHEMBL2031012,active,7.522878745280337,CCCCN(CCCC)C(=O)c1nn(-c2ccc(C(=O)NS(=O)(=O)c3ccc4ccccc4c3)cc2C(=O)N2CCc3ccccc3C2)c(C)c1Cl,740.3259999999998,7.346920000000009,1.0,6.0
CHEMBL3917569,active,6.638272163982407,CCCCN(CCCC)C(=O)c1nn(-c2ccc(C(=O)NS(=O)(=O)c3ccc4ccccc4c3)cc2C(=O)N2CCc3ccccc3C2)cc1C,705.8809999999999,6.6935200000000075,1.0,6.0
CHEMBL2031023,active,6.1487416512809245,CCCCN(CCCC)C(=O)c1nn(-c2ccc(C(=O)NS(=O)(=O)c3ccc4ccccc4c3)cc2C(=O)N2CCc3ccccc3C2C)c(C)c1Cl,754.3529999999998,7.90792000000001,1.0,6.0
CHEMBL2031032,active,7.585026652029182,CCCCN(CCCC)C(=O)c1nn(-c2ccc(C(=O)NS(=O)(=O)c3ccc4ccccc4c3)cc2C(=O)N2CNc3ccccc3C2)c(C)c1Cl,741.3139999999999,7.173820000000008,2.0,7.0
CHEMBL2031031,active,6.920818753952375,CCCCN(CCCC)C(=O)c1nn(-c2ccc(C(=O)NS(=O)(=O)c3ccc4ccccc4c3)cc2C(=O)N2COc3ccccc3C2)c(C)c1Cl,742.2979999999999,7.140720000000009,1.0,7.0
CHEMBL2031027,active,8.075204004202087,CCCCN(CCCC)C(=O)c1nn(-c2ccc(C(=O)NS(=O)(=O)c3ccc4ccccc4c3)cc2C(=O)N2Cc3ccccc3C[C@H]2CN)c(C)c1Cl,769.3679999999997,6.674220000000006,2.0,7.0
CHEMBL2031030,active,7.327902142064283,CCCCN(CCCC)C(=O)c1nn(-c2ccc(C(=O)NS(=O)(=O)c3ccc4ccccc4c3)cc2C(=O)N2Cc3ccccc3C[C@H]2CN2CCCC2)c(C)c1Cl,823.4599999999995,7.81132000000001,1.0,7.0
CHEMBL2031028,active,6.853871964321762,CCCCN(CCCC)C(=O)c1nn(-c2ccc(C(=O)NS(=O)(=O)c3ccc4ccccc4c3)cc2C(=O)N2Cc3ccccc3C[C@H]2CN2CCN(C)CC2)c(C)c1Cl,852.5019999999994,6.962920000000008,1.0,8.0
CHEMBL3964058,active,7.045757490560675,CCCCN(CCCC)C(=O)c1nn(-c2ccc(C(=O)NS(=O)(=O)c3ccc4ccccc4c3)cc2C(=O)N2Cc3ccccc3C[C@H]2CN2CCN(CCO)CC2)c(C)c1Cl,882.5279999999993,6.325420000000007,2.0,9.0
CHEMBL2031029,active,7.853871964321762,CCCCN(CCCC)C(=O)c1nn(-c2ccc(C(=O)NS(=O)(=O)c3ccc4ccccc4c3)cc2C(=O)N2Cc3ccccc3C[C@H]2CN2CCOCC2)c(C)c1Cl,839.4589999999995,7.047720000000008,1.0,8.0
CHEMBL3963300,active,7.698970004336019,CCCCN(CCCC)C(=O)c1nn(-c2ccc(C(=O)NS(=O)(=O)c3ccc4ccccc4c3)cc2C(=O)N2Cc3ccccc3C[C@H]2CNC2CCN(C)CC2)c(C)c1Cl,866.5289999999994,7.399320000000008,2.0,8.0
CHEMBL2031024,active,7.301029995663981,CCCCN(CCCC)C(=O)c1nn(-c2ccc(C(=O)NS(=O)(=O)c3ccc4ccccc4c3)cc2C(=O)N2Cc3ccccc3C[C@H]2CO)c(C)c1Cl,770.3519999999999,6.707820000000009,2.0,7.0
CHEMBL2031025,active,7.698970004336019,CCCCN(CCCC)C(=O)c1nn(-c2ccc(C(=O)NS(=O)(=O)c3ccc4ccccc4c3)cc2C(=O)N2Cc3ccccc3C[C@H]2COCCCOC)c(C)c1Cl,842.4589999999996,7.768620000000009,1.0,8.0
CHEMBL2031026,active,8.0,CCCCN(CCCC)C(=O)c1nn(-c2ccc(C(=O)NS(=O)(=O)c3ccc4ccccc4c3)cc2C(=O)N2Cc3ccccc3C[C@H]2COCCN(C)C)c(C)c1Cl,841.4749999999996,7.293720000000008,1.0,8.0
CHEMBL3975289,active,7.301029995663981,CCCCN(CCCC)C(=O)c1nn(-c2ccc(C(=O)NS(=O)(=O)c3ccc4ccccc4c3)cc2C(=O)N2Cc3ccccc3C[C@H]2COCCO)c(C)c1Cl,814.4049999999997,6.724420000000008,2.0,8.0
CHEMBL3963540,active,6.356547323513812,CCCCN(CCCC)C(=O)c1nn(-c2ccc(C(=O)NS(=O)(=O)c3ccc4ccccc4c3)cc2C(=O)N2Cc3ccccc3S(=O)(=O)C2)c(C)c1Cl,790.3639999999999,6.535620000000008,1.0,8.0
CHEMBL3891889,active,6.0655015487564325,CCCCN(CCCC)C(=O)c1nn(-c2ccc(CNS(=O)(=O)c3ccc4ccc(OCCC5CCCN5C)cc4c3)cc2C(=O)N2CCc3ccccc3C2)c(C)c1Cl,853.5299999999996,8.569820000000007,1.0,7.0
CHEMBL481775,active,6.403402904373539,CCCCN(CCCC)C(=O)c1nn(-c2ccc(N)cc2C(=O)N2CCc3ccccc3C2)c(C)c1Cl,522.0930000000003,5.657220000000006,1.0,4.0
CHEMBL518649,active,6.42021640338319,CCCCN(CCCC)C(=O)c1nn(-c2ccc(N)cc2C(=O)N2Cc3ccccc3C[C@H]2CN)c(C)c1Cl,551.1350000000003,4.984520000000003,2.0,5.0
CHEMBL504480,active,7.070581074285707,CCCCN(CCCC)C(=O)c1nn(-c2ccc(NC(=O)COc3ccccc3)cc2C(=O)N2CCc3ccccc3C2)c(C)c1Cl,656.2270000000001,7.092520000000008,1.0,5.0
CHEMBL508392,active,7.522878745280337,CCCCN(CCCC)C(=O)c1nn(-c2ccc(NC(=O)COc3ccccc3)cc2C(=O)N2Cc3ccccc3C[C@H]2CN)c(C)c1Cl,685.2689999999999,6.419820000000006,2.0,6.0
CHEMBL449546,active,6.809668301829708,CCCCN(CCCC)C(=O)c1nn(-c2ccc(NC(=O)Cc3ccccc3)cc2C(=O)N2CCc3ccccc3C2)c(C)c1Cl,640.2280000000001,7.256220000000009,1.0,4.0
CHEMBL446802,active,6.0915149811213505,CCCCN(CCCC)C(=O)c1nn(-c2ccc(NC(=O)c3ccccc3)cc2C(=O)N2CCc3ccccc3C2)c(C)c1Cl,626.201,7.327320000000008,1.0,4.0
CHEMBL498873,active,6.187086643357144,CCCCN(CCCC)C(=O)c1nn(-c2ccc(NCc3ccncc3)cc2C(=O)N2Cc3ccccc3C[C@H]2CN)c(C)c1Cl,642.2479999999999,6.409420000000006,2.0,6.0
CHEMBL450954,active,6.6020599913279625,CCCCN(CCCC)C(=O)c1nn(-c2ccc(NS(=O)(=O)Cc3ccccc3)cc2C(=O)N2CCc3ccccc3C2)c(C)c1Cl,676.283,7.016920000000009,1.0,5.0
CHEMBL2031011,active,6.040958607678906,CCCCN(CCCC)C(=O)c1nn(-c2ccc(NS(=O)(=O)c3cc(Cl)cc(Cl)c3O)cc2C(=O)N2CCc3ccccc3C2)c(C)c1Cl,747.1449999999996,7.8882200000000084,2.0,6.0
CHEMBL3895678,active,6.281730882868638,CCCCN(CCCC)C(=O)c1nn(-c2ccc(O)cc2C(=O)N2Cc3ccccc3C[C@H]2CO)c(C)c1Cl,553.1030000000003,5.141520000000006,2.0,5.0
CHEMBL3923681,active,6.0494501716770515,CCCCN(CCCC)C(=O)c1nn(-c2ccc(OC)cc2C(=O)N2Cc3ccccc3C[C@H]2CO)c(C)c1Cl,567.1300000000002,5.444520000000007,1.0,5.0
CHEMBL3929521,active,6.358178989109644,CCCCN(CCCC)C(=O)c1nn(-c2ccc(OCC(=O)Nc3ccccc3)cc2C(=O)N2Cc3ccccc3C[C@H]2CO)c(C)c1Cl,686.253,6.453420000000008,2.0,6.0
CHEMBL3920752,active,6.844937380776079,CCCCN(CCCC)C(=O)c1nn(-c2ccc(OCC(=O)O)cc2C(=O)N2Cc3ccccc3C[C@H]2CO)c(C)c1Cl,611.1390000000002,4.899320000000006,2.0,6.0
CHEMBL3948552,active,6.3487219860018556,CCCCN(CCCC)C(=O)c1nn(-c2ccc(OCC(=O)OCC)cc2C(=O)N2Cc3ccccc3C[C@H]2CO)c(C)c1Cl,639.1930000000002,5.377820000000007,1.0,7.0
CHEMBL454411,active,7.376750709602099,CCCCN(CCCC)C(=O)c1nn(-c2cccc(C)c2C(=O)N2Cc3ccccc3C[C@H]2CN)c(C)c1Cl,550.1470000000004,5.710740000000006,1.0,4.0
CHEMBL481581,active,7.045757490560675,CCCCN(CCCC)C(=O)c1nn(-c2ccccc2C(=O)N2Cc3ccccc3C[C@H]2CN)c(C)c1Cl,536.1200000000003,5.402320000000005,1.0,4.0
CHEMBL5746825,active,6.3487219860018556,CCCCN(CCCC)C(=O)c1nn(-c2ccccc2C(=O)N2Cc3ccccc3C[C@H]2CN)c2ccccc12,537.7080000000003,5.5937000000000054,1.0,4.0
CHEMBL467229,active,6.356547323513812,CCCCN(CCCC)C(=O)c1nn(-c2ccccc2C(=O)N2Cc3ccccc3C[C@H]2CO)c(C)c1Cl,537.1040000000004,5.4359200000000065,1.0,4.0
CHEMBL3986556,active,8.0,CCCCN(CCCC)c1ccc(Br)c(-c2ccc(C(=O)NS(=O)(=O)c3ccc4cccc(Cl)c4c3)cc2C(=O)N2CCc3ccccc3C2)n1,788.2079999999997,9.041500000000003,1.0,6.0
CHEMBL2031006,active,6.958607314841775,CCCCN(CCCC)c1ncc(C)c(-c2ccc(C(=O)NS(=O)(=O)c3ccc4ccccc4c3)cc2C(=O)N2CCc3ccccc3C2)n1,689.8819999999998,7.329020000000009,1.0,7.0
CHEMBL2031005,active,6.795880017344075,CCCCN(CCCC)c1ncc(Cl)c(-c2ccc(C(=O)NS(=O)(=O)c3ccc4ccccc4c3)cc2C(=O)N2CCc3ccccc3C2)n1,710.2999999999998,7.674000000000009,1.0,7.0
CHEMBL3957861,active,7.221848749616356,CCCCN(CCCC)c1ncc(Cl)c(-c2ccc(C(=O)NS(=O)(=O)c3ccc4ccccc4c3)cc2C(=O)N2Cc3ccccc3C[C@H]2CO)n1,740.3259999999999,7.03490000000001,2.0,8.0
CHEMBL2031002,active,6.920818753952375,CCCCN(CCCC)c1nccc(-c2ccc(C(=O)NS(=O)(=O)c3ccc4c(c3)CCN4Cc3ccc(Cl)c(Cl)c3)cc2C(=O)N2CCc3ccccc3C2)n1,825.8629999999998,8.736900000000006,1.0,8.0
CHEMBL2031001,active,6.853871964321762,CCCCN(CCCC)c1nccc(-c2ccc(C(=O)NS(=O)(=O)c3ccc4ccc(I)cc4c3)cc2C(=O)N2CCc3ccccc3C2)n1,801.7509999999996,7.625200000000009,1.0,7.0
CHEMBL2030866,active,6.920818753952375,CCCCN(CCCC)c1nccc(-c2ccc(C(=O)NS(=O)(=O)c3ccc4cccc(Cl)c4c3)cc2C(=O)N2CCc3ccccc3C2)n1,710.2999999999998,7.674000000000009,1.0,7.0
CHEMBL2031004,active,6.795880017344075,CCCCN(CCCC)c1nccc(-c2ccc(C(=O)NS(=O)(=O)c3ccc4cccc(Cl)c4c3)cc2C(=O)N2Cc3ccccc3C[C@H]2CO)n1,740.3259999999999,7.03490000000001,2.0,8.0
CHEMBL2030865,active,6.154901959985743,CCCCN(CCCC)c1nccc(-c2ccc(C(=O)NS(=O)(=O)c3ccc4ccccc4c3)cc2C(=O)N2CCc3ccccc3C2)n1,675.8549999999998,7.020600000000008,1.0,7.0
CHEMBL2031003,active,6.366531544420414,CCCCN(CCCC)c1nccc(-c2ccc(C(=O)NS(=O)(=O)c3ccc4ccccc4c3)cc2C(=O)N2Cc3ccccc3C[C@H]2CN)n1,704.8969999999997,6.347900000000006,2.0,8.0
CHEMBL3964186,active,6.585026652029182,CCCCN(CCCC)c1nn(-c2ccc(C(=O)NS(=O)(=O)c3ccc4ccccc4c3)cc2C(=O)N2CCc3ccccc3C2)c(C)c1Cl,712.3159999999998,7.711120000000009,1.0,6.0
CHEMBL3942482,active,7.522878745280337,CCCCN(CCc1ccc(Cl)c(Cl)c1)C(=O)c1nn(-c2ccc(C(=O)NS(=O)(=O)c3ccc4ccccc4c3)cc2C(=O)N2CCc3ccccc3C2)c(C)c1Cl,857.2599999999998,9.096320000000002,1.0,6.0
CHEMBL3963735,active,8.0,CCCCN(Cc1ccc(-c2ccc(CC(=O)O)cc2)cc1)C(=O)c1nn(-c2ccc(C(=O)NS(=O)(=O)c3ccc4c(c3)CCN4Cc3ccc(Cl)c(Cl)c3)cc2C(=O)N2CCc3ccccc3C2)c(C)c1Cl,1058.4849999999992,10.757419999999993,2.0,8.0
CHEMBL3945459,active,7.698970004336019,CCCCN(Cc1ccc(Cl)c(Cl)c1)C(=O)c1nn(-c2ccc(C(=O)NS(=O)(=O)c3ccc4ccc(I)cc4c3)cc2C(=O)N2CCc3ccccc3C2)c(C)c1Cl,969.1289999999998,9.658419999999998,1.0,6.0
CHEMBL3906577,active,8.071092309756047,CCCCN(Cc1ccc(Cl)c(Cl)c1)C(=O)c1nn(-c2ccc(C(=O)NS(=O)(=O)c3ccc4cccc(Cl)c4c3)cc2C(=O)N2Cc3ccccc3C[C@H]2CO)c(C)c1Cl,907.7039999999998,9.068120000000002,2.0,7.0
CHEMBL3912240,active,8.0,CCCCN(Cc1ccc(Cl)c(Cl)c1)c1ncc(Cl)c(-c2ccc(C(=O)NS(=O)(=O)c3ccc4cccc(Cl)c4c3)cc2C(=O)N2CCc3ccccc3C2)n1,847.6519999999998,10.034299999999995,1.0,7.0
CHEMBL4877337,inactive,4.795880017344075,CCCCNC1=C(C#N)C(=O)c2cccc3c(SC4CCCCC4)ccc1c23,390.55200000000025,6.085280000000005,1.0,4.0
CHEMBL2312481,active,6.703334809738469,CCCCNC1=C2C(=NC1=O)c1cccc3c(N4CCSCC4)ccc2c13,377.51300000000015,3.836700000000003,1.0,4.0
CHEMBL2312474,active,6.492144128304169,CCCCNC1=C2C(=NC1=O)c1cccc3c(Oc4ccc(C(C)C)cc4)ccc2c13,410.5170000000001,6.199200000000006,1.0,3.0
CHEMBL2312484,active,6.721246399047171,CCCCNC1=C2C(=NC1=O)c1cccc3c(Sc4ccc(N)cc4)ccc2c13,399.5190000000001,5.016900000000003,2.0,4.0
CHEMBL2312471,active,6.448550002027125,CCCCNC1=C2C(=NC1=O)c1cccc3c(Sc4ccc(OC)cc4)ccc2c13,414.53000000000014,5.443300000000004,1.0,4.0
CHEMBL2030854,active,7.346787486224656,CCCCOc1ccc(-n2nc(CO)c(-c3ccc(C(=O)NS(=O)(=O)c4ccc5ccccc5c4)cc3C(=O)N3CCc4ccccc4C3)c2CCCC)cc1,770.9519999999995,8.023500000000007,2.0,7.0
CHEMBL2030862,active,6.721246399047171,CCCCc1c(-c2ccc(C(=O)NS(=O)(=O)CC)cc2C(=O)N2CCc3ccccc3C2)c(CO)nn1-c1ccc(Oc2cccc(Cl)c2)cc1,727.2830000000002,7.097900000000009,2.0,7.0
CHEMBL3939961,active,6.236572006437063,CCCCc1c(-c2ccc(C(=O)NS(=O)(=O)CC[Si](C)(C)C)cc2C(=O)N2CCc3ccccc3C2)c(C(=O)OCC)nn1-c1ccccc1,714.961,6.654900000000008,1.0,7.0
CHEMBL2030861,active,6.721246399047171,CCCCc1c(-c2ccc(C(=O)NS(=O)(=O)CC[Si](C)(C)C)cc2C(=O)N2CCc3ccccc3C2)c(CO)nn1-c1ccccc1,672.9240000000001,5.9705000000000075,2.0,6.0
CHEMBL3966210,active,7.698970004336019,CCCCc1c(-c2ccc(C(=O)NS(=O)(=O)c3ccc4c(Cl)ccc(Br)c4c3)cc2C(=O)N2CCc3ccccc3C2)c(C(=O)OCC)nn1-c1ccc(Oc2cccc(Cl)c2)cc1,980.7649999999995,11.390599999999987,1.0,8.0
CHEMBL2030864,active,8.19586056766465,CCCCc1c(-c2ccc(C(=O)NS(=O)(=O)c3ccc4cccc(Cl)c4c3)cc2C(=O)N2CCc3ccccc3C2)c(CO)nn1-c1ccc(Oc2cccc(Cl)c2)cc1,859.832,9.943699999999994,2.0,7.0
CHEMBL2030846,active,6.769551078621726,CCCCc1c(-c2ccc(C(=O)NS(=O)(=O)c3ccc4ccccc4c3)cc2C(=O)N2CCc3ccccc3C2)c(C(=O)O)nn1-c1ccccc1,712.8280000000001,7.050500000000007,2.0,6.0
CHEMBL3927294,active,7.698970004336019,CCCCc1c(-c2ccc(C(=O)NS(=O)(=O)c3ccc4ccccc4c3)cc2C(=O)N2CCc3ccccc3C2)c(C(=O)OCC)nn1-c1ccc(Oc2cccc(Cl)c2)cc1,867.4239999999999,9.974699999999995,1.0,8.0
CHEMBL2030850,active,7.0,CCCCc1c(-c2ccc(C(=O)NS(=O)(=O)c3ccc4ccccc4c3)cc2C(=O)N2CCc3ccccc3C2)c(C(=O)OCC)nn1-c1ccc(Oc2ccccc2)cc1,832.9789999999999,9.321299999999999,1.0,8.0
CHEMBL2030849,active,6.853871964321762,CCCCc1c(-c2ccc(C(=O)NS(=O)(=O)c3ccc4ccccc4c3)cc2C(=O)N2CCc3ccccc3C2)c(C(=O)OCC)nn1-c1cccc(Oc2ccccc2)c1,832.9789999999999,9.321299999999999,1.0,8.0
CHEMBL2030845,active,6.180456064458132,CCCCc1c(-c2ccc(C(=O)NS(=O)(=O)c3ccc4ccccc4c3)cc2C(=O)N2CCc3ccccc3C2)c(C(=O)OCC)nn1-c1ccccc1,740.882,7.529000000000008,1.0,7.0
CHEMBL2030855,active,8.154901959985743,CCCCc1c(-c2ccc(C(=O)NS(=O)(=O)c3ccc4ccccc4c3)cc2C(=O)N2CCc3ccccc3C2)c(CO)nn1-c1ccc(-c2ccccc2)cc1,774.943,8.511600000000005,2.0,6.0
CHEMBL2030857,active,7.853871964321762,CCCCc1c(-c2ccc(C(=O)NS(=O)(=O)c3ccc4ccccc4c3)cc2C(=O)N2CCc3ccccc3C2)c(CO)nn1-c1ccc(CCCO)cc1,756.9249999999998,6.769500000000009,3.0,7.0
CHEMBL2030856,active,7.698970004336019,CCCCc1c(-c2ccc(C(=O)NS(=O)(=O)c3ccc4ccccc4c3)cc2C(=O)N2CCc3ccccc3C2)c(CO)nn1-c1ccc(CCO)cc1,742.8979999999999,6.379400000000008,3.0,7.0
CHEMBL3982792,active,8.089909454405932,CCCCc1c(-c2ccc(C(=O)NS(=O)(=O)c3ccc4ccccc4c3)cc2C(=O)N2CCc3ccccc3C2)c(CO)nn1-c1ccc(OCC(O)CO)cc1,788.923,5.576600000000007,4.0,9.0
CHEMBL2030852,active,7.698970004336019,CCCCc1c(-c2ccc(C(=O)NS(=O)(=O)c3ccc4ccccc4c3)cc2C(=O)N2CCc3ccccc3C2)c(CO)nn1-c1ccc(Oc2ccc(Cl)cc2)cc1,825.387,9.290299999999998,2.0,7.0
CHEMBL2030853,active,8.106238237942057,CCCCc1c(-c2ccc(C(=O)NS(=O)(=O)c3ccc4ccccc4c3)cc2C(=O)N2CCc3ccccc3C2)c(CO)nn1-c1ccc(Oc2cccc(Cl)c2)cc1,825.387,9.290299999999998,2.0,7.0
CHEMBL2030851,active,6.886056647693163,CCCCc1c(-c2ccc(C(=O)NS(=O)(=O)c3ccc4ccccc4c3)cc2C(=O)N2CCc3ccccc3C2)c(CO)nn1-c1ccc(Oc2ccccc2)cc1,790.942,8.636900000000004,2.0,7.0
CHEMBL2030858,active,7.1487416512809245,CCCCc1c(-c2ccc(C(=O)NS(=O)(=O)c3ccc4ccccc4c3)cc2C(=O)N2CCc3ccccc3C2)c(CO)nn1-c1cccc(CO)c1,728.871,6.336900000000009,3.0,7.0
CHEMBL2030847,active,7.214670164989233,CCCCc1c(-c2ccc(C(=O)NS(=O)(=O)c3ccc4ccccc4c3)cc2C(=O)N2CCc3ccccc3C2)c(CO)nn1-c1ccccc1,698.845,6.844600000000008,2.0,6.0
CHEMBL2030860,active,7.619788758288394,CCCCc1c(-c2ccc(C(=O)NS(=O)(=O)c3ccc4ccccc4c3)cc2C(=O)N2Cc3ccccc3C[C@H]2CN)c(CO)nn1-c1ccccc1,727.8869999999998,6.171900000000006,3.0,7.0
CHEMBL2030859,active,8.0,CCCCc1c(-c2ccc(C(=O)NS(=O)(=O)c3ccc4ccccc4c3)cc2C(=O)N2Cc3ccccc3C[C@H]2CO)c(CO)nn1-c1ccccc1,728.871,6.205500000000008,3.0,7.0
CHEMBL5898424,active,7.301029995663981,CCCCc1ccccc1C1CCCN1C1CC=C(c2ccc(C(=O)NS(=O)(=O)c3ccc(NCC4CCOCC4)c([N+](=O)[O-])c3)c(Oc3cnc4[nH]ccc4c3)c2)CC1,833.0239999999997,9.336200000000002,3.0,10.0
CHEMBL2325762,active,7.638272163982407,CCCCn1c(C)c(C(=O)O)c(-c2cccc(N3CCN(c4ccc(NS(=O)(=O)c5ccc(N[C@H](CCN(C)C)CSc6ccccc6)c([N+](=O)[O-])c5)cc4)CC3)c2)c1-c1ccc(Cl)cc1,950.6279999999998,10.842319999999992,3.0,10.0
CHEMBL2170840,active,7.106793246940152,CCCCn1c(C)c(C(=O)O)c(-c2cccc(N3CCN(c4ccc(NS(=O)(=O)c5ccc(N[C@H](CCN6CCC(O)CC6)CSc6ccccc6)c(S(=O)(=O)C(F)(F)F)c5)cc4)CC3)c2)c1-c1ccc(Cl)cc1,1093.7569999999998,11.122719999999989,4.0,11.0
CHEMBL5747447,active,8.585026652029182,CCCN(C(=O)c1cc(-c2cc3c(cc2C(=O)N2Cc4ccccc4C[C@H]2CN2CCOCC2)CN(C(=O)Cc2ccccc2)CC3)n(C)c1C)c1ccc(O)cc1,779.9820000000001,6.789620000000009,1.0,6.0
CHEMBL5914383,active,8.602059991327963,CCCN(C(=O)c1cc(-c2cc3c(cc2C(=O)N2Cc4ccccc4C[C@H]2CN2CCOCC2)CN(C(=O)Oc2ccccc2)CC3)n(C)c1C)c1ccc(O)cc1,781.9540000000001,7.2193200000000095,1.0,7.0
CHEMBL2031008,active,8.293282217663242,CCCN(CCC)c1ncc(Cl)c(-c2ccc(C(=O)NS(=O)(=O)c3ccc4cccc(Cl)c4c3)cc2C(=O)N2Cc3ccccc3C[C@H]2CN)n1,745.7329999999998,6.874500000000008,2.0,8.0
CHEMBL2031009,active,8.056505484093897,CCCN(CCC)c1ncc(Cl)c(-c2ccc(C(=O)NS(=O)(=O)c3ccc4cccc(Cl)c4c3)cc2C(=O)N2Cc3ccccc3C[C@H]2CO)n1,746.717,6.908100000000009,2.0,8.0
CHEMBL2031007,active,6.823908740944319,CCCN(CCC)c1nccc(-c2ccc(C(=O)NS(=O)(=O)c3ccc4ccccc4c3)cc2C(=O)N2CCc3ccccc3C2)n1,647.8009999999999,6.240400000000006,1.0,7.0
CHEMBL3927392,active,8.105683937315561,CCCN(CCC)c1nn(-c2ccc(C(=O)NS(=O)(=O)c3ccc4c(Cl)ccc(Br)c4c3)cc2C(=O)N2Cc3ccccc3C[C@H]2CO)c(C)c1Cl,827.6289999999998,7.70772000000001,2.0,7.0
CHEMBL3968982,active,7.3979400086720375,CCCN(CCC)c1nn(-c2ccc(C(=O)NS(=O)(=O)c3ccc4cccc(Cl)c4c3)cc2C(=O)N2CCc3ccccc3C2)c(C(F)(F)F)c1Cl,772.6769999999999,8.294700000000004,1.0,6.0
CHEMBL3894163,active,7.522878745280337,CCCN(CCC)c1nn(-c2ccc(C(=O)NS(=O)(=O)c3ccc4cccc(Cl)c4c3)cc2C(=O)N2Cc3ccccc3C[C@H]2CO)c(C(F)(F)F)c1Cl,802.703,7.655600000000007,2.0,7.0
CHEMBL3931099,active,7.221848749616356,CCCN(CCC)c1nn(-c2ccc(C(=O)NS(=O)(=O)c3ccc4ccccc4c3)cc2C(=O)N2Cc3ccccc3C[C@H]2CO)c(C)c1Cl,714.288,6.2918200000000075,2.0,7.0
CHEMBL6063832,active,7.721246399047171,CCCOc1ccccc1C1CCCN1C1CC=C(c2ccc(C(=O)NS(=O)(=O)c3ccc(NCC4CCOCC4)c([N+](=O)[O-])c3)c(Oc3cnc4[nH]ccc4c3)c2)CC1,834.9959999999996,8.782400000000003,3.0,11.0
CHEMBL5756431,active,7.7447274948966935,CCCc1ccccc1C1CCCN1C1CC=C(c2ccc(C(=O)NS(=O)(=O)c3ccc(NCC4CCOCC4)c([N+](=O)[O-])c3)c(Oc3cnc4[nH]ccc4c3)c2)CC1,818.9969999999997,8.946100000000003,3.0,10.0
CHEMBL5995017,active,10.040958607678906,CCCc1ccccc1[C@@H]1CCCN1C1CC2(CCN(c3ccc(C(=O)NS(=O)(=O)c4ccc(NC[C@H]5CC[C@](C)(O)CC5)c([N+](=O)[O-])c4)c(Oc4cnc5[nH]ccc5c4)c3)CC2)C1,890.1199999999994,9.273800000000003,4.0,11.0
CHEMBL2325761,active,8.0,CCCn1c(C)c(C(=O)O)c(-c2cccc(N3CCN(c4ccc(NS(=O)(=O)c5ccc(N[C@H](CCN(C)C)CSc6ccccc6)c([N+](=O)[O-])c5)cc4)CC3)c2)c1-c1ccc(Cl)cc1,936.6009999999999,10.452219999999995,3.0,10.0
CHEMBL2170839,active,7.521433504406157,CCCn1c(C)c(C(=O)O)c(-c2cccc(N3CCN(c4ccc(NS(=O)(=O)c5ccc(N[C@H](CCN6CCC(O)CC6)CSc6ccccc6)c(S(=O)(=O)C(F)(F)F)c5)cc4)CC3)c2)c1-c1ccc(Cl)cc1,1079.73,10.732619999999992,4.0,11.0
CHEMBL5196783,active,6.337242168318426,CCCn1cc(/C=N/N=C2\C(=O)Nc3ccc(C)cc32)c2ccccc21,344.41800000000006,4.135020000000003,1.0,3.0
CHEMBL5911510,active,8.455931955649724,CCN(C(=O)c1cc(-c2cc3c(cc2C(=O)N2Cc4ccccc4C[C@H]2CN2CCOCC2)CN(C(=O)Cc2ccccc2)CC3)n(C)c1C)c1ccc(O)cc1,765.9550000000002,6.399520000000009,1.0,6.0
CHEMBL5749911,active,8.431798275933005,CCN(C(=O)c1cc(-c2cc3c(cc2C(=O)N2Cc4ccccc4C[C@H]2CN2CCOCC2)CN(C(=O)Oc2ccccc2)CC3)n(C)c1C)c1ccc(O)cc1,767.9270000000001,6.829220000000009,1.0,7.0
CHEMBL520607,inactive,4.761953896871205,CCN(CC)C(=O)c1nn(-c2ccccc2C(=O)N2Cc3ccccc3C[C@H]2CO)c(C)c1Br,525.4470000000003,3.984620000000003,1.0,4.0
CHEMBL3703622,active,9.397940008672037,CCN(CC)CC1CN(CC[C@H](CSc2ccccc2)Nc2ccc(S(=O)(=O)NC(=O)c3ccc(N4CCC([C@@H](O)c5ccccc5-c5ccc(Cl)cc5)CC4)cc3)cc2S(=O)(=O)C(F)(F)F)CCO1,1042.709,9.3747,3.0,12.0
CHEMBL4852442,active,9.522878745280337,CCN(CC)CCCNc1ccc(S(=O)(=O)NC(=O)c2ccc(N3CCN(CC4=C(c5ccc(C(F)(F)F)cc5)CC(C)(C)CC4)CC3)cc2Oc2cnc3[nH]ccc3c2)cc1[N+](=O)[O-],917.0679999999998,9.330600000000002,3.0,11.0
CHEMBL3703617,active,9.522878745280337,CCN(CC)C[C@@H]1COCCN1CC[C@H](CSc1ccccc1)Nc1ccc(S(=O)(=O)NC(=O)c2ccc(N3CCC([C@@H](O)c4ccccc4-c4ccc(Cl)cc4)CC3)cc2)cc1S(=O)(=O)C(F)(F)F,1042.7089999999998,9.374700000000002,3.0,12.0
CHEMBL3703616,active,9.522878745280337,CCN(CC)C[C@H]1COCCN1CC[C@H](CSc1ccccc1)Nc1ccc(S(=O)(=O)NC(=O)c2ccc(N3CCC([C@@H](O)c4ccccc4-c4ccc(Cl)cc4)CC3)cc2)cc1S(=O)(=O)C(F)(F)F,1042.7089999999998,9.374700000000002,3.0,12.0
CHEMBL3962005,active,7.6020599913279625,CCN(CC)c1ccc(N(C(=O)c2cc(-c3cc(Cl)ccc3C(=O)N3Cc4ccccc4C[C@H]3CN3CCOCC3)n3c2CCCC3)c2ccc(O)cc2)cc1,772.3899999999998,8.574400000000004,1.0,6.0
CHEMBL3703609,active,8.522878745280337,CCN(CCO)CC[C@H](CSc1ccccc1)Nc1ccc(S(=O)(=O)NC(=O)c2ccc(N3CCC([C@@H](N)c4ccccc4-c4ccc(Cl)cc4)CC3)cc2)cc1S(=O)(=O)C(F)(F)F,958.591,8.612700000000006,4.0,11.0
CHEMBL3703601,active,9.301029995663981,CCN(CCO)CC[C@H](CSc1ccccc1)Nc1ccc(S(=O)(=O)NC(=O)c2ccc(N3CCC([C@@H](O)c4ccccc4-c4ccc(Cl)cc4)CC3)cc2)cc1S(=O)(=O)C(F)(F)F,959.5750000000002,8.646300000000005,4.0,11.0
CHEMBL5971739,active,8.0,CCN(CCO)CC[C@H](CSc1ccccc1)Nc1ccc(S(=O)(=O)NC(=O)c2ccc(N3CCN(CC4=C(C56CC(C(F)F)(C5)C6)CC(C)(C)CC4)CC3)cc2)cc1S(=O)(=O)C(F)(F)F,982.2169999999995,8.440000000000008,3.0,11.0
CHEMBL3902613,active,7.5376020021010435,CCN(CCOC)C[C@@H]1Cc2ccccc2CN1C(=O)c1ccc(Cl)cc1-c1cc(C(=O)N(c2ccc(O)cc2)c2ccc3c(ccn3C)c2)c2n1CCCC2,770.3739999999998,8.856000000000005,1.0,5.0
CHEMBL3703605,active,9.045757490560675,CCN(CCOP(=O)(O)O)CC[C@H](CSc1ccccc1)Nc1ccc(S(=O)(=O)NC(=O)c2ccc(N3CCC([C@@H](O)c4ccccc4-c4ccc(Cl)cc4)CC3)cc2)cc1S(=O)(=O)C(F)(F)F,1039.5539999999999,8.763300000000005,5.0,12.0
CHEMBL2398249,inactive,5.0,CCN1CC/C(=N/Nc2nc3ccccc3s2)c2cc(-c3cccc(C(=O)O)n3)ccc21,443.5320000000002,5.102700000000004,2.0,7.0
CHEMBL4851332,active,9.301029995663981,CCN1CCC(COc2ccc(S(=O)(=O)NC(=O)c3ccc(N4CCN(CC5=C(c6ccc(C(F)(F)F)cc6)CC(C)(C)CC5)CC4)cc3Oc3cnc4[nH]ccc4c3)cc2[N+](=O)[O-])CC1,930.0629999999996,9.297500000000003,2.0,11.0
CHEMBL5740596,active,10.67778070526608,CCN1CCN(C2CC3(CCN(c4ccc(C(=O)NS(=O)(=O)c5ccc(NCC6CCOCC6)c([N+](=O)[O-])c5)c(Oc5cnc6[nH]ccc6c5)c4)CC3)C2)C(c2ccccc2C2CC2)C1,903.1189999999998,8.225800000000007,3.0,12.0
CHEMBL5923406,active,7.187086643357144,CCN1CCc2cc(-c3cc(C(=O)N(C)c4ccc(O)cc4)c4n3CCCC4)c(C(=O)N3Cc4ccccc4C[C@H]3C)cc2C1,602.7790000000001,6.438600000000008,1.0,4.0
CHEMBL3912115,active,7.6777807052660805,CCN1CCc2cc(N(C(=O)c3cc(-c4cc5c(cc4C(=O)N4Cc6ccccc6C[C@H]4CN4CCOCC4)OCO5)n4ccccc34)c3ccc(O)cc3)ccc21,775.9060000000003,7.300800000000009,1.0,8.0
CHEMBL5824288,active,7.721246399047171,CCNC(=O)N1Cc2cc(C(=O)N3Cc4ccccc4C[C@H]3C)c(-c3cc(C(=O)N(C)c4ccc(O)cc4)c(C)n3C)cc2C1,605.739,5.614820000000007,2.0,4.0
CHEMBL3701320,active,7.146301788223826,CCNC(=O)NCc1ccc(-c2cc(C(=O)N(C)c3ccc(O)cc3)c(C)n2C)c(C(=O)N2Cc3ccccc3C[C@H]2C)c1,593.7280000000002,5.388820000000005,3.0,4.0
CHEMBL3701336,active,7.539102157243452,CCNC(=O)NCc1ccc(C(=O)N2Cc3ccccc3C[C@H]2C)c(-c2cc(C(=O)N(C)c3ccc(O)cc3)c(C)n2C)c1,593.7280000000002,5.388820000000006,3.0,4.0
CHEMBL4111781,active,9.522878745280337,CCNC[C@@H]1COCCN1CC[C@H](CSc1ccccc1)Nc1ccc(S(=O)(=O)NC(=O)c2ccc(N3CCC([C@@H](O)c4ccccc4-c4ccc(Cl)cc4)CC3)cc2)cc1S(=O)(=O)C(F)(F)F,1014.6549999999999,8.642400000000006,4.0,12.0
CHEMBL3311492,active,7.769551078621726,CCOC(=O)C1(Cc2ccccc2-c2ccc(Cl)cc2)CCN(c2ccc(C(=O)NS(=O)(=O)c3ccc(N[C@H](CCN4CCOCC4)CSc4ccccc4)c(S(=O)(=O)C(F)(F)F)c3)cc2)CC1,1013.6229999999998,9.106700000000004,2.0,12.0
CHEMBL1417970,inactive,4.0,CCOC(=O)CS(=O)(=O)c1nc(-c2ccc(F)cc2)cc(C(F)(F)F)n1,392.33000000000004,2.638300000000001,0.0,6.0
CHEMBL5182854,active,7.484126156288321,CCOC(=O)Nc1ccc(C2=NN(C(=O)c3ccc(Br)cc3)C(c3ccccc3)C2)cc1,492.3730000000001,6.009000000000005,1.0,4.0
CHEMBL2063895,active,7.339134521996131,CCOC(=O)c1c(-c2cccc(N3CCN(c4ccc(NS(=O)(=O)c5ccc(N[C@H](CCN(C)C)CSc6ccccc6)c([N+](=O)[O-])c5)cc4)CC3)c2)c(-c2ccc(Cl)cc2)cn1C,922.574,9.749299999999998,2.0,11.0
CHEMBL3703624,active,7.522878745280337,CCOP(=O)(OCC)O[C@@H](c1ccccc1-c1ccc(Cl)cc1)C1CCN(c2ccc(C(=O)NS(=O)(=O)c3ccc(N[C@H](CCN4CCOCC4)CSc4ccccc4)c(S(=O)(=O)C(F)(F)F)c3)cc2)CC1,1093.646,10.869699999999991,2.0,14.0
CHEMBL5907696,active,7.301029995663981,CCOc1ccc(-c2nc(CN(C(=O)c3cc(-c4cc5c(cc4C(=O)N4Cc6ccccc6C[C@H]4CN4CCOCC4)OCO5)n4c3CCCC4)c3ccc(O)cc3)c(C)o2)cc1,849.9849999999998,8.03412000000001,1.0,10.0
CHEMBL3962412,active,7.366531544420414,CCOc1ccc(C(=O)N2Cc3ccccc3C[C@H]2CN2CCOCC2)c(-c2cc(C(=O)N(c3ccc(O)cc3)c3ccc4c(ccn4C)c3)c3n2CCCC3)c1,763.939,7.965200000000011,1.0,6.0
CHEMBL5556265,active,10.022276394711152,CCOc1ccccc1[C@@H]1CCCN1C1CC2(CCN(c3ccc(C(=O)NS(=O)(=O)c4ccc(NCC5CCOCC5)c([N+](=O)[O-])c4)c(Oc4cnc5[nH]ccc5c4)c3)CC2)C1,864.0379999999996,8.205400000000008,3.0,12.0
CHEMBL5862634,active,8.42021640338319,CCS(=O)(=O)N1CCc2cc(-c3cc(C(=O)N(C)c4ccc(O)cc4)c4n3CCCC4)c(C(=O)N3Cc4ccccc4C[C@H]3C)cc2C1,666.8440000000002,5.768400000000007,1.0,5.0
CHEMBL5789940,active,7.42021640338319,CCS(=O)(=O)N1Cc2cc(C(=O)N3Cc4ccccc4C[C@H]3CN3CCOCC3)c(-c3cc(C(=O)N(C)c4ccc(O)cc4)c4n3CCCC4)cc2C1,737.923,5.038200000000005,1.0,7.0
CHEMBL2170844,active,6.08196966321512,CCS(=O)(=O)c1cccc(S(=O)(=O)Nc2ccc(N3CCN(c4cccc(-c5c(C(=O)NCCCN6CCN(C)CC6)c(C)n(C)c5-c5ccc(Cl)cc5)c4)CC3)cc2)c1,872.5579999999995,6.609220000000008,2.0,9.0
CHEMBL409228,active,6.187086643357144,CC[C@H](C)[C@H](NC(=O)[C@H](C)NC(=O)[C@H](CC(C)C)NC(=O)[C@H](CCC(N)=O)NC(=O)[C@H](CCCN=C(N)N)NC(=O)CNC(=O)[C@@H](NC(=O)[C@H](CCC(N)=O)NC(=O)CNC(=O)[C@H](C)NC(=O)[C@H](C)NC(=O)[C@H](Cc1c[nH]c2ccccc12)NC(=O)[C@H](CC(C)C)NC(=O)[C@@H](N)CC(N)=O)C(C)C)C(=O)N[C@H](C(=O)NCC(=O)N[C@@H](CC(=O)O)C(=O)N[C@@H](CC(=O)O)C(=O)N[C@H](C(=O)N[C@@H](CC(N)=O)C(=O)N[C@@H](CCCN=C(N)N)C(=O)N[C@@H](CO)C(=O)N[C@@H](Cc1ccccc1)C(=O)N[C@@H](CCCCN)C(=O)NCC(=O)N[C@@H](CC(C)C)C(=O)O)[C@@H](C)CC)[C@@H](C)CC,2813.2209999999955,-12.537400000000043,40.0,37.0
CHEMBL413158,inactive,4.650916831220409,CC[C@H](C)[C@H](NC(=O)[C@H](CC(N)=O)NC(=O)[C@@H](N)CCCN=C(N)N)C(=O)N[C@@H](C)C(=O)N[C@@H](CCCN=C(N)N)C(=O)N[C@@H](Cc1c[nH]cn1)C(=O)N[C@@H](CC(C)C)C(=O)N[C@@H](C)C(=O)N[C@@H](CCC(N)=O)C(=O)N[C@H](C(=O)NCC(=O)N[C@@H](CC(=O)O)C(=O)N[C@@H](CO)C(=O)N[C@@H](CCSC)C(=O)N[C@@H](CC(=O)O)C(=O)N[C@@H](CCCN=C(N)N)C(=O)O)C(C)C,1839.0760000000005,-11.94799999999989,29.0,27.0
CHEMBL438732,inactive,4.851397345193907,CC[C@H](C)[C@H](NC(=O)[C@H](CC(N)=O)NC(=O)[C@H](CCCN=C(N)N)NC(=O)[C@@H](NC(=O)[C@@H](NC(=O)[C@H](CC(=O)O)NC(=O)[C@H](CCC(=O)O)NC(=O)[C@@H](N)CCC(N)=O)[C@@H](C)CC)[C@@H](C)CC)C(=O)N[C@@H](C)C(=O)N[C@@H](CCCN=C(N)N)C(=O)N[C@@H](Cc1c[nH]cn1)C(=O)N[C@@H](CC(C)C)C(=O)N[C@@H](C)C(=O)N[C@@H](CCC(N)=O)C(=O)N[C@H](C(=O)NCC(=O)N[C@@H](CC(=O)O)C(=O)N[C@@H](CO)C(=O)N[C@@H](CCSC)C(=O)N[C@@H](CC(=O)O)C(=O)N[C@@H](CCCN=C(N)N)C(=O)N[C@@H](CO)C(=O)N[C@H](C(=O)N1CCC[C@H]1C(=O)N1CCC[C@H]1C(=O)NCC(=O)O)[C@@H](C)CC)C(C)C,2889.253999999996,-15.720600000000056,41.0,41.0
CHEMBL2442251,active,8.481486060122112,CC[C@H](C)[C@H](NC(=O)[C@H](CCC(=O)O)NC(=O)[C@H](CCCNC(=N)N)NC(=O)[C@H](C)NC(=O)[C@H](Cc1c[nH]c2ccccc12)NC(=O)[C@H](CCC(N)=O)NC(=O)[C@H](CCC(=O)O)NC(=O)[C@@H](N)CCC(=O)O)C(=O)NCC(=O)N[C@@H](C)C(=O)N[C@@H](CCC(N)=O)C(=O)N[C@@H](CC(C)C)C(=O)N[C@@H](CCCNC(=N)N)C(=O)N[C@@H](CCCNC(=N)N)C(=O)N[C@@H](CCSC)C(=O)N[C@@H](C)C(=O)N[C@@H](CC(=O)O)C(=O)N[C@@H](CC(=O)O)C(=O)N[C@@H](CC(C)C)C(=O)N[C@@H](CC(N)=O)C(=O)N[C@@H](C)C(=O)N[C@@H](CCC(N)=O)C(=O)N[C@@H](Cc1ccc(O)cc1)C(=O)N[C@@H](CCC(=O)O)C(=O)N[C@@H](CCCNC(=N)N)C(=O)O,3049.341999999993,-14.558220000000059,50.0,42.0
CHEMBL414287,inactive,4.536554968229572,CC[C@H](C)[C@H](NC(=O)[C@H](CCCN=C(N)N)NC(=O)[C@H](CCCCN)NC(=O)[C@H](CC(C)C)NC(=O)[C@H](CS)NC(=O)[C@H](CCC(=O)O)NC(=O)[C@H](CO)NC(=O)[C@H](CC(C)C)NC(=O)[C@H](CCCCN)NC(=O)[C@@H](N)CCCCN)C(=O)NCC(=O)N[C@@H](CC(=O)O)C(=O)N[C@@H](CCC(=O)O)C(=O)N[C@@H](CC(C)C)C(=O)N[C@@H](CC(=O)O)C(=O)N[C@@H](CO)C(=O)O,1834.1290000000013,-8.479899999999931,29.0,28.0
CHEMBL2371929,active,7.958607314841775,CC[C@H](C)[C@H](NC(=O)[C@H](CCCN=C(N)N)NC(=O)[C@H](CCCN=C(N)N)NC(=O)[C@H](CC(C)C)NC(=O)[C@H](CCC(=O)O)NC(=O)[C@H](CCC(N)=O)NC(=O)[C@H](C)NC(=O)[C@@H](NC(=O)[C@H](Cc1c[nH]c2ccccc12)NC(=O)[C@@H](NC(=O)[C@H](CCC(=O)O)NC(=O)[C@@H]1CCCN1C(=O)[C@H](CCCN=C(N)N)NC(=O)[C@H](CCSC)NC(=O)[C@@H](N)CC(=O)O)[C@@H](C)CC)[C@@H](C)CC)C(=O)NCC(=O)N[C@@H](CC(=O)O)C(=O)N[C@@H](CCC(=O)O)C(=O)N[C@@H](Cc1ccccc1)C(=O)N[C@@H](CC(N)=O)C(=O)N[C@@H](C)C(=O)N[C@@H](Cc1ccc(O)cc1)C(=O)N[C@@H](Cc1ccc(O)cc1)C(=O)N[C@@H](C)C(=O)N[C@@H](CCCN=C(N)N)C(=O)N[C@@H](CCCN=C(N)N)C(=O)O,3269.7049999999913,-11.530900000000074,46.0,42.0
CHEMBL4853795,inactive,4.698970004336019,CC[n+]1ccccc1/C=c1\s/c(=C2/Sc3ccccc3N2C)c(=O)n1C,382.5340000000001,1.8908000000000003,0.0,4.0
CHEMBL2063897,active,8.387216143280265,CCc1c(-c2ccc(Cl)cc2)c(-c2cccc(N3CCN(c4ccc(NS(=O)(=O)c5ccc(N[C@H](CCN(C)C)CSc6ccccc6)c([N+](=O)[O-])c5)cc4)CC3)c2)c(C(=O)O)n1C,922.5739999999997,9.833200000000001,3.0,10.0
CHEMBL5925442,active,8.853871964321762,CCc1c(Cl)cccc1[C@@H]1CCCN1C1CC2(CCN(c3ccc(C(=O)NS(=O)(=O)c4ccc(NCC5CCOCC5)c([N+](=O)[O-])c4)c(Oc4cnc5[nH]ccc5c4)c3)CC2)C1,882.4839999999995,9.0225,3.0,11.0
CHEMBL5812498,active,8.721246399047171,CCc1c(Cl)cccc1[C@H]1CCCN1C1CC2(CCN(c3ccc(C(=O)NS(=O)(=O)c4ccc(NCC5CCOCC5)c([N+](=O)[O-])c4)c(Oc4cnc5[nH]ccc5c4)c3)CC2)C1,882.4839999999995,9.0225,3.0,11.0
CHEMBL5885001,inactive,4.698970004336019,CCc1c2c(nn1C)CN(C)CCCCn1c(C(=O)O)c(CCCOc3cccc4c3CCC4)c3ccc(F)c-2c31,558.6980000000003,6.167400000000007,1.0,4.0
CHEMBL6058728,inactive,4.698970004336019,CCc1c2c(nn1C)CN(C)CCCCn1c(C(=O)O)c(CCCOc3cccc4c3CCCC4)c3ccc(F)c-2c31,572.7250000000004,6.557500000000007,1.0,4.0
CHEMBL5924328,inactive,4.698970004336019,CCc1c2c(nn1C)CN(C)CCCCn1c(C(=O)O)c(CCCOc3cccc4cc(F)ccc34)c3ccc(F)c-2c31,586.6830000000002,6.971000000000007,1.0,4.0
CHEMBL5757443,inactive,4.698970004336019,CCc1c2c(nn1C)CN(C)CCCCn1c(C(=O)O)c(CCCOc3cccc4ccccc34)c3ccc(F)c-2c31,568.6930000000002,6.831900000000008,1.0,4.0
CHEMBL5954440,inactive,4.698970004336019,CCc1c2c(nn1C)COC/C=C\Cn1c(C(=O)O)c(CCCOc3cccc4ccccc34)c3ccc(F)c-2c31,553.6340000000002,6.6927000000000065,1.0,4.0
CHEMBL5952326,inactive,4.698970004336019,CCc1c2c(nn1C)COCCCCn1c(C(=O)O)c(CCCOc3cc(C)c(Cl)c(C)c3)c3ccc(F)c-2c31,568.0890000000003,7.033740000000007,1.0,4.0
CHEMBL5988202,inactive,4.698970004336019,CCc1c2c(nn1C)COCCCCn1c(C(=O)O)c(CCCOc3ccc(F)c4ccccc34)c3ccc(F)c-2c31,573.6400000000002,7.055800000000007,1.0,4.0
CHEMBL5940127,inactive,4.698970004336019,CCc1c2c(nn1C)COCCCCn1c(C(=O)O)c(CCCOc3cccc4c3CCCC4)c3ccc(F)c-2c31,559.6820000000004,6.642300000000008,1.0,4.0
CHEMBL5843991,inactive,4.698970004336019,CCc1c2c(nn1C)COCCCCn1c(C(=O)O)c(CCCOc3cccc4cc(F)ccc34)c3ccc(F)c-2c31,573.6400000000002,7.055800000000007,1.0,4.0
CHEMBL5871078,inactive,4.698970004336019,CCc1c2c(nn1C)COCCCCn1c(C(=O)O)c(CCCOc3cccc4ccccc34)c3ccc(F)c-2c31,555.6500000000002,6.916700000000007,1.0,4.0
CHEMBL541496,active,6.173925197299173,CCc1ccc(CCNC(=O)c2c(O)c(O)cc3c(O)c(-c4c(C)cc5c(C(=O)NCCc6ccc(CC)cc6)c(O)c(O)cc5c4O)c(C)cc23)cc1,728.8420000000003,7.58024000000001,8.0,8.0
CHEMBL1269012,active,6.6777807052660805,CCc1ccc(CCNC(=O)c2c(O)c(O)cc3c2C(=O)C(C)=C(C2=C(C)C(=O)c4c(cc(O)c(O)c4C(=O)NCCc4ccc(CC)cc4)C2=O)C3=O)cc1,756.8080000000001,5.670000000000007,6.0,10.0
CHEMBL5772453,active,8.229147988357855,CCc1ccc(OC(=O)N2CCc3cc(-c4cc(C(=O)N(C)c5ccc(O)cc5)c5n4CCCC5)c(C(=O)N4Cc5ccccc5C[C@H]4CN4CCOCC4)cc3C2)cc1,807.9919999999996,7.492400000000009,1.0,7.0
CHEMBL5910360,active,7.886056647693163,CCc1cccc(CC2CCCN2c2ccc(-c3ccc(C(=O)NS(=O)(=O)c4ccc(NCC5CCOCC5)c([N+](=O)[O-])c4)c(Oc4cnc5[nH]ccc5c4)c3)cc2)c1,814.9649999999999,8.661500000000004,3.0,10.0
CHEMBL2171008,active,6.20690839982342,CCc1cccc(S(=O)(=O)Nc2ccc(N3CCN(c4cccc(-c5c(C(=O)NCCCN6CCN(C)CC6)c(C)n(C)c5-c5ccc(Cl)cc5)c4)CC3)cc2)c1,808.4929999999998,7.378020000000009,2.0,7.0
CHEMBL6010468,active,8.431798275933005,CCc1ccccc1C1CCCN1C1CC=C(c2ccc(C(=O)NS(=O)(=O)c3ccc(NCC4CCOCC4)c([N+](=O)[O-])c3)c(Oc3cnc4[nH]ccc4c3)c2)CC1,804.9699999999998,8.556000000000004,3.0,10.0
CHEMBL5562291,active,8.387216143280265,CCc1ccccc1C1CCCN1c1ccc(-c2ccc(C(=O)NS(=O)(=O)c3ccc(NCC4CCOCC4)c([N+](=O)[O-])c3)c(Oc3cnc4[nH]ccc4c3)c2)cc1,800.9379999999999,8.791500000000005,3.0,10.0
CHEMBL5953237,active,10.522878745280337,CCc1ccccc1[C@@H]1CCCN1C1CC2(C1)CN(c1ccc(C(=O)NS(=O)(=O)c3ccc(NC[C@H]4CC[C@](C)(O)CC4)c([N+](=O)[O-])c3)c(Oc3cnc4[nH]ccc4c3)c1)C2,848.0389999999996,8.10350000000001,4.0,11.0
CHEMBL5797193,active,10.346787486224656,CCc1ccccc1[C@@H]1CCCN1C1CC2(C1)CN(c1ccc(C(=O)NS(=O)(=O)c3ccc(NC[C@H]4COCCO4)c([N+](=O)[O-])c3)c(Oc3cnc4[nH]ccc4c3)c1)C2,821.9569999999998,6.577700000000006,3.0,12.0
CHEMBL5807781,active,10.3767507096021,CCc1ccccc1[C@@H]1CCCN1C1CC2(CCN(c3ccc(C(=O)NS(=O)(=O)c4ccc(NCC5(F)CCOCC5)c([N+](=O)[O-])c4)c(Oc4cnc5[nH]ccc5c4)c3)CC2)C1,866.0289999999995,8.461200000000005,3.0,11.0
CHEMBL5542719,active,10.10790539730952,CCc1ccccc1[C@@H]1CCCN1C1CC2(CCN(c3ccc(C(=O)NS(=O)(=O)c4ccc(NCC5CCOCC5)c([N+](=O)[O-])c4)c(Oc4cnc5[nH]ccc5c4)c3)CC2)C1,848.0389999999995,8.369100000000007,3.0,11.0
CHEMBL5903988,active,10.229147988357855,CCc1ccccc1[C@@H]1CCCN1C1CC2(CCN(c3ccc(C(=O)NS(=O)(=O)c4ccc(NC[C@@H]5COCCO5)c([N+](=O)[O-])c4)c(Oc4cnc5[nH]ccc5c4)c3)CC2)C1,850.0109999999996,7.357900000000008,3.0,12.0
CHEMBL5941957,active,10.468521082957745,CCc1ccccc1[C@@H]1CCCN1C1CC2(CCN(c3ccc(C(=O)NS(=O)(=O)c4ccc(NC[C@H]5CC[C@](C)(O)CC5)c([N+](=O)[O-])c4)c(Oc4cnc5[nH]ccc5c4)c3)CC2)C1,876.0929999999995,8.883700000000005,4.0,11.0
CHEMBL5877687,active,10.346787486224656,CCc1ccccc1[C@@H]1CCCN1C1CC2(CCN(c3ccc(C(=O)NS(=O)(=O)c4ccc(NC[C@H]5COCCO5)c([N+](=O)[O-])c4)c(Oc4cnc5[nH]ccc5c4)c3)CC2)C1,850.0109999999996,7.357900000000008,3.0,12.0
CHEMBL5979382,active,8.481486060122112,CCc1ccccc1[C@@H]1CCCN1C1CC=C(c2ccc(C(=O)NS(=O)(=O)c3ccc(NCC4(F)CCOCC4)c([N+](=O)[O-])c3)c(Oc3cnc4[nH]ccc4c3)c2)CC1,822.9599999999997,8.648100000000005,3.0,10.0
CHEMBL5762696,active,8.920818753952375,CCc1ccccc1[C@@H]1CCCN1C1CC=C(c2ccc(C(=O)NS(=O)(=O)c3ccc(NC[C@H]4CC[C@@](C)(O)CC4)c([N+](=O)[O-])c3)c(Oc3cnc4[nH]ccc4c3)c2)CC1,833.0239999999998,9.070600000000004,4.0,10.0
CHEMBL5740186,active,8.795880017344075,CCc1ccccc1[C@@H]1CCCN1C1CC=C(c2ccc(C(=O)NS(=O)(=O)c3ccc(NC[C@H]4CC[C@](C)(O)CC4)c([N+](=O)[O-])c3)c(Oc3cnc4[nH]ccc4c3)c2)CC1,833.0239999999998,9.070600000000004,4.0,10.0
CHEMBL5996455,active,8.397940008672037,CCc1ccccc1[C@@H]1CCCN1C1CCC(c2ccc(C(=O)NS(=O)(=O)c3ccc(NCC4CCOCC4)c([N+](=O)[O-])c3)c(Oc3cnc4[nH]ccc4c3)c2)CC1,806.9859999999998,8.646300000000004,3.0,10.0
CHEMBL5917184,active,8.638272163982407,CCc1ccccc1[C@H]1CCCN1C1CC=C(c2ccc(C(=O)NS(=O)(=O)c3ccc(NCC4(F)CCOCC4)c([N+](=O)[O-])c3)c(Oc3cnc4[nH]ccc4c3)c2)CC1,822.9599999999997,8.648100000000005,3.0,10.0
CHEMBL5801811,active,6.199970640755866,CCc1ccccc1[C@H]1CCCN1C1CCC(c2ccc(C(=O)NS(=O)(=O)c3ccc(NCC4CCOCC4)c([N+](=O)[O-])c3)c(Oc3cnc4[nH]ccc4c3)c2)CC1,806.9859999999998,8.646300000000004,3.0,10.0
CHEMBL6019566,active,7.886056647693163,CCc1ccccc1[C@H]1CCCN1c1ccc(-c2ccc(C(=O)NS(=O)(=O)c3ccc(NC[C@H]4CC[C@](C)(O)CC4)c([N+](=O)[O-])c3)c(Oc3cnc4[nH]ccc4c3)c2)cc1,828.992,9.306100000000002,4.0,10.0
CHEMBL6008607,active,8.187086643357144,CCc1ccccc1[C@H]1CCCN1c1ccc(-c2ccc(C(=O)NS(=O)(=O)c3ccc(OCC4(F)CCN(C5COC5)CC4)c([N+](=O)[O-])c3)c(Oc3cnc4[nH]ccc4c3)c2)cc1,874.9919999999997,8.534700000000004,2.0,11.0
CHEMBL5742367,inactive,4.698970004336019,CCc1nn(C)c2c1-c1c(F)ccc3c(CCCOc4cc(C)c(Cl)c(C)c4)c(C(=O)O)n(c13)CCCCOC2,568.0890000000002,7.033740000000007,1.0,4.0
CHEMBL5922756,inactive,4.698970004336019,CCc1nn(C)c2c1-c1c(F)ccc3c(CCCOc4ccc(F)c5ccccc45)c(C(=O)O)n(c13)CCCCOC2,573.64,7.055800000000007,1.0,4.0
CHEMBL5790764,inactive,4.698970004336019,CCc1nn(C)c2c1-c1c(F)ccc3c(CCCOc4cccc5c4CCC5)c(C(=O)O)n(c13)CCCCOC2,545.6550000000003,6.252200000000006,1.0,4.0
CHEMBL5801045,inactive,4.698970004336019,CCc1nn(C)c2c1-c1c(F)ccc3c(CCCOc4cccc5c4CCCC5)c(C(=O)O)n(c13)CCCCOC2,559.6820000000002,6.642300000000006,1.0,4.0
CHEMBL5980683,inactive,4.698970004336019,CCc1nn(C)c2c1-c1c(F)ccc3c(CCCOc4cccc5cc(F)ccc45)c(C(=O)O)n(c13)CCCCOC2,573.64,7.055800000000007,1.0,4.0
CHEMBL5868411,inactive,4.698970004336019,CCc1nn(C)c2c1-c1c(F)ccc3c(CCCOc4cccc5ccccc45)c(C(=O)O)n(c13)C/C=C\COC2,553.6340000000001,6.6927000000000065,1.0,4.0
CHEMBL5842261,inactive,4.698970004336019,CCc1nn(C)c2c1-c1c(F)ccc3c(CCCOc4cccc5ccccc45)c(C(=O)O)n(c13)CCCCOC2,555.6500000000002,6.916700000000007,1.0,4.0
CHEMBL4572199,inactive,3.785156151952302,CCc1sc2ncnc(N[C@@H](C)C(=O)O)c2c1CC,279.36500000000007,2.7011000000000003,2.0,5.0
CHEMBL3701354,active,8.075720713938118,CCn1c(-c2cc3c(cc2C(=O)N2Cc4ccccc4C[C@H]2CN2CCOCC2)OCO3)cc(C(=O)N(c2ccc(O)cc2)c2cnn(C)c2)c1C,702.8120000000002,5.529020000000005,1.0,8.0
CHEMBL3704802,active,8.602059991327963,CCn1c(C#N)cc(N(C(=O)c2cc(-c3cc(Cl)ccc3C(=O)N3Cc4ccccc4C[C@H]3CN3CCOCC3)n(C)c2C)c2ccc(O)cc2)c1C,731.297,7.238820000000009,1.0,6.0
CHEMBL2325763,active,8.744727494896694,CCn1c(C)c(C(=O)NS(C)(=O)=O)c(-c2cccc(N3CCN(c4ccc(NS(=O)(=O)c5ccc(N[C@H](CCN(C)C)CSc6ccccc6)c([N+](=O)[O-])c5)cc4)CC3)c2)c1-c1ccc(Cl)cc1,999.6819999999997,9.053320000000005,3.0,12.0
CHEMBL2159739,active,8.698970004336019,CCn1c(C)c(C(=O)O)c(-c2cccc(N3CCN(c4ccc(NS(=O)(=O)c5ccc(N[C@H](CCN(C)C)CSc6ccccc6)c([N+](=O)[O-])c5)cc4)CC3)c2)c1-c1ccc(Cl)cc1,922.5739999999998,10.062119999999997,3.0,10.0
CHEMBL2170837,active,8.267606240177031,CCn1c(C)c(C(=O)O)c(-c2cccc(N3CCN(c4ccc(NS(=O)(=O)c5ccc(N[C@H](CCN6CCC(O)CC6)CSc6ccccc6)c(S(=O)(=O)C(F)(F)F)c5)cc4)CC3)c2)c1-c1ccc(Cl)cc1,1065.703,10.342519999999995,4.0,11.0
CHEMBL3701294,active,7.598599459218456,CCn1cc(C(=O)N(c2ccc(O)cc2)c2ccc3c(ccn3C)c2)cc1-c1cc(Cl)ccc1C(=O)N1Cc2ccccc2C[C@H]1CN1CCN(C)CC1,741.3359999999997,7.818700000000011,1.0,5.0
CHEMBL3922165,active,7.721246399047171,CCn1ccc2cc(N(C(=O)c3cc(-c4cc5c(cc4C(=O)N4Cc6ccccc6C[C@H]4CN4CCOCC4)OCO5)n4ccccc34)c3ccc(O)cc3)ccc21,773.8900000000003,7.8930000000000105,1.0,7.0
CHEMBL5988003,active,8.318758762624412,CCn1ccc2cc(N(C(=O)c3cn(-c4cc5c(cc4C(=O)N4Cc6ccccc6C[C@H]4CN4CCN(C)CC4)OCO5)c4ccccc34)c3ccc(O)cc3)ccc21,786.9330000000002,7.8324000000000105,1.0,7.0
CHEMBL5887132,active,8.045757490560675,CN(C(=O)c1cc(-c2cc3c(cc2C(=O)N2Cc4ccccc4C[C@H]2CN2CCOCC2)CN(C(=O)CCc2ccccc2)C3)n2c1CCCC2)c1ccc(O)cc1,777.9660000000001,6.847900000000009,1.0,6.0
CHEMBL5792612,active,8.167491087293763,CN(C(=O)c1cc(-c2cc3c(cc2C(=O)N2Cc4ccccc4C[C@H]2CN2CCOCC2)CN(C(=O)COc2ccccc2)C3)n2c1CCCC2)c1ccc(O)cc1,779.938,6.294100000000008,1.0,7.0
CHEMBL5784186,active,8.193820026016112,CN(C(=O)c1cc(-c2cc3c(cc2C(=O)N2Cc4ccccc4C[C@H]2CN2CCOCC2)CN(C(=O)COc2ccccc2)C3)n2ccccc12)c1ccc(O)cc1,775.9060000000003,6.409000000000009,1.0,7.0
CHEMBL6002401,active,8.136677139879543,CN(C(=O)c1cc(-c2cc3c(cc2C(=O)N2Cc4ccccc4C[C@H]2CN2CCOCC2)CN(C(=O)Cc2ccccc2)C3)n2c1CCCC2)c1ccc(O)cc1,763.9390000000001,6.457800000000009,1.0,6.0
CHEMBL6052590,active,8.292429823902063,CN(C(=O)c1cc(-c2cc3c(cc2C(=O)N2Cc4ccccc4C[C@H]2CN2CCOCC2)CN(C(=O)Cc2ccccc2)CC3)n2c1CCCC2)c1ccc(O)cc1,777.966,6.500300000000009,1.0,6.0
CHEMBL5988387,active,7.42021640338319,CN(C(=O)c1cc(-c2cc3c(cc2C(=O)N2Cc4ccccc4C[C@H]2CN2CCOCC2)CN(C(=O)Cc2cccnc2)C3)n2c1CCCC2)c1ccc(O)cc1,764.927,5.852800000000007,1.0,7.0
CHEMBL5879405,active,7.040958607678906,CN(C(=O)c1cc(-c2cc3c(cc2C(=O)N2Cc4ccccc4C[C@H]2CN2CCOCC2)CN(C(=O)NC(C)(C)C)C3)n2c1CCCC2)c1ccc(O)cc1,744.9369999999999,6.196600000000007,2.0,6.0
CHEMBL5910678,active,8.356547323513812,CN(C(=O)c1cc(-c2cc3c(cc2C(=O)N2Cc4ccccc4C[C@H]2CN2CCOCC2)CN(C(=O)NCc2ccccc2)CC3)n2c1CCCC2)c1ccc(O)cc1,792.9809999999999,6.6408000000000085,2.0,6.0
CHEMBL6008881,active,8.397940008672037,CN(C(=O)c1cc(-c2cc3c(cc2C(=O)N2Cc4ccccc4C[C@H]2CN2CCOCC2)CN(C(=O)Nc2ccccc2)CC3)n2c1CCCC2)c1ccc(O)cc1,778.954,6.963100000000009,2.0,6.0
CHEMBL6061142,active,7.022276394711152,CN(C(=O)c1cc(-c2cc3c(cc2C(=O)N2Cc4ccccc4C[C@H]2CN2CCOCC2)CN(C(=O)OC(C)(C)C)C3)n2c1CCCC2)c1ccc(O)cc1,745.9209999999999,6.623600000000009,1.0,7.0
CHEMBL5866497,active,7.886056647693163,CN(C(=O)c1cc(-c2cc3c(cc2C(=O)N2Cc4ccccc4C[C@H]2CN2CCOCC2)CN(C(=O)OC(C)(C)C)CC3)n2c1CCCC2)c1ccc(O)cc1,759.9479999999999,6.666100000000009,1.0,7.0
CHEMBL5859126,active,8.2518119729938,CN(C(=O)c1cc(-c2cc3c(cc2C(=O)N2Cc4ccccc4C[C@H]2CN2CCOCC2)CN(C(=O)OCc2ccccc2)CC3)n2c1CCCC2)c1ccc(O)cc1,793.9649999999999,7.06780000000001,1.0,7.0
CHEMBL5918037,active,8.259637310505756,CN(C(=O)c1cc(-c2cc3c(cc2C(=O)N2Cc4ccccc4C[C@H]2CN2CCOCC2)CN(C(=O)Oc2ccc(-n4ccnc4)cc2)CC3)n2c1CCCC2)c1ccc(O)cc1,846.0009999999999,7.11570000000001,1.0,8.0
CHEMBL5824401,active,8.481486060122112,CN(C(=O)c1cc(-c2cc3c(cc2C(=O)N2Cc4ccccc4C[C@H]2CN2CCOCC2)CN(C(=O)Oc2ccc(C#N)cc2)CC3)n2c1CCCC2)c1ccc(O)cc1,804.9479999999999,6.801680000000009,1.0,8.0
CHEMBL5773807,active,7.920818753952375,CN(C(=O)c1cc(-c2cc3c(cc2C(=O)N2Cc4ccccc4C[C@H]2CN2CCOCC2)CN(C(=O)Oc2ccc(C(F)(F)F)cc2)CC3)n2c1CCCC2)c1ccc(O)cc1,847.9350000000001,7.948800000000011,1.0,7.0
CHEMBL5878919,active,8.229147988357855,CN(C(=O)c1cc(-c2cc3c(cc2C(=O)N2Cc4ccccc4C[C@H]2CN2CCOCC2)CN(C(=O)Oc2ccc(C(N)=O)cc2)CC3)n2c1CCCC2)c1ccc(O)cc1,822.9629999999999,6.028900000000006,2.0,8.0
CHEMBL5903986,active,8.585026652029182,CN(C(=O)c1cc(-c2cc3c(cc2C(=O)N2Cc4ccccc4C[C@H]2CN2CCOCC2)CN(C(=O)Oc2ccc(Cl)cc2)CC3)n2c1CCCC2)c1ccc(O)cc1,814.3829999999999,7.583400000000011,1.0,7.0
CHEMBL5929538,active,8.602059991327963,CN(C(=O)c1cc(-c2cc3c(cc2C(=O)N2Cc4ccccc4C[C@H]2CN2CCOCC2)CN(C(=O)Oc2ccc(F)cc2)CC3)n2c1CCCC2)c1ccc(O)cc1,797.928,7.0691000000000095,1.0,7.0
CHEMBL5878109,active,8.060480747381382,CN(C(=O)c1cc(-c2cc3c(cc2C(=O)N2Cc4ccccc4C[C@H]2CN2CCOCC2)CN(C(=O)Oc2ccc(OC(F)(F)F)cc2)CC3)n2c1CCCC2)c1ccc(O)cc1,863.9340000000001,7.82860000000001,1.0,8.0
CHEMBL5889756,active,8.221848749616356,CN(C(=O)c1cc(-c2cc3c(cc2C(=O)N2Cc4ccccc4C[C@H]2CN2CCOCC2)CN(C(=O)Oc2ccccc2)C3)n2c1CCCC2)c1ccc(O)cc1,765.9110000000001,6.887500000000009,1.0,7.0
CHEMBL5966110,active,8.508638306165727,CN(C(=O)c1cc(-c2cc3c(cc2C(=O)N2Cc4ccccc4C[C@H]2CN2CCOCC2)CN(C(=O)Oc2ccccc2)CC3)n2c1CCCC2)c1ccc(O)cc1,779.938,6.9300000000000095,1.0,7.0
CHEMBL5930893,active,7.366531544420414,CN(C(=O)c1cc(-c2cc3c(cc2C(=O)N2Cc4ccccc4C[C@H]2CN2CCOCC2)CN(C(=O)c2ccccc2)C3)n2c1CCCC2)c1ccc(O)cc1,749.912,6.528900000000009,1.0,6.0
CHEMBL5906827,active,7.853871964321762,CN(C(=O)c1cc(-c2cc3c(cc2C(=O)N2Cc4ccccc4C[C@H]2CN2CCOCC2)CN(S(=O)(=O)CCc2ccccc2)C3)n2c1CCCC2)c1ccc(O)cc1,814.0209999999998,6.261000000000008,1.0,7.0
CHEMBL5832240,active,7.638272163982407,CN(C(=O)c1cc(-c2cc3c(cc2C(=O)N2Cc4ccccc4C[C@H]2CN2CCOCC2)CN(S(=O)(=O)Cc2ccccc2)C3)n2c1CCCC2)c1ccc(O)cc1,799.9939999999999,6.218500000000009,1.0,7.0
CHEMBL5943881,active,8.036212172654444,CN(C(=O)c1cc(-c2cc3c(cc2C(=O)N2Cc4ccccc4C[C@H]2CN2CCOCC2)CN(S(=O)(=O)Cc2ccccc2)CC3)n2c1CCCC2)c1ccc(O)cc1,814.0209999999998,6.261000000000008,1.0,7.0
CHEMBL5847053,active,7.366531544420414,CN(C(=O)c1cc(-c2cc3c(cc2C(=O)N2Cc4ccccc4C[C@H]2CN2CCOCC2)CN(S(=O)(=O)c2ccc4ccccc4c2)CC3)n2c1CCCC2)c1ccc(O)cc1,850.0539999999999,7.27310000000001,1.0,7.0
CHEMBL5755708,active,7.327902142064283,CN(C(=O)c1cc(-c2cc3c(cc2C(=O)N2Cc4ccccc4C[C@H]2CN2CCOCC2)CN(S(=O)(=O)c2ccccc2)C3)n2c1CCCC2)c1ccc(O)cc1,785.967,6.077400000000008,1.0,7.0
CHEMBL5798521,active,7.7447274948966935,CN(C(=O)c1cc(-c2cc3c(cc2C(=O)N2Cc4ccccc4C[C@H]2CN2CCOCC2)CN(S(=O)(=O)c2ccccc2)CC3)n2c1CCCC2)c1ccc(O)cc1,799.9939999999999,6.119900000000008,1.0,7.0
CHEMBL5987615,active,7.154901959985743,CN(C(=O)c1cc(-c2cc3c(cc2C(=O)N2Cc4ccccc4C[C@H]2CN2CCOCC2)CN(S(=O)(=O)c2cccnc2)C3)n2c1CCCC2)c1ccc(O)cc1,786.9549999999999,5.472400000000007,1.0,8.0
CHEMBL5982560,active,6.401209493236885,CN(C(=O)c1cc(-c2cc3c(cc2C(=O)N2Cc4ccccc4C[C@H]2CN2CCOCC2)CNCC3)n2c1CCCC2)c1ccc(O)cc1,659.8310000000002,5.0186000000000055,2.0,6.0
CHEMBL5963587,active,8.920818753952375,CN(C)C(=O)CN1CCC(c2ccccc2[C@H]2CCCN2c2ccc(-c3ccc(C(=O)NS(=O)(=O)c4ccc(NCC5CCOCC5)c([N+](=O)[O-])c4)c(Oc4cnc5[nH]ccc5c4)c3)cc2)CC1,941.1239999999997,8.496700000000006,3.0,12.0
CHEMBL3309262,active,7.006563769502388,CN(C)C(=O)COc1ccc(-c2ccc(Cl)cc2)c(CN2CCN(c3ccc(C(=O)NS(=O)(=O)c4ccc(N[C@H](CCN5CCOCC5)CSc5ccccc5)c(S(=O)(=O)C(F)(F)F)c4)cc3)CC2)c1,1043.653,7.503500000000008,2.0,13.0
CHEMBL3309311,active,7.560667306169737,CN(C)C(=O)COc1cccc(-c2ccc(Cl)cc2)c1CN1CCN(c2ccc(C(=O)NS(=O)(=O)c3ccc(N[C@H](CCN4CCOCC4)CSc4ccccc4)c(S(=O)(=O)C(F)(F)F)c3)cc2)CC1,1043.653,7.503500000000009,2.0,13.0
CHEMBL5572242,inactive,4.0,CN(C)C(=O)[C@H](Cc1ccc(C(F)(F)F)cc1)NC(=O)/C(C#N)=C/c1ccccc1P(C)(C)=O,491.45000000000016,3.6760800000000016,1.0,4.0
CHEMBL5914311,active,8.259637310505756,CN(C)C(=O)c1ccc(OC(=O)N2CCc3cc(-c4cc(C(=O)N(C)c5ccc(O)cc5)c5n4CCCC5)c(C(=O)N4Cc5ccccc5C[C@H]4CN4CCOCC4)cc3C2)cc1,851.0169999999995,6.631800000000008,1.0,8.0
CHEMBL5934720,active,9.168130225719498,CN(C)C1CC(c2ccccc2C2CC2)N(C2CC3(CCN(c4ccc(C(=O)NS(=O)(=O)c5ccc(NCC6CCOCC6)c([N+](=O)[O-])c5)c(Oc5cnc6[nH]ccc6c5)c4)CC3)C2)C1,903.1189999999995,8.224200000000009,3.0,12.0
CHEMBL5866105,active,8.568636235841012,CN(C)C1CC(c2ccccc2C2CC2)N(c2ccc(-c3ccc(C(=O)NS(=O)(=O)c4ccc(NCC5CCOCC5)c([N+](=O)[O-])c4)c(Oc4cnc5[nH]ccc5c4)c3)cc2)C1,856.0179999999998,8.646600000000005,3.0,11.0
CHEMBL5981833,active,9.494850021680094,CN(C)C1CC1c1ccccc1[C@H]1CCCN1c1ccc(-c2ccc(C(=O)NS(=O)(=O)c3ccc(NCC4CCOCC4)c([N+](=O)[O-])c3)c(Oc3cnc4[nH]ccc4c3)c2)cc1,856.0179999999997,8.646600000000005,3.0,11.0
CHEMBL5802211,active,9.823908740944319,CN(C)C1CCCN(c2ccccc2[C@@H]2CCCN2c2ccc(-c3ccc(C(=O)NS(=O)(=O)c4ccc(NCC5CCOCC5)c([N+](=O)[O-])c4)c(Oc4cnc5[nH]ccc5c4)c3)cc2)C1,899.0869999999996,8.759500000000005,3.0,12.0
CHEMBL6051337,active,9.236572006437063,CN(C)C1CCCN(c2ccccc2[C@H]2CCCN2c2ccc(-c3ccc(C(=O)NS(=O)(=O)c4ccc(NCC5CCOCC5)c([N+](=O)[O-])c4)c(Oc4cnc5[nH]ccc5c4)c3)cc2)C1,899.0869999999996,8.759500000000005,3.0,12.0
CHEMBL5960241,active,8.0,CN(C)C1CCN(CC[C@H](CSc2ccccc2)Nc2ccc(S(=O)(=O)NC(=O)c3ccc(N4CCN(CC5=C(C67CC(C(F)F)(C6)C7)CC(C)(C)CC5)CC4)cc3)cc2S(=O)(=O)C(F)(F)F)CC1,1021.2979999999993,9.151800000000003,2.0,11.0
CHEMBL5962024,active,9.638272163982407,CN(C)C1CCN(c2ccccc2C2CCCN2c2ccc(-c3ccc(C(=O)NS(=O)(=O)c4ccc(NCC5CCOCC5)c([N+](=O)[O-])c4)c(Oc4cnc5[nH]ccc5c4)c3)cc2)CC1,899.0869999999996,8.759500000000005,3.0,12.0
CHEMBL3342332,active,6.4179366370882915,CN(C)CC#Cc1ccc(OCCCc2sc(N3CCc4cccc(C(=O)Nc5nc6ccccc6s5)c4C3)nc2C(=O)O)c(F)c1,669.8040000000001,6.329800000000007,2.0,9.0
CHEMBL5917107,active,8.045757490560675,CN(C)CC(=O)N1CCC(F)(COc2ncc(S(=O)(=O)NC(=O)c3ccc(C4=CCC(N5CCCC5c5ccccc5C5CC5)CC4)cc3Oc3cnc4[nH]ccc4c3)cc2Cl)CC1,910.5129999999997,8.443800000000008,2.0,10.0
CHEMBL5936311,active,10.200659450546418,CN(C)CC(=O)N1CCC(c2ccccc2[C@H]2CCCN2c2ccc(-c3ccc(C(=O)NS(=O)(=O)c4ccc(NC[C@H]5CC[C@](C)(O)CC5)c([N+](=O)[O-])c4)c(Oc4cnc5[nH]ccc5c4)c3)cc2)CC1,969.1779999999997,9.011300000000004,4.0,12.0
CHEMBL5826691,active,8.468521082957745,CN(C)CC(=O)N1CCOC(CNc2ccc(S(=O)(=O)NC(=O)c3ccc(C4=CCC(N5CCCC5c5ccccc5C5CC5)CC4)cc3Oc3cnc4[nH]ccc4c3)cc2[N+](=O)[O-])C1,903.0749999999998,7.2334000000000085,3.0,12.0
CHEMBL5886990,active,9.130768280269024,CN(C)CC1CCCN1c1ccccc1C1CCCN1c1ccc(-c2ccc(C(=O)NS(=O)(=O)c3ccc(NCC4CCOCC4)c([N+](=O)[O-])c3)c(Oc3cnc4[nH]ccc4c3)c2)cc1,899.0869999999998,8.759500000000005,3.0,12.0
CHEMBL5981762,active,10.075720713938118,CN(C)CCC(=O)N1CCC(c2ccccc2[C@H]2CCCN2c2ccc(-c3ccc(C(=O)NS(=O)(=O)c4ccc(NC[C@H]5CC[C@](C)(O)CC5)c([N+](=O)[O-])c4)c(Oc4cnc5[nH]ccc5c4)c3)cc2)CC1,983.2049999999996,9.401400000000004,4.0,12.0
CHEMBL4860213,active,9.050609993355087,CN(C)CCCNc1ccc(S(=O)(=O)NC(=O)c2ccc(N3CCN(CC4=C(c5ccc(C(F)(F)F)cc5)CC(C)(C)CC4)CC3)cc2Oc2cnc3[nH]ccc3c2)cc1[N+](=O)[O-],889.0139999999998,8.550400000000007,3.0,11.0
CHEMBL5877756,active,9.853871964321762,CN(C)CCCc1ccccc1C1CCCN1c1ccc(-c2ccc(C(=O)NS(=O)(=O)c3ccc(NCC4CCOCC4)c([N+](=O)[O-])c3)c(Oc3cnc4[nH]ccc4c3)c2)cc1,858.0339999999998,8.723300000000005,3.0,11.0
CHEMBL5743310,active,7.823908740944319,CN(C)CCN(C)c1ccc(C2CC2)c(C2CCCN2C2CC=C(c3ccc(C(=O)NS(=O)(=O)c4ccc(NCC5CCOCC5)c([N+](=O)[O-])c4)c(Oc4cnc5[nH]ccc5c4)c3)CC2)c1,917.1459999999996,8.868800000000004,3.0,12.0
CHEMBL6042832,active,8.301029995663981,CN(C)CCNC(=O)c1ccc(CN(C(=O)c2cc(-c3cc4c(cc3C(=O)N3Cc5ccccc5C[C@H]3CN3CCOCC3)OCO4)n3c2CCCC3)c2ccc(O)cc2)cc1,839.0059999999997,5.963400000000007,2.0,9.0
CHEMBL5900102,active,8.301029995663981,CN(C)CCNC(=O)c1cccc(CN(C(=O)c2cc(-c3cc4c(cc3C(=O)N3Cc5ccccc5C[C@H]3CN3CCOCC3)OCO4)n3c2CCCC3)c2ccc(O)cc2)c1,839.0059999999996,5.963400000000007,2.0,9.0
CHEMBL5934655,active,8.2839966563652,CN(C)CCNc1ccc(C2CC2)c(C2CCCN2C2CC=C(c3ccc(C(=O)NS(=O)(=O)c4ccc(NCC5CCOCC5)c([N+](=O)[O-])c4)c(Oc4cnc5[nH]ccc5c4)c3)CC2)c1,903.1189999999996,8.844500000000004,4.0,12.0
CHEMBL5914817,active,9.823908740944319,CN(C)CCOC1CC(c2ccccc2C2CC2)N(C2CC3(CCN(c4ccc(C(=O)NS(=O)(=O)c5ccc(NCC6CCOCC6)c([N+](=O)[O-])c5)c(Oc5cnc6[nH]ccc6c5)c4)CC3)C2)C1,947.1719999999996,8.240800000000009,3.0,13.0
CHEMBL3309313,active,7.795880017344075,CN(C)CCOc1ccc(-c2ccc(Cl)cc2)c(CN2CCN(c3ccc(C(=O)NS(=O)(=O)c4ccc(N[C@H](CCN5CCOCC5)CSc5ccccc5)c(S(=O)(=O)C(F)(F)F)c4)cc3)CC2)c1,1029.6699999999998,7.9769000000000085,2.0,13.0
CHEMBL3309312,active,8.154901959985743,CN(C)CCOc1cccc(-c2ccc(Cl)cc2)c1CN1CCN(c2ccc(C(=O)NS(=O)(=O)c3ccc(N[C@H](CCN4CCOCC4)CSc4ccccc4)c(S(=O)(=O)C(F)(F)F)c3)cc2)CC1,1029.6699999999998,7.976900000000009,2.0,13.0
CHEMBL5820634,active,8.853871964321762,CN(C)CCOc1ccccc1C1CCCN1c1ccc(-c2ccc(C(=O)NS(=O)(=O)c3ccc(NCC4CCOCC4)c([N+](=O)[O-])c3)c(Oc3cnc4[nH]ccc4c3)c2)cc1,860.0059999999997,8.169500000000008,3.0,12.0
CHEMBL2063885,active,8.721246399047171,CN(C)CC[C@H](CSc1ccccc1)Nc1ccc(S(=O)(=O)NC(=O)c2ccc(C#Cc3cccc(-c4c(-c5ccc(Cl)cc5)cn(CC[C@H](O)CO)c4C(=O)NCCCN4CCN(C)CC4)c3)cc2)cc1[N+](=O)[O-],1075.7549999999994,7.53730000000001,5.0,13.0
CHEMBL3703599,active,9.522878745280337,CN(C)CC[C@H](CSc1ccccc1)Nc1ccc(S(=O)(=O)NC(=O)c2ccc(N3CCC([C@@H](O)c4ccccc4-c4ccc(Cl)cc4)CC3)cc2)cc1[N+](=O)[O-],828.4570000000001,8.508400000000007,3.0,10.0
CHEMBL5860956,active,8.0,CN(C)CC[C@H](CSc1ccccc1)Nc1ccc(S(=O)(=O)NC(=O)c2ccc(N3CCN(CC4=C(C56CC(C(F)F)(C5)C6)CC(C)(C)CC4)CC3)cc2)cc1S(=O)(=O)C(F)(F)F,938.1639999999999,8.687400000000006,2.0,10.0
CHEMBL5983851,active,8.0,CN(C)CC[C@H](CSc1ccccc1)Nc1ccc(S(=O)(=O)NC(=O)c2ccc(N3CCN(CC4=C(C56CC(C)(C5)C6)CC(C)(C)CC4)CC3)cc2)cc1S(=O)(=O)C(F)(F)F,902.1839999999997,8.442200000000007,2.0,10.0
CHEMBL376408,active,8.154901959985743,CN(C)CC[C@H](CSc1ccccc1)Nc1ccc(S(=O)(=O)NC(=O)c2ccc(N3CCN(Cc4ccccc4-c4ccc(Cl)cc4)CC3)cc2)cc1[N+](=O)[O-],813.4460000000001,7.880600000000009,2.0,10.0
CHEMBL2063882,active,8.060480747381382,CN(C)CC[C@H](CSc1ccccc1)Nc1ccc(S(=O)(=O)NC(=O)c2ccc(N3CCN(c4cccc(-c5c(-c6ccc(Cl)cc6)cn(CC[C@H](O)CO)c5C(=O)NCCCN5CCN(C)CC5)c4)CC3)cc2)cc1[N+](=O)[O-],1135.8549999999996,7.464100000000011,5.0,15.0
CHEMBL2322027,active,7.769551078621726,CN(C)CC[C@H](CSc1ccccc1)Nc1ccc(S(=O)(=O)NC2=NS(=O)(=O)c3cc(N4CCN(Cc5ccccc5-c5ccc(Cl)cc5)CC4)ccc32)cc1[N+](=O)[O-],874.5109999999999,7.189300000000008,2.0,11.0
CHEMBL2063884,active,8.853871964321762,CN(C)CC[C@H](CSc1ccccc1)Nc1ccc(S(=O)(=O)Nc2ccc(-c3cn(-c4cccc(-c5c(-c6ccc(Cl)cc6)cn(CC[C@H](O)CO)c5C(=O)NCCCN5CCN(C)CC5)c4)nn3)cc2)cc1[N+](=O)[O-],1090.7739999999994,8.067300000000012,5.0,14.0
CHEMBL2063886,active,8.18045606445813,CN(C)CC[C@H](CSc1ccccc1)Nc1ccc(S(=O)(=O)Nc2ccc(C#Cc3cccc(-c4c(-c5ccc(Cl)cc5)cn(CC[C@H](O)CO)c4C(=O)NCCCN4CCN(C)CC4)c3)cc2)cc1[N+](=O)[O-],1047.7449999999994,8.219400000000011,5.0,12.0
CHEMBL2063889,active,7.069050968832477,CN(C)CC[C@H](CSc1ccccc1)Nc1ccc(S(=O)(=O)Nc2ccc(N3CCN(Cc4ccccc4-c4ccc(Cl)cc4)CC3)cc2)cc1[N+](=O)[O-],785.4360000000001,8.562700000000007,2.0,9.0
CHEMBL2063888,active,7.4698003017969175,CN(C)CC[C@H](CSc1ccccc1)Nc1ccc(S(=O)(=O)Nc2ccc(N3CCN(c4ccc(-c5c(-c6ccc(Cl)cc6)cn(CC[C@H](O)CO)c5C(=O)NCCCN5CCN(C)CC5)cc4)CC3)cc2)cc1[N+](=O)[O-],1107.8449999999993,8.146200000000011,5.0,14.0
CHEMBL2063892,active,9.221848749616356,CN(C)CC[C@H](CSc1ccccc1)Nc1ccc(S(=O)(=O)Nc2ccc(N3CCN(c4cccc(-c5c(-c6ccc(Cl)cc6)cn(C)c5C(=O)NCCCN5CCN(C)CC5)c4)CC3)cc2)cc1[N+](=O)[O-],1033.7659999999992,8.939900000000005,3.0,12.0
CHEMBL2063896,active,8.769551078621726,CN(C)CC[C@H](CSc1ccccc1)Nc1ccc(S(=O)(=O)Nc2ccc(N3CCN(c4cccc(-c5c(-c6ccc(Cl)cc6)cn(C)c5C(=O)O)c4)CC3)cc2)cc1[N+](=O)[O-],894.52,9.270800000000003,3.0,10.0
CHEMBL2063883,active,8.886056647693163,CN(C)CC[C@H](CSc1ccccc1)Nc1ccc(S(=O)(=O)Nc2ccc(N3CCN(c4cccc(-c5c(-c6ccc(Cl)cc6)cn(CC[C@H](O)CO)c5C(=O)NCCCN5CCN(C)CC5)c4)CC3)cc2)cc1[N+](=O)[O-],1107.8449999999993,8.14620000000001,5.0,14.0
CHEMBL2325759,active,8.431798275933005,CN(C)CC[C@H](CSc1ccccc1)Nc1ccc(S(=O)(=O)Nc2ccc(N3CCN(c4cccc(-c5c(-c6ccc(Cl)cc6)nn(C)c5C(=O)O)c4)CC3)cc2)cc1[N+](=O)[O-],895.5079999999999,8.665800000000006,3.0,11.0
CHEMBL2325757,active,8.267606240177031,CN(C)CC[C@H](CSc1ccccc1)Nc1ccc(S(=O)(=O)Nc2ccc(N3CCN(c4cccc(-c5c(C(=O)NS(C)(=O)=O)cnn5-c5ccc(Cl)cc5)c4)CC3)cc2)cc1[N+](=O)[O-],958.5889999999999,7.442200000000009,3.0,13.0
CHEMBL2326039,active,8.42021640338319,CN(C)CC[C@H](CSc1ccccc1)Nc1ccc(S(=O)(=O)Nc2ccc(N3CCN(c4cccc(-c5c(C(=O)NS(C)(=O)=O)ncn5-c5ccc(Cl)cc5)c4)CC3)cc2)cc1[N+](=O)[O-],958.5889999999999,7.442200000000009,3.0,13.0
CHEMBL2325770,active,8.958607314841775,CN(C)CC[C@H](CSc1ccccc1)Nc1ccc(S(=O)(=O)Nc2ccc(N3CCN(c4cccc(-c5c(C(=O)O)c(C(F)(F)F)n(C)c5-c5ccc(Cl)cc5)c4)CC3)cc2)cc1[N+](=O)[O-],962.517,10.289599999999997,3.0,10.0
CHEMBL2325771,active,8.823908740944319,CN(C)CC[C@H](CSc1ccccc1)Nc1ccc(S(=O)(=O)Nc2ccc(N3CCN(c4cccc(-c5c(C(=O)O)c(Cl)n(C)c5-c5ccc(Cl)cc5)c4)CC3)cc2)cc1[N+](=O)[O-],928.9649999999999,9.924199999999997,3.0,10.0
CHEMBL2325758,active,8.148741651280925,CN(C)CC[C@H](CSc1ccccc1)Nc1ccc(S(=O)(=O)Nc2ccc(N3CCN(c4cccc(-c5c(C(=O)O)nn(C)c5-c5ccc(Cl)cc5)c4)CC3)cc2)cc1[N+](=O)[O-],895.5079999999999,8.665800000000006,3.0,11.0
CHEMBL2325773,active,6.958607314841775,CN(C)CC[C@H](CSc1ccccc1)Nc1ccc(S(=O)(=O)Nc2ccc(N3CCN(c4cccc(-c5ccnn5-c5ccc(Cl)cc5)c4)CC3)cc2)cc1[N+](=O)[O-],837.472,8.752800000000004,2.0,10.0
CHEMBL2063894,active,7.083019952679618,CN(C)CC[C@H](CSc1ccccc1)Nc1ccc(S(=O)(=O)Nc2ccc(N3CCN(c4cccc(-c5cn(C)cc5-c5ccc(Cl)cc5)c4)CC3)cc2)cc1[N+](=O)[O-],850.511,9.5726,2.0,9.0
CHEMBL2326037,active,6.853871964321762,CN(C)CC[C@H](CSc1ccccc1)Nc1ccc(S(=O)(=O)Nc2ccc(N3CCN(c4cccc(-c5cn(C)nc5-c5ccc(Cl)cc5)c4)CC3)cc2)cc1[N+](=O)[O-],851.4989999999999,8.967600000000004,2.0,10.0
CHEMBL2325772,active,7.337242168318426,CN(C)CC[C@H](CSc1ccccc1)Nc1ccc(S(=O)(=O)Nc2ccc(N3CCN(c4cccc(-c5cncn5-c5ccc(Cl)cc5)c4)CC3)cc2)cc1[N+](=O)[O-],837.472,8.752800000000004,2.0,10.0
CHEMBL2325774,active,6.6777807052660805,CN(C)CC[C@H](CSc1ccccc1)Nc1ccc(S(=O)(=O)Nc2ccc(N3CCN(c4cccc(-c5cnn(C)c5-c5ccc(Cl)cc5)c4)CC3)cc2)cc1[N+](=O)[O-],851.4989999999999,8.967600000000004,2.0,10.0
CHEMBL2326038,active,6.455931955649724,CN(C)CC[C@H](CSc1ccccc1)Nc1ccc(S(=O)(=O)Nc2ccc(N3CCN(c4cccc(-c5cnoc5-c5ccc(Cl)cc5)c4)CC3)cc2)cc1[N+](=O)[O-],838.456,9.222100000000001,2.0,11.0
CHEMBL2063891,inactive,3.2724587429714433,CN(C)CC[C@H](CSc1ccccc1)Nc1ccc(S(=O)(=O)Nc2ccc(N3CCNCC3)cc2)cc1[N+](=O)[O-],584.7680000000004,4.329700000000003,3.0,9.0
CHEMBL2063887,active,7.217527375833714,CN(C)CC[C@H](CSc1ccccc1)Nc1ccc(S(=O)(=O)Nc2ccc(NCCNc3cccc(-c4c(-c5ccc(Cl)cc5)cn(CC[C@H](O)CO)c4C(=O)NCCCN4CCN(C)CC4)c3)cc2)cc1[N+](=O)[O-],1081.8069999999996,8.34360000000001,7.0,14.0
CHEMBL2322024,active,7.167491087293763,CN(C)CC[C@H](CSc1ccccc1)Nc1ccc(S(=O)(=O)Nc2cccc3cc(N4CCN(Cc5ccccc5-c5ccc(Cl)cc5)CC4)cnc23)cc1[N+](=O)[O-],836.484,9.1109,2.0,10.0
CHEMBL2063890,inactive,4.0,CN(C)CC[C@H](CSc1ccccc1)Nc1ccc(S(=O)(=O)Nc2ccccc2)cc1[N+](=O)[O-],500.64600000000024,4.920100000000004,2.0,7.0
CHEMBL2322022,active,7.337242168318426,CN(C)CC[C@H](CSc1ccccc1)Nc1ccc(S(=O)(=O)Nc2nc(C(F)(F)F)nc3c2CCN(C2CCN(Cc4ccccc4-c4ccc(Cl)cc4)CC2)C3)cc1S(=O)(=O)C(F)(F)F,996.5659999999997,9.4573,2.0,11.0
CHEMBL2322021,active,7.494850021680094,CN(C)CC[C@H](CSc1ccccc1)Nc1ccc(S(=O)(=O)Nc2nc(Cl)nc3c2CCN(C2CCN(Cc4ccccc4-c4ccc(Cl)cc4)CC2)C3)cc1S(=O)(=O)C(F)(F)F,963.0139999999999,9.091900000000003,2.0,11.0
CHEMBL2326746,active,7.481486060122112,CN(C)CC[C@H](CSc1ccccc1)Nc1ccc(S(=O)(=O)Nc2ncnc3c2CCN(C2CCN(Cc4cc(F)ccc4-c4ccc(Cl)cc4)CC2)C3)cc1S(=O)(=O)C(F)(F)F,946.5590000000001,8.577600000000006,2.0,11.0
CHEMBL2322020,active,6.847711655616943,CN(C)CC[C@H](CSc1ccccc1)Nc1ccc(S(=O)(=O)Nc2ncnc3c2CCN(C2CCN(Cc4cc(F)ccc4-c4ccc(Cl)cc4)CC2)C3=O)cc1S(=O)(=O)C(F)(F)F,960.5420000000001,8.217800000000008,2.0,11.0
CHEMBL2326745,active,7.721246399047171,CN(C)CC[C@H](CSc1ccccc1)Nc1ccc(S(=O)(=O)Nc2ncnc3c2CCN(C2CCN(Cc4ccccc4-c4ccc(Cl)cc4)CC2)C3)cc1S(=O)(=O)C(F)(F)F,928.5690000000001,8.438500000000007,2.0,11.0
CHEMBL1689145,active,8.301029995663981,CN(C)CC[C@H](CSc1ccccc1)Nc1ccc(S(=O)(=O)Nc2ncnc3cc(N4CCN(CC5=C(c6ccc(Cl)cc6)CCC(C)(C)C5)CC4)ccc23)cc1S(=O)(=O)C(F)(F)F,956.6229999999998,9.687899999999999,2.0,11.0
CHEMBL1689143,active,7.920818753952375,CN(C)CC[C@H](CSc1ccccc1)Nc1ccc(S(=O)(=O)Nc2ncnc3cc(N4CCN(CC5=C(c6ccc(Cl)cc6)CCC(C)(C)C5)CC4)ccc23)cc1[N+](=O)[O-],869.5579999999997,9.302600000000002,2.0,11.0
CHEMBL1689141,active,7.886056647693163,CN(C)CC[C@H](CSc1ccccc1)Nc1ccc(S(=O)(=O)Nc2ncnc3cc(N4CCN(Cc5ccccc5-c5ccc(Cl)cc5)CC4)ccc23)cc1S(=O)(=O)C(F)(F)F,924.5370000000001,8.891200000000003,2.0,11.0
CHEMBL1689139,active,8.060480747381382,CN(C)CC[C@H](CSc1ccccc1)Nc1ccc(S(=O)(=O)Nc2ncnc3cc(N4CCN(Cc5ccccc5-c5ccc(Cl)cc5)CC4)ccc23)cc1[N+](=O)[O-],837.472,8.505900000000006,2.0,11.0
CHEMBL2322026,active,7.6020599913279625,CN(C)CC[C@H](CSc1ccccc1)Nc1ccc(S(=O)(=O)Nc2nnc3cc(N4CCN(Cc5ccccc5-c5ccc(Cl)cc5)CC4)cnn23)cc1[N+](=O)[O-],827.437,7.000400000000008,2.0,12.0
CHEMBL2326744,active,7.6020599913279625,CN(C)CC[C@H](CSc1ccccc1)Nc1ccc(S(=O)(=O)Nc2nnc3n2CCN(C2CCN(Cc4ccccc4-c4ccc(Cl)cc4)CC2)CC3)cc1S(=O)(=O)C(F)(F)F,931.573,7.740000000000009,2.0,11.0
CHEMBL2063881,inactive,4.0,CN(C)CC[C@H](CSc1ccccc1)Nc1ccc(S(N)(=O)=O)cc1[N+](=O)[O-],424.54800000000023,2.7667,2.0,7.0
CHEMBL5943281,active,8.920818753952375,CN(C)CCc1ccccc1C1CCCN1c1ccc(-c2ccc(C(=O)NS(=O)(=O)c3ccc(NCC4CCOCC4)c([N+](=O)[O-])c3)c(Oc3cnc4[nH]ccc4c3)c2)cc1,844.0069999999998,8.333200000000007,3.0,11.0
CHEMBL5997609,active,7.958607314841775,CN(C)C[C@@H]1Cc2ccccc2CN1C(=O)c1cc2c(cc1-n1cc(C(=O)N(c3ccccc3)c3ccc(O)cc3)c3ccccc31)OCO2,664.7620000000002,7.172000000000009,1.0,6.0
CHEMBL3896532,active,7.795880017344075,CN(C)C[C@@H]1Cc2ccccc2CN1C(=O)c1ccc(Cl)cc1-c1cc(C(=O)N(c2ccc(O)cc2)c2ccc3c(ccn3C)c2)c2n1CCCC2,712.2939999999996,8.449300000000006,1.0,4.0
CHEMBL5910525,active,7.7423214251308154,CN(C)C[C@@H]1Cc2ccccc2CN1C(=O)c1ccc(Cl)cc1-n1cc(C(=O)N(c2ccccc2)c2ccc(O)cc2)c2ccccc21,655.1980000000002,8.096700000000007,1.0,4.0
CHEMBL5870146,active,7.145693958198919,CN(C)C[C@@H]1Cc2ccccc2CN1C(=O)c1ccccc1-n1cc(C(=O)N(c2ccccc2)c2ccc(O)cc2)c2ccccc21,620.7530000000002,7.443300000000009,1.0,4.0
CHEMBL4108604,active,9.522878745280337,CN(C)C[C@H]1COCCN1CC[C@H](CSc1ccccc1)Nc1ccc(S(=O)(=O)NC(=O)c2ccc(N3CCC([C@@H](O)c4ccccc4-c4ccc(Cl)cc4)CC3)cc2)cc1S(=O)(=O)C(F)(F)F,1014.6549999999999,8.594500000000007,3.0,12.0
CHEMBL5934464,active,8.267606240177031,CN(C)Cc1ccccc1[C@H]1CCCN1c1ccc(-c2ccc(C(=O)NS(=O)(=O)c3ccc(NCC4CCOCC4)c([N+](=O)[O-])c3)c(Oc3cnc4[nH]ccc4c3)c2)cc1,829.9799999999998,8.290700000000006,3.0,11.0
CHEMBL3703629,active,7.619788758288394,CN(C)[C@@H](c1ccccc1-c1ccc(Cl)cc1)C1CCN(c2ccc(C(=O)NS(=O)(=O)c3ccc(N[C@H](CCN4CCOCC4)CSc4ccccc4)c(S(=O)(=O)C(F)(F)F)c3)cc2)CC1,984.6289999999998,9.233600000000003,2.0,11.0
CHEMBL5828065,active,8.337242168318426,CN(C)c1c(Cl)cccc1C1CCCN1C1CC2(CCN(c3ccc(C(=O)NS(=O)(=O)c4ccc(NCC5CCOCC5)c([N+](=O)[O-])c4)c(Oc4cnc5[nH]ccc5c4)c3)CC2)C1,897.4989999999996,8.526100000000005,3.0,12.0
CHEMBL5831476,active,7.246416941107094,CN(C)c1ccc(-n2nc(C(=O)N(c3ccccc3)c3ccccc3)c3ccccc32)c(C(=O)N2Cc3ccccc3C[C@H]2CN)c1,620.7570000000001,6.5958000000000085,1.0,5.0
CHEMBL5857346,active,7.924453038607469,CN(C)c1ccc(S(=O)(=O)NC(=O)c2ccc(N3CCN(CC4=C(c5ccc(Cl)cc5)CC5(CCC5)CC4)CC3)cc2Oc2cnc3[nH]ccc3c2)cc1[N+](=O)[O-],810.377,8.031500000000008,2.0,10.0
CHEMBL4210809,active,7.186419011431808,CN(C)c1ccc(S(=O)(=O)NC(=O)c2ccc(N3CCN(CC4=C(c5ccc(Cl)cc5)CCC(C)(C)C4)CC3)cc2)cc1S(=O)(=O)C(F)(F)F,753.3090000000003,6.604100000000008,1.0,8.0
CHEMBL6006213,active,8.481486060122112,CN(C)c1ccccc1C1CCCN1C1CC=C(c2ccc(C(=O)NS(=O)(=O)c3ccc(NCC4CCOCC4)c([N+](=O)[O-])c3)c(Oc3cnc4[nH]ccc4c3)c2)CC1,819.9849999999997,8.059600000000009,3.0,11.0
CHEMBL5836637,active,8.070581074285707,CN(C)c1ccccc1C1CCCN1c1ccc(-c2ccc(C(=O)NS(=O)(=O)c3ccc(NCC4CCOCC4)c([N+](=O)[O-])c3)c(Oc3cnc4[nH]ccc4c3)c2)cc1,815.9529999999999,8.295100000000007,3.0,11.0
CHEMBL5560718,active,10.638272163982407,CN(C)c1ccccc1[C@@H]1CCCN1C1CC2(CCN(c3ccc(C(=O)NS(=O)(=O)c4ccc(NCC5CCOCC5)c([N+](=O)[O-])c4)c(Oc4cnc5[nH]ccc5c4)c3)CC2)C1,863.0539999999995,7.872700000000009,3.0,12.0
CHEMBL5806214,active,10.67778070526608,CN(C)c1ccccc1[C@@H]1CCCN1C1CC2(CCN(c3ccc(C(=O)NS(=O)(=O)c4ccc(NC[C@H]5CC[C@](C)(O)CC5)c([N+](=O)[O-])c4)c(Oc4cnc5[nH]ccc5c4)c3)CC2)C1,891.1079999999995,8.387300000000007,4.0,12.0
CHEMBL5770993,active,9.602059991327963,CN(CC1CCCN1C)c1ccccc1C1CCCN1c1ccc(-c2ccc(C(=O)NS(=O)(=O)c3ccc(NCC4CCOCC4)c([N+](=O)[O-])c3)c(Oc3cnc4[nH]ccc4c3)c2)cc1,899.0869999999998,8.759500000000005,3.0,12.0
CHEMBL5758637,active,9.920818753952375,CN(CC1CCOCC1)C(=O)Nc1ccc(S(=O)(=O)NC(=O)c2ccc(N3CCC4(CC3)CC(N3CCC[C@H]3c3ccccc3C3CC3)C4)cc2Oc2cnc3[nH]ccc3c2)cc1[N+](=O)[O-],917.1019999999997,8.735900000000006,3.0,11.0
CHEMBL376055,active,6.481486060122113,CN(CCCc1ccccc1)S(=O)(=O)c1cc(C(=O)N2CCc3ccc(S(=O)(=O)NCCc4ccccc4)cc3C2)c(O)c(O)c1O,679.8170000000003,3.776200000000004,4.0,8.0
CHEMBL3703608,active,8.397940008672037,CN(CCO)CC[C@H](CSc1ccccc1)Nc1ccc(S(=O)(=O)NC(=O)c2ccc(N3CCC([C@@H](N)c4ccccc4-c4ccc(Cl)cc4)CC3)cc2)cc1S(=O)(=O)C(F)(F)F,944.5640000000002,8.222600000000007,4.0,11.0
CHEMBL3703600,active,9.522878745280337,CN(CCO)CC[C@H](CSc1ccccc1)Nc1ccc(S(=O)(=O)NC(=O)c2ccc(N3CCC([C@@H](O)c4ccccc4-c4ccc(Cl)cc4)CC3)cc2)cc1S(=O)(=O)C(F)(F)F,945.5480000000003,8.256200000000007,4.0,11.0
CHEMBL5910058,active,8.0,CN(CCO)CC[C@H](CSc1ccccc1)Nc1ccc(S(=O)(=O)NC(=O)c2ccc(N3CCN(CC4=C(C56CC(C(F)F)(C5)C6)CC(C)(C)CC4)CC3)cc2)cc1S(=O)(=O)C(F)(F)F,968.1899999999997,8.04990000000001,3.0,11.0
CHEMBL5910247,active,8.0,CN(CCO)CC[C@H](CSc1ccccc1)Nc1ccc(S(=O)(=O)NC(=O)c2ccc(N3CCN(CC4=C(C56CC(C)(C5)C6)CC(C)(C)CC4)CC3)cc2)cc1S(=O)(=O)C(F)(F)F,932.2099999999996,7.804700000000009,3.0,11.0
CHEMBL4209621,active,7.337242168318426,CN(CCO)c1ccc(S(=O)(=O)NC(=O)c2ccc(N3CCN(CC4=C(c5ccc(Cl)cc5)CCC(C)(C)C4)CC3)cc2)cc1S(=O)(=O)C(F)(F)F,783.335,5.966600000000007,2.0,9.0
CHEMBL3703606,active,9.045757490560675,CN(CCOP(=O)(O)O)CC[C@H](CSc1ccccc1)Nc1ccc(S(=O)(=O)NC(=O)c2ccc(N3CCC([C@@H](O)c4ccccc4-c4ccc(Cl)cc4)CC3)cc2)cc1S(=O)(=O)C(F)(F)F,1025.5269999999998,8.373200000000006,5.0,12.0
CHEMBL3943273,active,7.0,CN(CC[C@H](CSc1ccccc1)Nc1ccc(S(=O)(=O)NC(=O)c2ccc(N3CCN(Cc4ccccc4-c4ccc(Cl)cc4)CC3)cc2)cc1[N+](=O)[O-])CC(=O)NO,872.4700000000001,6.756200000000007,4.0,12.0
CHEMBL5817128,active,7.431798275933005,CN(c1ccc(C(=O)NS(=O)(=O)c2ccc(NCC3CCOCC3)c([N+](=O)[O-])c2)c(Oc2cnc3[nH]ccc3c2)c1)C1CCC(N2CCCC2c2ccccc2C2CC2)CC1,848.0389999999998,8.682500000000006,3.0,11.0
CHEMBL5965178,active,7.638272163982407,CN(c1ccccc1C1CCCN1C1CC=C(c2ccc(C(=O)NS(=O)(=O)c3ccc(NCC4CCOCC4)c([N+](=O)[O-])c3)c(Oc3cnc4[nH]ccc4c3)c2)CC1)C1CC1,846.0229999999996,8.592200000000005,3.0,11.0
CHEMBL5906987,active,9.017728766960431,CN1C2CCC1CN(c1ccccc1[C@H]1CCCN1c1ccc(-c3ccc(C(=O)NS(=O)(=O)c4ccc(NCC5CCOCC5)c([N+](=O)[O-])c4)c(Oc4cnc5[nH]ccc5c4)c3)cc1)C2,897.0709999999997,8.511900000000004,3.0,12.0
CHEMBL3899534,active,7.327902142064283,CN1CC2(CC2)c2cc(N(C(=O)c3cc(-c4cc(Cl)ccc4C(=O)N4Cc5ccccc5C[C@H]4CN4CCOCC4)n4c3CCCC4)c3ccc(O)cc3)ccc21,782.3849999999998,8.209600000000009,1.0,6.0
CHEMBL5835085,active,8.744727494896694,CN1CC=C(c2ccc(Cl)cc2C2CCCN2c2ccc(-c3ccc(C(=O)NS(=O)(=O)c4ccc(NCC5CCOCC5)c([N+](=O)[O-])c4)c(Oc4cnc5[nH]ccc5c4)c3)cc2)CC1,902.4739999999996,9.6014,3.0,11.0
CHEMBL5781330,active,7.698970004336019,CN1CC=C(c2ccccc2C2CCCN2C2CC=C(c3ccc(C(=O)NS(=O)(=O)c4ccc(NCC5CCOCC5)c([N+](=O)[O-])c4)c(Oc4cnc5[nH]ccc5c4)c3)CC2)CC1,872.0609999999995,8.712500000000004,3.0,11.0
CHEMBL5804195,active,8.4089353929735,CN1CC=C(c2ccccc2C2CCCN2c2ccc(-c3ccc(C(=O)NS(=O)(=O)c4ccc(NCC5CCOCC5)c([N+](=O)[O-])c4)c(Oc4cnc5[nH]ccc5c4)c3)cc2)CC1,868.0289999999997,8.948000000000004,3.0,11.0
CHEMBL6051188,active,7.2441251443275085,CN1CC=C(c2ccccc2[C@@H]2CCCN2C2CC3(CCN(c4ccc(C(=O)NS(=O)(=O)c5ccc(NCC6CCOCC6)c([N+](=O)[O-])c5)c(Oc5cnc6[nH]ccc6c5)c4)CC3)C2)CC1,915.1299999999994,8.525600000000006,3.0,12.0
CHEMBL5920092,active,8.318758762624412,CN1CC=C(c2ccccc2[C@@H]2CCCN2c2ccc(-c3ccc(C(=O)NS(=O)(=O)c4ccc(NCC5CCOCC5)c([N+](=O)[O-])c4)c(Oc4cnc5[nH]ccc5c4)c3)cc2)CC1,868.0289999999997,8.948000000000004,3.0,11.0
CHEMBL5841570,active,10.022276394711152,CN1CC=C(c2ccccc2[C@H]2CCCN2c2ccc(-c3ccc(C(=O)NS(=O)(=O)c4ccc(NCC5(F)CCN(C6COC6)CC5)c([N+](=O)[O-])c4)c(Oc4cnc5[nH]ccc5c4)c3)cc2)CC1,941.0989999999995,8.724300000000005,3.0,12.0
CHEMBL5769999,active,10.00436480540245,CN1CC=C(c2ccccc2[C@H]2CCCN2c2ccc(-c3ccc(C(=O)NS(=O)(=O)c4ccc(NCC5(F)CCOCC5)c([N+](=O)[O-])c4)c(Oc4cnc5[nH]ccc5c4)c3)cc2)CC1,886.0189999999997,9.040100000000002,3.0,11.0
CHEMBL6048606,active,9.55284196865778,CN1CC=C(c2ccccc2[C@H]2CCCN2c2ccc(-c3ccc(C(=O)NS(=O)(=O)c4ccc(NCC5CCOCC5)c([N+](=O)[O-])c4)c(Oc4cnc5[nH]ccc5c4)c3)cc2)CC1,868.0289999999997,8.948000000000004,3.0,11.0
CHEMBL5910275,active,9.769551078621726,CN1CC=C(c2ccccc2[C@H]2CCCN2c2ccc(-c3ccc(C(=O)NS(=O)(=O)c4ccc(NC[C@@H]5COCCO5)c([N+](=O)[O-])c4)c(Oc4cnc5[nH]ccc5c4)c3)cc2)CC1,870.0009999999997,7.936800000000009,3.0,12.0
CHEMBL5871180,active,10.167491087293763,CN1CC=C(c2ccccc2[C@H]2CCCN2c2ccc(-c3ccc(C(=O)NS(=O)(=O)c4ccc(NC[C@H]5CC[C@](C)(O)CC5)c([N+](=O)[O-])c4)c(Oc4cnc5[nH]ccc5c4)c3)cc2)CC1,896.0829999999996,9.462600000000002,4.0,11.0
CHEMBL6049523,active,7.795880017344075,CN1CCC(CNc2ccc(S(=O)(=O)NC(=O)c3ccc(-c4ccc(N5CCCC5c5ccccc5Cl)cc4)cc3Oc3cnc4[nH]ccc4c3)cc2[N+](=O)[O-])CC1,820.3720000000001,8.797700000000003,3.0,10.0
CHEMBL5882786,active,7.853871964321762,CN1CCC(CNc2ccc(S(=O)(=O)NC(=O)c3ccc(C4=CCC(N5CCCC5c5ccccc5C5CC5)CC4)cc3Oc3cnc4[nH]ccc4c3)cc2[N+](=O)[O-])CC1,830.0239999999998,8.786200000000004,3.0,10.0
CHEMBL4858569,active,8.619788758288394,CN1CCC(CNc2ccc(S(=O)(=O)NC(=O)c3ccc(N4CCN(CC5=C(c6ccc(C(F)(F)F)cc6)CC(C)(C)CC5)CC4)cc3Oc3cnc4[nH]ccc4c3)cc2[N+](=O)[O-])C1,901.0249999999996,8.550400000000005,3.0,11.0
CHEMBL5775106,active,8.0,CN1CCC(CNc2ccc(S(=O)(=O)NC(=O)c3ccc(N4CCN(CC5=C(c6ccc(Cl)cc6)CC(C)(C)CC5)CC4)cc3-n3ncc4nc5[nH]ccc5cc43)cc2[N+](=O)[O-])CC1,905.5259999999994,8.121700000000008,3.0,11.0
CHEMBL4851700,active,9.1249387366083,CN1CCC(COc2ccc(S(=O)(=O)NC(=O)c3ccc(N4CCN(CC5=C(c6ccc(C(F)(F)F)cc6)CC(C)(C)CC5)CC4)cc3Oc3cnc4[nH]ccc4c3)cc2[N+](=O)[O-])C1,902.0089999999997,8.517300000000006,2.0,11.0
CHEMBL5811985,active,9.958607314841775,CN1CCC(Cc2ccccc2[C@H]2CCCN2c2ccc(-c3ccc(C(=O)NS(=O)(=O)c4ccc(NCC5CCOCC5)c([N+](=O)[O-])c4)c(Oc4cnc5[nH]ccc5c4)c3)cc2)CC1,884.0719999999995,9.113400000000002,3.0,11.0
CHEMBL5797373,active,8.0,CN1CCC(F)(CNc2ccc(S(=O)(=O)NC(=O)c3ccc(N4CCN(CC5=C(c6ccc(Cl)cc6)CC(C)(C)CC5)CC4)cc3-n3ncc4nc5[nH]ccc5cc43)cc2[N+](=O)[O-])CC1,923.5159999999995,8.213800000000008,3.0,11.0
CHEMBL5954403,active,8.0,CN1CCC(F)(COc2ccc(S(=O)(=O)NC(=O)c3ccc(N4CCN(CC5=C(c6ccc(Cl)cc6)CC(C)(C)CC5)CC4)cc3-n3ncc4nc5[nH]ccc5cc43)cc2[N+](=O)[O-])CC1,924.4999999999994,8.180700000000009,2.0,11.0
CHEMBL6036388,active,9.42021640338319,CN1CCC(N(C)c2ccccc2[C@H]2CCCN2c2ccc(-c3ccc(C(=O)NS(=O)(=O)c4ccc(NCC5CCOCC5)c([N+](=O)[O-])c4)c(Oc4cnc5[nH]ccc5c4)c3)cc2)C1,885.0599999999997,8.369400000000006,3.0,12.0
CHEMBL5873197,active,9.200659450546418,CN1CCC(Oc2ccccc2C2CCCN2c2ccc(-c3ccc(C(=O)NS(=O)(=O)c4ccc(NCC5CCOCC5)c([N+](=O)[O-])c4)c(Oc4cnc5[nH]ccc5c4)c3)cc2)C1,872.0169999999996,8.312000000000006,3.0,12.0
CHEMBL6059979,active,9.619788758288394,CN1CCC(Oc2ccccc2C2CCCN2c2ccc(-c3ccc(C(=O)NS(=O)(=O)c4ccc(NCC5CCOCC5)c([N+](=O)[O-])c4)c(Oc4cnc5[nH]ccc5c4)c3)cc2)CC1,886.0439999999995,8.702100000000005,3.0,12.0
CHEMBL5840340,active,9.102372908709558,CN1CCC(c2ccccc2C2CCCN2c2ccc(-c3ccc(C(=O)NS(=O)(=O)c4ccc(NCC5CCOCC5)c([N+](=O)[O-])c4)c(Oc4cnc5[nH]ccc5c4)c3)cc2)C1,856.0179999999997,8.648200000000005,3.0,11.0
CHEMBL5894601,active,7.107905397309519,CN1CCC(c2ccccc2[C@@H]2CCCN2C2CC3(CCN(c4ccc(C(=O)NS(=O)(=O)c5ccc(NCC6CCOCC6)c([N+](=O)[O-])c5)c(Oc5cnc6[nH]ccc6c5)c4)CC3)C2)CC1,917.1459999999994,8.615900000000005,3.0,12.0
CHEMBL6053673,active,9.67778070526608,CN1CCC(c2ccccc2[C@H]2CCCN2c2ccc(-c3ccc(C(=O)NS(=O)(=O)c4ccc(NCC5CCOCC5)c([N+](=O)[O-])c4)c(Oc4cnc5[nH]ccc5c4)c3)cc2)CC1,870.0449999999996,9.038300000000003,3.0,11.0
CHEMBL6021542,active,10.259637310505756,CN1CCC(c2ccccc2[C@H]2CCCN2c2ccc(-c3ccc(C(=O)NS(=O)(=O)c4ccc(NCC5CCOCC5)c([N+](=O)[O-])c4)c(Oc4cnc5[nH]ccc5c4)c3)cc2)CC1=O,884.0279999999997,8.564900000000005,3.0,11.0
CHEMBL5887448,active,10.275724130399212,CN1CCC(c2ccccc2[C@H]2CCCN2c2ccc(-c3ccc(C(=O)NS(=O)(=O)c4ccc(NC[C@H]5CC[C@](C)(O)CC5)c([N+](=O)[O-])c4)c(Oc4cnc5[nH]ccc5c4)c3)cc2)CC1,898.0989999999996,9.552900000000003,4.0,11.0
CHEMBL6049502,active,8.167491087293763,CN1CCC(n2nccc2C2CCCN2c2ccc(-c3ccc(C(=O)NS(=O)(=O)c4ccc(NCC5CCOCC5)c([N+](=O)[O-])c4)c(Oc4cnc5[nH]ccc5c4)c3)cc2)CC1,860.0099999999996,7.692300000000008,3.0,12.0
CHEMBL6039338,active,9.55284196865778,CN1CCC2(CC1)CN(c1ccccc1[C@H]1CCCN1c1ccc(-c3ccc(C(=O)NS(=O)(=O)c4ccc(NCC5CCOCC5)c([N+](=O)[O-])c4)c(Oc4cnc5[nH]ccc5c4)c3)cc1)C2,911.0979999999997,8.761100000000004,3.0,12.0
CHEMBL5937698,active,9.455931955649724,CN1CCCC(N(C)c2ccccc2C2CCCN2c2ccc(-c3ccc(C(=O)NS(=O)(=O)c4ccc(NCC5CCOCC5)c([N+](=O)[O-])c4)c(Oc4cnc5[nH]ccc5c4)c3)cc2)C1,899.0869999999996,8.759500000000005,3.0,12.0
CHEMBL6024503,active,9.301029995663981,CN1CCC[C@@H](c2ccccc2C2CCCN2c2ccc(-c3ccc(C(=O)NS(=O)(=O)c4ccc(NCC5CCOCC5)c([N+](=O)[O-])c4)c(Oc4cnc5[nH]ccc5c4)c3)cc2)C1,870.0449999999996,9.038300000000003,3.0,11.0
CHEMBL5861804,active,8.602059991327963,CN1CCC[C@H](c2ccccc2C2CCCN2c2ccc(-c3ccc(C(=O)NS(=O)(=O)c4ccc(NCC5CCOCC5)c([N+](=O)[O-])c4)c(Oc4cnc5[nH]ccc5c4)c3)cc2)C1,870.0449999999996,9.038300000000003,3.0,11.0
CHEMBL3953784,active,7.769551078621726,CN1CCCc2cc(N(C(=O)c3cc(-c4cc(Cl)ccc4C(=O)N4Cc5ccccc5C[C@H]4CN4CCOCC4)n4c3CCCC4)c3ccc(O)cc3)ccc21,770.3739999999999,8.110600000000009,1.0,6.0
CHEMBL3956101,active,7.823908740944319,CN1CCCc2cc(N(C(=O)c3cc(-c4cc5c(cc4C(=O)N4Cc6ccccc6C[C@H]4CN4CCOCC4)OCCO5)n4c3CCCC4)c3ccc(O)cc3)ccc21,793.9649999999999,7.228400000000009,1.0,8.0
CHEMBL3896415,active,7.585026652029182,CN1CCCc2cc(N(C(=O)c3cc(-c4cc5c(cc4C(=O)N4Cc6ccccc6C[C@H]4CN4CCOCC4)OCCO5)n4ccccc34)c3ccc(O)cc3)ccc21,789.9330000000002,7.343300000000009,1.0,8.0
CHEMBL5789676,active,8.1249387366083,CN1CCN(C(=O)c2ccc(CN(C(=O)c3cc(-c4cc5c(cc4C(=O)N4Cc6ccccc6C[C@H]4CN4CCOCC4)OCO5)n4c3CCCC4)c3ccc(O)cc3)cc2)CC1,851.0169999999996,6.059600000000008,1.0,9.0
CHEMBL5763220,active,8.1249387366083,CN1CCN(C(=O)c2cccc(CN(C(=O)c3cc(-c4cc5c(cc4C(=O)N4Cc6ccccc6C[C@H]4CN4CCOCC4)OCO5)n4c3CCCC4)c3ccc(O)cc3)c2)CC1,851.0169999999995,6.059600000000008,1.0,9.0
CHEMBL5768701,active,10.0268721464003,CN1CCN(C2CC3(CCN(c4ccc(C(=O)NS(=O)(=O)c5ccc(NCC6CCOCC6)c([N+](=O)[O-])c5)c(Oc5cnc6[nH]ccc6c5)c4)CC3)C2)C(c2ccccc2C2CC2)C1,889.0919999999998,7.835700000000008,3.0,12.0
CHEMBL5865603,active,10.200659450546418,CN1CCN(C2CC3(CCN(c4ccc(C(=O)NS(=O)(=O)c5ccc(NC[C@H]6CC[C@](C)(O)CC6)c([N+](=O)[O-])c5)c(Oc5cnc6[nH]ccc6c5)c4)CC3)C2)[C@@H](c2ccccc2C2CC2)C1,917.1459999999997,8.350300000000008,4.0,12.0
CHEMBL6011671,active,10.148741651280925,CN1CCN(C2CC3(CCN(c4ccc(C(=O)NS(=O)(=O)c5ccc(NC[C@H]6CC[C@](C)(O)CC6)c([N+](=O)[O-])c5)c(Oc5cnc6[nH]ccc6c5)c4)CC3)C2)[C@H](c2ccccc2C2CC2)C1,917.1459999999997,8.350300000000008,4.0,12.0
CHEMBL2063880,inactive,3.6716203965612624,CN1CCN(CCCNC(=O)c2c(-c3ccccc3)c(-c3ccc(Cl)cc3)cn2CC[C@H](O)CO)CC1,525.0930000000003,3.586100000000002,3.0,5.0
CHEMBL5932092,active,8.431798275933005,CN1CCN(C[C@@H]2Cc3ccccc3CN2C(=O)c2cc(F)c(Cl)cc2-n2cc(C(=O)N(c3ccc(O)cc3)c3ccc4c(ccn4C)c3)c3ccccc32)CC1,781.3319999999999,8.413300000000007,1.0,5.0
CHEMBL5991985,active,7.642065152999546,CN1CCN(C[C@@H]2Cc3ccccc3CN2C(=O)c2cc(NC(=O)CSc3ccccc3)ccc2-n2cc(C(=O)N(c3ccccc3)c3ccc(O)cc3)c3ccccc32)CC1,841.05,8.859900000000005,2.0,7.0
CHEMBL5750655,active,8.080921907623926,CN1CCN(C[C@@H]2Cc3ccccc3CN2C(=O)c2cc(O)c(O)cc2-n2cc(C(=O)N(c3ccccc3)c3ccc(O)cc3)c3ccccc32)CC1,707.8310000000001,6.540300000000009,3.0,7.0
CHEMBL3704814,active,7.276544327964814,CN1CCN(C[C@@H]2Cc3ccccc3CN2C(=O)c2cc3c(cc2-c2cc(C(=O)N(c4ccc(O)cc4)N4CCN(C)CC4)c(C(F)(F)F)n2C)OCO3)CC1,773.8569999999997,4.768900000000004,1.0,9.0
CHEMBL5780777,active,7.920818753952375,CN1CCN(C[C@@H]2Cc3ccccc3CN2C(=O)c2cc3c(cc2-c2cc(C(=O)N(c4ccc(O)cc4)c4ccc5[nH]ccc5c4)c4n2CCCC4)OCO3)CC1,762.9109999999997,7.200000000000009,2.0,7.0
CHEMBL5895579,active,7.920818753952375,CN1CCN(C[C@@H]2Cc3ccccc3CN2C(=O)c2cc3c(cc2-c2cc(C(=O)N(c4ccc(O)cc4)c4ccc5c(ccn5C)c4)c4ccccn24)OCO3)CC1,772.906,7.32530000000001,1.0,7.0
CHEMBL3937031,active,7.769551078621726,CN1CCN(C[C@@H]2Cc3ccccc3CN2C(=O)c2cc3c(cc2-c2cc(C(=O)N(c4ccc(O)cc4)c4ccc5c(ccn5C)c4)c4n2CCC4)OCO3)CC1,762.9109999999997,6.820300000000009,1.0,7.0
CHEMBL3701296,active,7.649751981665837,CN1CCN(C[C@@H]2Cc3ccccc3CN2C(=O)c2cc3c(cc2-c2cc(C(=O)N(c4ccc(O)cc4)c4ccc5c(ccn5C)c4)cn2C)OCO3)CC1,736.8729999999999,6.411100000000008,1.0,7.0
CHEMBL3927836,active,8.0,CN1CCN(C[C@@H]2Cc3ccccc3CN2C(=O)c2cc3c(cc2-c2cc(C(=O)N(c4ccccc4)c4ccc(O)cc4)c4n2CCCC4)OCO3)CC1=O,737.8569999999999,6.245300000000007,1.0,7.0
CHEMBL5984895,active,8.10790539730952,CN1CCN(C[C@@H]2Cc3ccccc3CN2C(=O)c2cc3c(cc2-n2cc(C(=O)N(CCc4ccccc4)c4ccc(O)cc4)c4ccccc42)OCO3)CC1,747.8960000000002,6.768800000000009,1.0,7.0
CHEMBL6059439,active,7.7544873321858505,CN1CCN(C[C@@H]2Cc3ccccc3CN2C(=O)c2cc3c(cc2-n2cc(C(=O)N(c4ccc(O)c(Cl)c4)c4ccc5[nH]ccc5c4)c4ccccc42)OCO3)CC1,793.324,7.992500000000009,2.0,7.0
CHEMBL5840578,active,7.076755981369724,CN1CCN(C[C@@H]2Cc3ccccc3CN2C(=O)c2cc3c(cc2-n2cc(C(=O)N(c4ccc(O)c(Cl)c4)c4ccc5c(ccn5C)c4)c4ccccc42)OCO3)CC1,807.3509999999999,8.00290000000001,1.0,7.0
CHEMBL6002454,active,8.214670164989233,CN1CCN(C[C@@H]2Cc3ccccc3CN2C(=O)c2cc3c(cc2-n2cc(C(=O)N(c4ccc(O)c(F)c4)c4ccc5c(ccn5C)c4)c4ccccc42)OCO3)CC1,790.896,7.48860000000001,1.0,7.0
CHEMBL5922530,active,8.259637310505756,CN1CCN(C[C@@H]2Cc3ccccc3CN2C(=O)c2cc3c(cc2-n2cc(C(=O)N(c4ccc(O)cc4)c4ccc(Cl)cc4)c4ccccc42)OCO3)CC1,754.287,7.511200000000008,1.0,7.0
CHEMBL5925400,active,7.688246138944246,CN1CCN(C[C@@H]2Cc3ccccc3CN2C(=O)c2cc3c(cc2-n2cc(C(=O)N(c4ccc(O)cc4)c4ccc(F)c(Cl)c4)c4ccccc42)OCO3)CC1,772.277,7.650300000000008,1.0,7.0
CHEMBL5828104,active,8.301029995663981,CN1CCN(C[C@@H]2Cc3ccccc3CN2C(=O)c2cc3c(cc2-n2cc(C(=O)N(c4ccc(O)cc4)c4ccc(F)c(F)c4)c4ccccc42)OCO3)CC1,755.8220000000001,7.136000000000008,1.0,7.0
CHEMBL5929135,active,8.455931955649724,CN1CCN(C[C@@H]2Cc3ccccc3CN2C(=O)c2cc3c(cc2-n2cc(C(=O)N(c4ccc(O)cc4)c4ccc(F)cc4)c4ccccc42)OCO3)CC1,737.8320000000001,6.996900000000009,1.0,7.0
CHEMBL5753121,active,8.431798275933005,CN1CCN(C[C@@H]2Cc3ccccc3CN2C(=O)c2cc3c(cc2-n2cc(C(=O)N(c4ccc(O)cc4)c4ccc(O)cc4)c4ccccc42)OCO3)CC1,735.8410000000001,6.5634000000000094,2.0,8.0
CHEMBL5806110,active,8.161150909262744,CN1CCN(C[C@@H]2Cc3ccccc3CN2C(=O)c2cc3c(cc2-n2cc(C(=O)N(c4ccc(O)cc4)c4ccc(OC(F)(F)F)cc4)c4ccccc42)OCO3)CC1,803.8380000000002,7.756400000000008,1.0,8.0
CHEMBL5934690,active,7.707743928643524,CN1CCN(C[C@@H]2Cc3ccccc3CN2C(=O)c2cc3c(cc2-n2cc(C(=O)N(c4ccc(O)cc4)c4ccc5[nH]ccc5c4)c4cc(Cl)ccc42)OCO3)CC1,793.324,7.992500000000009,2.0,7.0
CHEMBL5967333,active,8.42021640338319,CN1CCN(C[C@@H]2Cc3ccccc3CN2C(=O)c2cc3c(cc2-n2cc(C(=O)N(c4ccc(O)cc4)c4ccc5[nH]ccc5c4)c4ccccc42)OCO3)CC1,758.879,7.339100000000009,2.0,7.0
CHEMBL6030452,active,8.036212172654444,CN1CCN(C[C@@H]2Cc3ccccc3CN2C(=O)c2cc3c(cc2-n2cc(C(=O)N(c4ccc(O)cc4)c4ccc5c(c4)CCN5)c4ccccc42)OCO3)CC1,760.8949999999999,6.825800000000008,2.0,8.0
CHEMBL5814743,active,8.173925197299173,CN1CCN(C[C@@H]2Cc3ccccc3CN2C(=O)c2cc3c(cc2-n2cc(C(=O)N(c4ccc(O)cc4)c4ccc5c(ccn5C)c4)c4ccccc42)OCO3)CC1,772.906,7.34950000000001,1.0,7.0
CHEMBL6017811,active,8.167491087293763,CN1CCN(C[C@@H]2Cc3ccccc3CN2C(=O)c2cc3c(cc2-n2cc(C(=O)N(c4ccc(O)cc4)c4ccc5occc5c4)c4ccccc42)OCO3)CC1,759.863,7.604000000000009,1.0,8.0
CHEMBL5858896,active,8.142667503568731,CN1CCN(C[C@@H]2Cc3ccccc3CN2C(=O)c2cc3c(cc2-n2cc(C(=O)N(c4ccc(O)cc4)c4ccc5sccc5c4)c4ccccc42)OCO3)CC1,775.931,8.072500000000009,1.0,8.0
CHEMBL5893493,active,7.903089986991944,CN1CCN(C[C@@H]2Cc3ccccc3CN2C(=O)c2cc3c(cc2-n2cc(C(=O)N(c4ccc(O)cc4)c4cccc(Oc5ccccc5)c4)c4ccccc42)OCO3)CC1,811.9390000000001,8.650100000000005,1.0,8.0
CHEMBL5906111,active,8.113509274827518,CN1CCN(C[C@@H]2Cc3ccccc3CN2C(=O)c2cc3c(cc2-n2cc(C(=O)N(c4ccccc4)c4ccc(O)c(F)c4)c4ccccc42)OCO3)CC1,737.8320000000001,6.996900000000009,1.0,7.0
CHEMBL5972946,active,7.507239610973162,CN1CCN(C[C@@H]2Cc3ccccc3CN2C(=O)c2cc3c(cc2-n2cc(C(=O)N(c4ccccc4)c4ccc(O)cc4)c4cc(F)ccc42)OCO3)CC1,737.8320000000001,6.996900000000009,1.0,7.0
CHEMBL6022916,active,8.008773924307505,CN1CCN(C[C@@H]2Cc3ccccc3CN2C(=O)c2cc3c(cc2-n2cc(C(=O)N(c4ccccc4)c4ccc(O)cc4)c4ccc(F)cc42)OCO3)CC1,737.8320000000001,6.996900000000009,1.0,7.0
CHEMBL5857187,active,6.954677021213342,CN1CCN(C[C@@H]2Cc3ccccc3CN2C(=O)c2cc3c(cc2-n2cc(C(=O)N(c4ccccc4)c4ccc(O)cc4)c4ccccc42)OC(F)(F)O3)CC1,755.8220000000002,7.4506000000000085,1.0,7.0
CHEMBL5832526,active,7.774690718274137,CN1CCN(C[C@@H]2Cc3ccccc3CN2C(=O)c2cc3c(cc2-n2cc(C(=O)N(c4ccccc4)c4ccc(O)cc4)c4ccccc42)OCCO3)CC1,733.869,6.900300000000009,1.0,7.0
CHEMBL6048662,active,8.10790539730952,CN1CCN(C[C@@H]2Cc3ccccc3CN2C(=O)c2cc3c(cc2-n2cc(C(=O)N(c4ccccc4)c4ccc(O)cc4)c4ccccc42)OCO3)CC1,719.8420000000001,6.857800000000009,1.0,7.0
CHEMBL5985491,active,7.774690718274137,CN1CCN(C[C@@H]2Cc3ccccc3CN2C(=O)c2cc3c(cc2-n2cc(C(=O)N(c4ccccc4)c4ccc(O)cc4)c4ccccc42)OC[C@H](COCc2ccccc2)O3)CC1,854.02,8.485700000000008,1.0,8.0
CHEMBL5902614,active,7.72584215073632,CN1CCN(C[C@@H]2Cc3ccccc3CN2C(=O)c2cc3c(cc2-n2cc(C(=O)N(c4ccccc4)c4ccccc4)c4ccccc42)OCO3)CC1,703.8430000000001,7.152200000000009,0.0,6.0
CHEMBL5761128,active,7.716698771296451,CN1CCN(C[C@@H]2Cc3ccccc3CN2C(=O)c2ccc(Br)cc2-n2cc(C(=O)N(c3ccc(O)cc3)c3ccc(Cl)cc3)c3ccccc32)CC1,789.174,8.545000000000005,1.0,5.0
CHEMBL5867960,active,8.080921907623926,CN1CCN(C[C@@H]2Cc3ccccc3CN2C(=O)c2ccc(Br)cc2-n2cc(C(=O)N(c3ccc(O)cc3)c3ccc(F)cc3)c3ccccc32)CC1,772.719,8.030700000000008,1.0,5.0
CHEMBL5894463,active,7.978810700930062,CN1CCN(C[C@@H]2Cc3ccccc3CN2C(=O)c2ccc(Br)cc2-n2cc(C(=O)N(c3ccc(O)cc3)c3ccc4[nH]ccc4c3)c3ccccc32)CC1,793.766,8.372900000000007,2.0,5.0
CHEMBL5985126,active,8.045757490560675,CN1CCN(C[C@@H]2Cc3ccccc3CN2C(=O)c2ccc(Br)cc2-n2cc(C(=O)N(c3ccc(O)cc3)c3ccc4c(ccn4C)c3)c3ccccc32)CC1,807.7929999999999,8.383300000000007,1.0,5.0
CHEMBL3701292,active,7.609064892896621,CN1CCN(C[C@@H]2Cc3ccccc3CN2C(=O)c2ccc(Cl)cc2-c2cc(C(=O)N(c3ccc(O)cc3)c3ccc4[nH]ccc4c3)cn2C)CC1,713.2819999999999,7.325400000000009,2.0,5.0
CHEMBL3899558,active,7.853871964321762,CN1CCN(C[C@@H]2Cc3ccccc3CN2C(=O)c2ccc(Cl)cc2-c2cc(C(=O)N(c3ccc(O)cc3)c3ccc4c(ccn4C)c3)c3ccccn23)CC1,763.3419999999999,8.250000000000007,1.0,5.0
CHEMBL3909105,active,7.638272163982407,CN1CCN(C[C@@H]2Cc3ccccc3CN2C(=O)c2ccc(Cl)cc2-c2cc(C(=O)N(c3ccc(O)cc3)c3ccc4c(ccn4C)c3)c3n2CCC3)CC1,753.3469999999996,7.74500000000001,1.0,5.0
CHEMBL3923492,active,7.886056647693163,CN1CCN(C[C@@H]2Cc3ccccc3CN2C(=O)c2ccc(Cl)cc2-c2cc(C(=O)N(c3ccc(O)cc3)c3ccc4c(ccn4C)c3)c3n2CCCC3)CC1,767.3739999999996,8.135100000000008,1.0,5.0
CHEMBL3909919,active,8.154901959985743,CN1CCN(C[C@@H]2Cc3ccccc3CN2C(=O)c2ccc(Cl)cc2-c2cc(C(=O)N(c3ccc(O)cc3)c3ccc4c(ccn4C)c3)c3n2CCCC3)CC1=O,781.3569999999996,7.6617000000000095,1.0,5.0
CHEMBL3701293,active,7.673664139071248,CN1CCN(C[C@@H]2Cc3ccccc3CN2C(=O)c2ccc(Cl)cc2-c2cc(C(=O)N(c3ccc(O)cc3)c3ccc4c(ccn4C)c3)cn2C)CC1,727.3089999999999,7.33580000000001,1.0,5.0
CHEMBL3701295,active,7.59176003468815,CN1CCN(C[C@@H]2Cc3ccccc3CN2C(=O)c2ccc(Cl)cc2-c2cc(C(=O)N(c3ccc(O)cc3)c3ccc4c(ccn4C)c3)cn2C2CC2)CC1,753.3469999999998,8.133700000000008,1.0,5.0
CHEMBL6061883,active,8.060480747381382,CN1CCN(C[C@@H]2Cc3ccccc3CN2C(=O)c2ccc(Cl)cc2-n2cc(C(=O)N(c3ccc(O)cc3)c3ccc(Cl)cc3)c3ccccc32)CC1,744.723,8.435900000000006,1.0,5.0
CHEMBL5970047,active,8.148741651280925,CN1CCN(C[C@@H]2Cc3ccccc3CN2C(=O)c2ccc(Cl)cc2-n2cc(C(=O)N(c3ccc(O)cc3)c3ccc(F)cc3)c3ccccc32)CC1,728.268,7.921600000000009,1.0,5.0
CHEMBL5834331,active,8.4089353929735,CN1CCN(C[C@@H]2Cc3ccccc3CN2C(=O)c2ccc(Cl)cc2-n2cc(C(=O)N(c3ccc(O)cc3)c3ccc(O)cc3)c3ccccc32)CC1,726.277,7.488100000000009,2.0,6.0
CHEMBL5805210,active,8.346787486224656,CN1CCN(C[C@@H]2Cc3ccccc3CN2C(=O)c2ccc(Cl)cc2-n2cc(C(=O)N(c3ccc(O)cc3)c3ccc4[nH]ccc4c3)c3ccccc32)CC1,749.3149999999999,8.263800000000007,2.0,5.0
CHEMBL5825530,active,8.481486060122112,CN1CCN(C[C@@H]2Cc3ccccc3CN2C(=O)c2ccc(Cl)cc2-n2cc(C(=O)N(c3ccc(O)cc3)c3ccc4c(ccn4C)c3)c3ccccc32)CC1,763.3419999999999,8.274200000000008,1.0,5.0
CHEMBL5750459,active,7.991399828238082,CN1CCN(C[C@@H]2Cc3ccccc3CN2C(=O)c2ccc(Cl)cc2-n2cc(C(=O)N(c3ccccc3)c3ccc(O)cc3)c3ccccc32)CC1,710.278,7.7825000000000095,1.0,5.0
CHEMBL6063727,active,7.756961951313706,CN1CCN(C[C@@H]2Cc3ccccc3CN2C(=O)c2ccc(Cl)cc2-n2cc(C(=O)N(c3ccccc3)c3ccccc3)c3ccccc32)CC1,694.279,8.076900000000009,0.0,4.0
CHEMBL5968365,active,7.87942606879415,CN1CCN(C[C@@H]2Cc3ccccc3CN2C(=O)c2ccccc2-n2cc(C(=O)N(c3ccccc3)c3ccc(O)cc3)c3ccccc32)CC1,675.8330000000001,7.129100000000009,1.0,5.0
CHEMBL5779937,active,8.855581481397932,CN1CCN(Cc2ccccc2[C@H]2CCCN2c2ccc(-c3ccc(C(=O)NS(=O)(=O)c4ccc(NCC5CCOCC5)c([N+](=O)[O-])c4)c(Oc4cnc5[nH]ccc5c4)c3)cc2)CC1,885.0599999999996,7.976500000000009,3.0,12.0
CHEMBL4213316,active,6.774690718274137,CN1CCN(S(=O)(=O)NC(=O)c2ccc(N3CCN(CC4=C(c5ccc(Cl)cc5)CCC(C)(C)C4)CC3)cc2)CC1,600.229,4.347900000000005,1.0,6.0
CHEMBL5784373,active,7.853871964321762,CN1CCN(c2ccc(-c3ccc(C(=O)NS(=O)(=O)c4ccc(NCC5CCOCC5)c([N+](=O)[O-])c4)c(Oc4cnc5[nH]ccc5c4)c3)cc2)C(c2ccccc2)C1,801.9260000000003,7.380700000000008,3.0,11.0
CHEMBL5980488,active,8.221848749616356,CN1CCN(c2ccc(-c3ccc(C(=O)NS(=O)(=O)c4ccc(NCC5CCOCC5)c([N+](=O)[O-])c4)c(Oc4cnc5[nH]ccc5c4)c3)cc2)C(c2ccccc2C2CC2)C1,841.9910000000001,8.258100000000006,3.0,11.0
CHEMBL5811460,active,9.05551732784983,CN1CCN(c2ccccc2C2CCCN2c2ccc(-c3ccc(C(=O)NS(=O)(=O)c4ccc(NCC5CCOCC5)c([N+](=O)[O-])c4)c(Oc4cnc5[nH]ccc5c4)c3)cc2)CC1,871.0329999999997,7.980900000000008,3.0,12.0
CHEMBL5867513,active,8.221848749616356,CN1CCOC(CNc2ccc(S(=O)(=O)NC(=O)c3ccc(C4=CCC(N5CCCC5c5ccccc5C5CC5)CC4)cc3Oc3cnc4[nH]ccc4c3)cc2[N+](=O)[O-])C1,831.9959999999999,7.775000000000008,3.0,11.0
CHEMBL3979356,active,7.769551078621726,CN1CCOc2cc(N(C(=O)c3cc(-c4cc(Cl)ccc4C(=O)N4Cc5ccccc5C[C@H]4CN4CCOCC4)n4c3CCCC4)c3ccc(O)cc3)ccc21,772.3459999999998,7.556800000000009,1.0,7.0
CHEMBL3976773,active,7.585026652029182,CN1CCOc2cc(N(C(=O)c3cc(-c4cc5c(cc4C(=O)N4Cc6ccccc6C[C@H]4CN4CCOCC4)OCCO5)n4c3CCCC4)c3ccc(O)cc3)ccc21,795.9369999999999,6.674600000000008,1.0,9.0
CHEMBL3916185,active,7.568636235841013,CN1CCc2cc(N(C(=O)c3cc(-c4cc(Br)ccc4C(=O)N4Cc5ccccc5C[C@H]4CN4CCOCC4)n4c3CCCC4)c3ccc(O)cc3)ccc21,800.7979999999997,7.829600000000009,1.0,6.0
CHEMBL3963693,active,6.958607314841775,CN1CCc2cc(N(C(=O)c3cc(-c4cc(Cl)ccc4C(=O)N4Cc5ccccc5C[C@H]4CN4CCOCC4)c4n3CCCC4)c3ccc(O)cc3)ccc21,756.3469999999999,7.720500000000009,1.0,6.0
CHEMBL3955979,active,7.853871964321762,CN1CCc2cc(N(C(=O)c3cc(-c4cc(Cl)ccc4C(=O)N4Cc5ccccc5C[C@H]4CN4CCOCC4)n4c3CCCC4)c3ccc(O)cc3)ccc21,756.3469999999999,7.720500000000009,1.0,6.0
CHEMBL3927581,active,7.795880017344075,CN1CCc2cc(N(C(=O)c3cc(-c4cc(Cl)ccc4C(=O)N4Cc5ccccc5C[C@H]4CN4CCOCC4)n4ccccc34)c3ccc(O)cc3)ccc21,752.3150000000002,7.835400000000009,1.0,6.0
CHEMBL3939864,active,7.886056647693163,CN1CCc2cc(N(C(=O)c3cc(-c4cc5c(cc4C(=O)N4Cc6ccccc6C[C@H]4CN4CCOCC4)OCO5)n4c3CCCC4)c3ccc(O)cc3)ccc21,765.9110000000001,6.795800000000009,1.0,8.0
CHEMBL3928123,active,7.552841968657781,CN1CCc2cc(N(C(=O)c3cc(-c4cc5c(cc4C(=O)N4Cc6ccccc6C[C@H]4CN4CCOCC4)OCO5)n4c3COCC4)c3ccc(O)cc3)ccc21,767.8830000000002,5.989700000000006,1.0,9.0
CHEMBL3954237,active,7.657577319177793,CN1CCc2cc(N(C(=O)c3cc(-c4cc5c(cc4C(=O)N4Cc6ccccc6C[C@H]4CN4CCOCC4)OCO5)n4ccccc34)c3ccc(O)cc3)ccc21,761.8790000000004,6.910700000000008,1.0,8.0
CHEMBL5768126,active,7.795880017344075,CN1CCc2cccc(C3CCCN3c3ccc(-c4ccc(C(=O)NS(=O)(=O)c5ccc(NCC6CCOCC6)c([N+](=O)[O-])c5)c(Oc5cnc6[nH]ccc6c5)c4)cc3)c2C1,841.9909999999998,8.217000000000008,3.0,11.0
CHEMBL5988103,active,8.2518119729938,CNC(=O)N1CCc2cc(-c3cc(C(=O)N(C)c4ccc(O)cc4)c4n3CCCC4)c(C(=O)N3Cc4ccccc4C[C@H]3C)cc2C1,631.7770000000002,5.758100000000006,2.0,4.0
CHEMBL6001766,active,7.920818753952375,CNC(=O)N1Cc2cc(C(=O)N3Cc4ccccc4C[C@H]3C)c(-c3cc(C(=O)N(C)c4ccc(O)cc4)c(C)n3C)cc2C1,591.7120000000001,5.224720000000006,2.0,4.0
CHEMBL5830631,active,7.795880017344075,CNC(=O)N1Cc2cc(C(=O)N3Cc4ccccc4C[C@H]3C)c(-c3cc(C(=O)N(C)c4ccc(O)cc4)c4n3CCCC4)cc2C1,617.7499999999999,5.715600000000007,2.0,4.0
CHEMBL2063893,active,8.275724130399212,CNC(=O)c1c(-c2cccc(N3CCN(c4ccc(NS(=O)(=O)c5ccc(N[C@H](CCN(C)C)CSc6ccccc6)c([N+](=O)[O-])c5)cc4)CC3)c2)c(-c2ccc(Cl)cc2)cn1C,907.5629999999999,8.932200000000003,3.0,10.0
CHEMBL2159736,active,8.301029995663981,CNC(=O)c1c(-c2cccc(N3CCN(c4ccc(NS(=O)(=O)c5ccc(N[C@H](CCN(C)C)CSc6ccccc6)c([N+](=O)[O-])c5)cc4)CC3)c2)c(-c2ccc(Cl)cc2)n(C)c1C,921.5899999999998,9.240620000000002,3.0,10.0
CHEMBL5925151,active,7.0,CNC(=O)c1ccc(Oc2cc(-c3ccc(N4CCC[C@@H]4c4ccccc4C4CC4)cc3)ccc2C(=O)NS(=O)(=O)c2ccc(NCC3CCOCC3)c([N+](=O)[O-])c2)cn1,830.9639999999998,7.98480000000001,3.0,11.0
CHEMBL5773439,active,10.193820026016112,CNCC(=O)N1CCC(c2ccccc2[C@H]2CCCN2c2ccc(-c3ccc(C(=O)NS(=O)(=O)c4ccc(NC[C@H]5CC[C@](C)(O)CC5)c([N+](=O)[O-])c4)c(Oc4cnc5[nH]ccc5c4)c3)cc2)CC1,955.1509999999996,8.669100000000006,5.0,12.0
CHEMBL3703627,active,7.568636235841013,CNCC(=O)N[C@@H](c1ccccc1-c1ccc(Cl)cc1)C1CCN(c2ccc(C(=O)NS(=O)(=O)c3ccc(N[C@H](CCN4CCOCC4)CSc4ccccc4)c(S(=O)(=O)C(F)(F)F)c3)cc2)CC1,1027.6539999999998,8.007600000000009,4.0,12.0
CHEMBL5741823,active,9.522878745280337,CNCCC(=O)N1CCC(c2ccccc2[C@H]2CCCN2c2ccc(-c3ccc(C(=O)NS(=O)(=O)c4ccc(NCC5CCOCC5)c([N+](=O)[O-])c4)c(Oc4cnc5[nH]ccc5c4)c3)cc2)CC1,941.1239999999997,8.544600000000006,4.0,12.0
CHEMBL3701310,active,8.387216143280265,CNCCn1c(-c2cc3c(cc2C(=O)N2Cc4ccccc4C[C@H]2C)OCO3)cc(C(=O)N(c2ccc(O)cc2)c2cnn(C)c2)c1C,646.7480000000002,5.416220000000006,2.0,7.0
CHEMBL500866,active,6.853871964321762,CNC[C@@H]1Cc2ccccc2CN1C(=O)c1ccccc1-n1nc(C(=O)N(c2ccccc2)c2ccccc2)cc1C,555.6820000000001,5.945720000000006,1.0,4.0
CHEMBL5884492,active,7.6020599913279625,CNc1ccc(-n2nc(C(=O)N(c3ccccc3)c3ccccc3)c3ccccc32)c(C(=O)N2Cc3ccccc3C[C@H]2CN)c1,606.73,6.5715000000000074,2.0,5.0
CHEMBL6064691,active,8.481486060122112,CNc1ccc(S(=O)(=O)NC(=O)c2ccc(N3CCN(CC4=C(c5ccc(Cl)cc5)CC5(CCC5)CC4)CC3)cc2Oc2cnc3[nH]ccc3c2)cc1[N+](=O)[O-],796.35,8.007200000000008,3.0,10.0
CHEMBL3971530,active,6.075720713938118,COC(=O)CCCCCN/C=C1\C(=O)C(O)=C(C(C)C)c2cc(C)c(-c3c(C)cc4c(c3O)/C(=C/NCCCCCC(=O)OC)C(=O)C(O)=C4C(C)C)c(O)c21,772.936,7.72504000000001,6.0,12.0
CHEMBL3932954,active,6.316052869248487,COC(=O)CCCCN/C=C1\C(=O)C(O)=C(C(C)C)c2cc(C)c(-c3c(C)cc4c(c3O)/C(=C/NCCCCC(=O)OC)C(=O)C(O)=C4C(C)C)c(O)c21,744.8820000000002,6.944840000000008,6.0,12.0
CHEMBL3918448,active,6.3448615651886175,COC(=O)CCCN/C=C1\C(=O)C(O)=C(C(C)C)c2cc(C)c(-c3c(C)cc4c(c3O)/C(=C/NCCCC(=O)OC)C(=O)C(O)=C4C(C)C)c(O)c21,716.8280000000003,6.164640000000007,6.0,12.0
CHEMBL3957283,active,6.543633966870957,COC(=O)CCN/C=C1\C(=O)C(O)=C(C(C)C)c2cc(C)c(-c3c(C)cc4c(c3O)/C(=C/NCCC(=O)OC)C(=O)C(O)=C4C(C)C)c(O)c21,688.7740000000002,5.384440000000006,6.0,12.0
CHEMBL3929718,active,6.987162775294828,COC(=O)CN/C=C1\C(=O)C(O)=C(C(C)C)c2cc(C)c(-c3c(C)cc4c(c3O)/C(=C/NC(=O)OC)C(=O)C(O)=C4C(C)C)c(O)c21,646.6930000000003,5.197640000000005,6.0,11.0
CHEMBL453466,active,6.552841968657781,COC(=O)C[C@@H]1Cc2ccccc2CN1C(=O)c1ccccc1-n1nc(C(=O)N(c2ccccc2)c2ccccc2)cc1C,584.6760000000002,6.289420000000006,0.0,5.0
CHEMBL5868833,active,8.229147988357855,COC(=O)c1ccc(C2=CCC(N3CCCC3c3ccccc3)CC2)cc1Oc1cnc2[nH]ccc2c1,493.6070000000002,6.914800000000007,1.0,5.0
CHEMBL5953429,active,8.136677139879543,COC(=O)c1ccc(C2=CCC(N3CCCC3c3ccccc3C3CC3)CC2)cc1Oc1cnc2[nH]ccc2c1,533.6720000000003,7.7922000000000065,1.0,5.0
CHEMBL3701395,active,7.309803919971486,COC(=O)c1ccnc(N(C(=O)c2cc(-c3cc(Cl)ccc3C(=O)N3Cc4ccccc4C[C@H]3CN3CCOCC3)n(C)c2C)c2ccc(O)cc2)c1,734.253,6.418920000000008,1.0,8.0
CHEMBL5874403,active,8.327902142064282,COC(c1ccccc1C1CC1)C1CCCN1C1CC=C(c2ccc(C(=O)NS(=O)(=O)c3ccc(NCC4CCOCC4)c([N+](=O)[O-])c3)c(Oc3cnc4[nH]ccc4c3)c2)CC1,861.0339999999995,8.886000000000003,3.0,11.0
CHEMBL5783644,active,8.214670164989233,COC1(C)CCC(CNc2ccc(S(=O)(=O)NC(=O)c3ccc(-c4ccc(N5CCC[C@@H]5c5ccccc5C5CC5)cc4)cc3Oc3cnc4[nH]ccc4c3)cc2[N+](=O)[O-])CC1,855.0299999999999,10.275199999999995,3.0,10.0
CHEMBL5845004,active,8.136677139879543,COC1(C)CCC(CNc2ccc(S(=O)(=O)NC(=O)c3ccc(-c4ccc(N5CCC[C@H]5c5ccccc5C5CC5)cc4)cc3Oc3cnc4[nH]ccc4c3)cc2[N+](=O)[O-])CC1,855.0299999999999,10.275199999999995,3.0,10.0
CHEMBL5899122,active,7.769551078621726,COC1CC(c2ccccc2C2CC2)N(c2ccc(-c3ccc(C(=O)NS(=O)(=O)c4ccc(NCC5CCOCC5)c([N+](=O)[O-])c4)c(Oc4cnc5[nH]ccc5c4)c3)cc2)C1,842.9749999999997,8.731400000000004,3.0,11.0
CHEMBL6018441,active,7.7447274948966935,COCC1CCC(CNc2ccc(S(=O)(=O)NC(=O)c3ccc(C4=CCC(N5CCCC5c5ccccc5C5CC5)CC4)cc3Oc3cnc4[nH]ccc4c3)cc2[N+](=O)[O-])CC1,859.0619999999998,9.897199999999998,3.0,10.0
CHEMBL3701361,active,8.193820026016112,COCCN(C)CCn1c(-c2cc3c(cc2C(=O)N2Cc4ccccc4C[C@H]2C)OCO3)cc(C(=O)N(c2ccc(O)cc2)c2cnn(C)c2)c1C,704.8280000000002,5.775020000000007,1.0,8.0
CHEMBL3976786,active,8.045757490560675,COCCN(C)C[C@@H]1Cc2ccccc2CN1C(=O)c1ccc(Cl)cc1-c1cc(C(=O)N(c2ccc(O)cc2)c2ccc3c(ccn3C)c2)c2n1CCCC2,756.3469999999998,8.465900000000007,1.0,5.0
CHEMBL3956422,active,8.0,COCCN1CCN(C[C@@H]2Cc3ccccc3CN2C(=O)c2cc3c(cc2-c2cc(C(=O)N(c4ccccc4)c4ccc(O)cc4)c4n2CCCC4)OCO3)CC1,767.9269999999998,6.7353000000000085,1.0,8.0
CHEMBL5941948,active,8.301029995663981,COCCNC(=O)c1ccc(CN(C(=O)c2cc(-c3cc4c(cc3C(=O)N3Cc5ccccc5C[C@H]3CN3CCOCC3)OCO4)n3c2CCCC3)c2ccc(O)cc2)cc1,825.9629999999997,6.048200000000008,2.0,9.0
CHEMBL6057180,active,8.301029995663981,COCCNC(=O)c1cccc(CN(C(=O)c2cc(-c3cc4c(cc3C(=O)N3Cc5ccccc5C[C@H]3CN3CCOCC3)OCO4)n3c2CCCC3)c2ccc(O)cc2)c1,825.9629999999997,6.048200000000008,2.0,9.0
CHEMBL5780526,active,7.853871964321762,COCCOc1ccccc1C1CCCN1C1CC=C(c2ccc(C(=O)NS(=O)(=O)c3ccc(NCC4CCOCC4)c([N+](=O)[O-])c3)c(Oc3cnc4[nH]ccc4c3)c2)CC1,850.9949999999997,8.018800000000008,3.0,12.0
CHEMBL3701379,active,7.8297382846050425,COCCc1c(C(=O)N(c2ccc(O)cc2)c2cnc3c(c2)CCN3C)cc(-c2cc3c(cc2C(=O)N2Cc4ccccc4C[C@H]2CN2CCOCC2)OCO3)n1C,784.9139999999999,5.580400000000007,1.0,10.0
CHEMBL3704815,active,7.798602875679548,COCCc1c(C(=O)N(c2ccc(O)cc2)c2cnc3ccn(C)c3c2)cc(-c2cc3c(cc2C(=O)N2Cc4ccccc4C[C@H]2CN2CCOCC2)OCO3)n1C,782.8979999999998,6.079800000000008,1.0,9.0
CHEMBL3701355,active,7.705533773838407,COCCn1c(-c2cc3c(cc2C(=O)N2Cc4ccccc4C[C@H]2CN2CCOCC2)OCO3)cc(C(=O)N(c2ccc(O)cc2)c2cnn(C)c2)c1C,732.8380000000002,5.155520000000005,1.0,9.0
CHEMBL501871,active,6.795880017344075,COC[C@@H]1Cc2ccccc2CN1C(=O)c1ccccc1-n1nc(C(=O)N(c2ccccc2)c2ccccc2)cc1C,556.6660000000002,6.372720000000006,0.0,4.0
CHEMBL5739744,active,9.619788758288394,COCc1ccccc1C1CCCN1C1CC2(CCN(c3ccc(C(=O)NS(=O)(=O)c4ccc(NCC5CCOCC5)c([N+](=O)[O-])c4)c(Oc4cnc5[nH]ccc5c4)c3)CC2)C1,864.0379999999996,7.953100000000009,3.0,12.0
CHEMBL5908484,active,8.356547323513812,COCc1ccccc1C1CCCN1c1ccc(-c2ccc(C(=O)NS(=O)(=O)c3ccc(NCC4CCOCC4)c([N+](=O)[O-])c3)c(Oc3cnc4[nH]ccc4c3)c2)cc1,816.9369999999999,8.375500000000006,3.0,11.0
CHEMBL5561534,active,8.293709042741236,COCc1ccccc1[C@@H]1CCCN1C1CC2(CCN(c3ccc(C(=O)NS(=O)(=O)c4ccc(NCC5CCOCC5)c([N+](=O)[O-])c4)c(Oc4cnc5[nH]ccc5c4)c3)CC2)C1,864.0379999999996,7.953100000000009,3.0,12.0
CHEMBL3703625,active,9.0,COP(=O)(O)O[C@@H](c1ccccc1-c1ccc(Cl)cc1)C1CCN(c2ccc(C(=O)NS(=O)(=O)c3ccc(N[C@H](CCN4CCOCC4)CSc4ccccc4)c(S(=O)(=O)C(F)(F)F)c3)cc2)CC1,1051.565,9.4354,3.0,13.0
CHEMBL6007118,active,7.698970004336019,CO[C@@H]1CC(c2ccccc2C2CC2)N(C2CC=C(c3ccc(C(=O)NS(=O)(=O)c4ccc(NCC5CCOCC5)c([N+](=O)[O-])c4)c(Oc4cnc5[nH]ccc5c4)c3)CC2)C1,847.0069999999996,8.495900000000006,3.0,11.0
CHEMBL5992113,active,7.585026652029182,CO[C@H]1CC(c2ccccc2C2CC2)N(C2CC=C(c3ccc(C(=O)NS(=O)(=O)c4ccc(NCC5CCOCC5)c([N+](=O)[O-])c4)c(Oc4cnc5[nH]ccc5c4)c3)CC2)C1,847.0069999999996,8.495900000000006,3.0,11.0
CHEMBL4228713,active,8.853871964321762,CO[C@H]1CC[C@H](CNc2ccc(S(=O)(=O)NC(=O)c3ccc(N4CCN(CC5=C(c6ccc(Cl)cc6)CC(C)(C)CC5)CC4)cc3Oc3cnc4[nH]ccc4c3)cc2[N+](=O)[O-])CC1,896.5109999999996,9.438500000000001,3.0,11.0
CHEMBL4278774,active,7.459670525209126,CO[C@H]1OC2O[C@@]3(C)CC[C@H]4[C@H](C)CC[C@@H]([C@]1(C)CC(=O)N1CCN(c5ccc(C(=O)NS(=O)(=O)c6ccc(NCC7CCOCC7)c([N+](=O)[O-])c6)c(Oc6cnc7[nH]ccc7c6)c5)CC1)[C@@]24OO3,974.1029999999996,6.483900000000006,3.0,16.0
CHEMBL5561680,active,10.060480747381382,CO[C@]1(C)CC[C@@H](CNc2ccc(S(=O)(=O)NC(=O)c3ccc(N4CCC5(CC4)CC(N4CCC[C@H]4c4ccccc4C(C)C)C5)cc3Oc3cnc4[nH]ccc4c3)cc2[N+](=O)[O-])CC1,904.147,10.098799999999997,3.0,11.0
CHEMBL6011142,active,7.522878745280337,COc1c(C)cnc(CN(C(=O)c2cc(-c3cc4c(cc3C(=O)N3Cc5ccccc5C[C@H]3CN3CCOCC3)OCO4)n3c2CCCC3)c2ccc(O)cc2)c1C,783.9259999999998,6.692440000000008,1.0,9.0
CHEMBL216213,inactive,4.0,COc1c(Cc2ccccc2C(C)C)cc(C(=O)Nc2ccc(S(=O)(=O)c3ccccc3C(C)(C)C)cc2)c(OC)c1OC,615.7920000000003,7.809200000000009,1.0,6.0
CHEMBL3704778,active,8.508638306165727,COc1cc(-c2cc(C(=O)N(c3ccc(O)cc3)c3cc(C#N)n(C)c3C)c(C)n2C)c(C(=O)N2Cc3ccccc3C[C@H]2CN2CCOCC2)cc1F,730.8409999999999,6.250220000000008,1.0,7.0
CHEMBL3701363,active,7.675717544702307,COc1cc(-c2cc(C(=O)N(c3ccc(O)cc3)c3cnn(C)c3)c(C)n2C)c(C(=O)N2Cc3ccccc3C[C@H]2CN2CCOCC2)cc1F,692.7919999999998,5.465120000000005,1.0,7.0
CHEMBL5961933,active,8.327902142064282,COc1cc(-n2cc(C(=O)N(c3ccc(O)cc3)C3CCCCC3)c3ccccc32)c(C(=O)N2Cc3ccccc3C[C@H]2CN2CCN(C)CC2)cc1O,727.906,6.84430000000001,2.0,7.0
CHEMBL6020153,active,8.508638306165727,COc1cc(-n2cc(C(=O)N(c3ccc(O)cc3)c3ccc(F)cc3)c3ccccc32)c(C(=O)N2Cc3ccccc3C[C@H]2CN2CCN(C)CC2)cc1O,739.8479999999997,6.98240000000001,2.0,7.0
CHEMBL5990271,active,8.356547323513812,COc1cc(-n2cc(C(=O)N(c3ccc(O)cc3)c3ccc4[nH]ccc4c3)c3ccccc32)c(C(=O)N2Cc3ccccc3C[C@H]2CN2CCN(C)CC2)cc1O,760.8949999999998,7.32460000000001,3.0,7.0
CHEMBL5775349,active,7.665546248849069,COc1cc(-n2cc(C(=O)N(c3ccccc3)C3CCCCC3)c3ccccc32)c(C(=O)N2Cc3ccccc3C[C@H]2CN2CCN(C)CC2)cc1O,711.9069999999999,7.138700000000011,1.0,6.0
CHEMBL5822872,active,8.2518119729938,COc1cc(-n2cc(C(=O)N(c3ccccc3)c3ccc(C)cc3)c3ccccc32)c(C(=O)N2Cc3ccccc3C[C@H]2CN2CCN(C)CC2)cc1O,719.8859999999997,7.446120000000011,1.0,6.0
CHEMBL5798028,active,7.866461091629782,COc1cc(-n2cc(C(=O)N(c3ccccc3)c3ccc(F)cc3)c3ccccc32)c(C(=O)N2Cc3ccccc3C[C@H]2CN2CCN(C)CC2)cc1O,723.8489999999997,7.276800000000011,1.0,6.0
CHEMBL5760905,active,7.913640169325252,COc1cc(-n2cc(C(=O)N(c3ccccc3)c3ccc(O)cc3)c3ccccc32)c(C(=O)N2Cc3ccccc3C[C@H]2CN)cc1O,638.724,6.554600000000009,3.0,6.0
CHEMBL5935254,active,8.207608310501746,COc1cc(-n2cc(C(=O)N(c3ccccc3)c3ccc(O)cc3)c3ccccc32)c(C(=O)N2Cc3ccccc3C[C@H]2CN2CCCCC2)cc1O,706.8429999999997,8.081800000000008,2.0,6.0
CHEMBL5994962,active,8.494850021680094,COc1cc(-n2cc(C(=O)N(c3ccccc3)c3ccc(O)cc3)c3ccccc32)c(C(=O)N2Cc3ccccc3C[C@H]2CN2CCN(C)CC2)cc1O,721.8579999999997,6.84330000000001,2.0,7.0
CHEMBL5987519,active,8.468521082957745,COc1cc(-n2cc(C(=O)N(c3ccccc3)c3ccc4[nH]ccc4c3)c3ccccc32)c(C(=O)N2Cc3ccccc3C[C@H]2CN2CCN(C)CC2)cc1O,744.8959999999997,7.619000000000011,2.0,6.0
CHEMBL5886009,active,8.161150909262744,COc1cc(-n2cc(C(=O)N(c3ccccc3)c3ccccc3)c3ccccc32)c(C(=O)N2Cc3ccccc3C[C@H]2CN2CCN(C)CC2)cc1O,705.8589999999997,7.137700000000011,1.0,6.0
CHEMBL5858824,active,6.661543506395395,COc1cc(-n2nc(C(=O)N(c3ccccc3)c3ccccc3)c3ccccc32)c(C(=O)N2Cc3ccccc3C[C@H]2CN)cc1N,622.7289999999999,6.120600000000007,2.0,6.0
CHEMBL5745266,active,7.982966660701219,COc1cc(-n2nc(C(=O)N(c3ccccc3)c3ccccc3)c3ccccc32)c(C(=O)N2Cc3ccccc3C[C@H]2CN)cc1O,623.7130000000001,6.244000000000008,2.0,6.0
CHEMBL5752243,inactive,4.653647025549361,COc1cc(-n2nc(C(=O)N(c3ccccc3)c3ccccc3)c3ccccc32)c(C(=O)N2Cc3ccccc3C[C@H]2CN)cc1OCc1ccccc1,713.838,8.117400000000009,1.0,6.0
CHEMBL3701415,active,8.3767507096021,COc1cc(C#N)cc(N(C(=O)c2cc(-c3cc(F)ccc3C(=O)N3Cc4ccccc4C[C@H]3CN3CCOCC3)n(C)c2C)c2ccc(O)cc2)c1,713.8100000000001,6.603300000000009,1.0,7.0
CHEMBL5871668,active,8.522878745280337,COc1cc(C#N)ccc1OC(=O)N1CCc2cc(-c3cc(C(=O)N(C)c4ccc(O)cc4)c4n3CCCC4)c(C(=O)N3Cc4ccccc4C[C@H]3CN3CCOCC3)cc2C1,834.9739999999995,6.810280000000008,1.0,9.0
CHEMBL3701345,active,7.844663962534938,COc1cc(C(=O)N2Cc3ccccc3C[C@H]2C)c(-c2cc(C(=O)N(c3ccc(O)cc3)c3cnn(C)c3)c(C)n2C)cc1F,607.6860000000001,6.152820000000007,1.0,5.0
CHEMBL5830905,active,7.42712839779952,COc1cc(C(=O)N2Cc3ccccc3C[C@H]2CN2CCN(C)CC2)c(-n2cc(C(=O)N(c3ccccc3)c3ccc(O)cc3)c3ccccc32)cc1Cl,740.3040000000003,7.791100000000009,1.0,6.0
CHEMBL3701362,active,7.640164517660112,COc1cc(C(=O)N2Cc3ccccc3C[C@H]2CN2CCOCC2)c(-c2[nH]c(C)c(C(=O)N(c3ccc(O)cc3)c3cnn(C)c3)c2C)cc1F,692.7920000000003,5.763140000000007,2.0,7.0
CHEMBL3704784,active,7.826813731587726,COc1cc(C(=O)N2Cc3ccccc3C[C@H]2CN2CCOCC2)c(-c2cc(C(=O)N(c3ccc(O)cc3)c3cc(C#N)ccn3)c(C)n2C)cc1F,714.7980000000001,5.9983000000000075,1.0,8.0
CHEMBL3704789,active,8.585026652029182,COc1cc(C(=O)N2Cc3ccccc3C[C@H]2CN2CCOCC2)c(-c2cc(C(=O)N(c3ccc(O)cc3)c3cc(C#N)n(C)c3C)c(C)n2C)cc1F,730.841,6.250220000000008,1.0,7.0
CHEMBL3701376,active,8.05551732784983,COc1cc(C(=O)N2Cc3ccccc3C[C@H]2CN2CCOCC2)c(-c2cc(C(=O)N(c3ccc(O)cc3)c3cnc4c(c3)CCN4C)c(C)n2C)cc1F,744.8679999999999,6.118920000000007,1.0,8.0
CHEMBL3701375,active,8.130768280269024,COc1cc(C(=O)N2Cc3ccccc3C[C@H]2CN2CCOCC2)c(-c2cc(C(=O)N(c3ccc(O)cc3)c3cnc4c(ccn4C)c3)c(C)n2C)cc1F,742.8520000000001,6.618320000000009,1.0,7.0
CHEMBL5268884,active,7.698970004336019,COc1cc(C(=O)NCCNc2ccc(S(=O)(=O)NC(=O)c3ccc(N4CCN(CC5=C(c6ccc(Cl)cc6)CC(C)(C)CC5)CC4)cc3Oc3cnc4[nH]ccc4c3)cc2[N+](=O)[O-])ccc1NC(=O)[C@@H]1N[C@@H](CC(C)(C)C)[C@](C#N)(c2ccc(Cl)cc2F)[C@H]1c1cccc(Cl)c1F,1411.8579999999993,14.217379999999975,6.0,15.0
CHEMBL5283597,active,7.698970004336019,COc1cc(C(=O)NCCOCCOCCNc2ccc(S(=O)(=O)NC(=O)c3ccc(N4CCN(CC5=C(c6ccc(Cl)cc6)CC(C)(C)CC5)CC4)cc3Oc3cnc4[nH]ccc4c3)cc2[N+](=O)[O-])ccc1NC(=O)[C@@H]1N[C@@H](CC(C)(C)C)[C@](C#N)(c2ccc(Cl)cc2F)[C@H]1c1cccc(Cl)c1F,1499.963999999999,14.250579999999976,6.0,17.0
CHEMBL4519659,active,7.698970004336019,COc1cc2c(cc1C(CN1CCCC1)c1ccc(-c3ccc(C(=O)NS(=O)(=O)c4ccc(C[C@H](CCN5CCOCC5)CSc5ccccc5)c(S(=O)(=O)C(F)(F)F)c4)cc3)cc1)OCO2,980.1619999999999,8.404100000000009,1.0,12.0
CHEMBL3601398,inactive,4.301029995663981,COc1cc2c(cc1OC(C)C)[C@H](c1ccc(Cl)cc1)N(c1ccc(N(C)C[C@H]3CC[C@H](N4CCN(C)C(=O)C4)CC3)cc1)C(=O)C2,659.2710000000001,6.583500000000008,0.0,6.0
CHEMBL3701408,active,8.522878745280337,COc1ccc(-c2cc(C(=O)N(c3ccc(O)cc3)c3cc(C#N)n(C)c3C)c(C)n2C)c(C(=O)N2Cc3ccccc3C[C@H]2CN2CCOCC2)c1,712.851,6.111120000000007,1.0,7.0
CHEMBL3701409,active,7.995678626217358,COc1ccc(-c2cc(C(=O)N(c3ccc(O)cc3)c3cnn(C)c3)c(C)n2C)c(C(=O)N2Cc3ccccc3C[C@H]2CN2CCOCC2)c1,674.8019999999999,5.326020000000004,1.0,7.0
CHEMBL6020918,active,7.657429289471684,COc1ccc(-c2cc(Cn3cnc4c(N)ncnc43)c(N3CCC[C@@H](N)C3)cn2)cc1F,448.50600000000026,2.5940000000000003,2.0,8.0
CHEMBL3701315,active,8.142667503568731,COc1ccc(C(=O)N2Cc3ccccc3C[C@H]2C)c(-c2cc(C(=O)N(c3ccc(O)cc3)c3cnn(C)c3)c(C)n2C)c1,589.6960000000001,6.013720000000008,1.0,5.0
CHEMBL3701304,active,8.309803919971486,COc1ccc(C(=O)N2Cc3ccccc3C[C@H]2C)c(-c2cc(C(=O)N(c3ccncc3)c3ccc(O)cc3)c(C)n2C)c1,586.6920000000001,6.6752200000000075,1.0,5.0
CHEMBL5864277,active,7.600326278518962,COc1ccc(C(=O)N2Cc3ccccc3C[C@H]2CN(C)C)c(-n2cc(C(=O)N(c3ccccc3)c3ccc(O)cc3)c3ccccc32)c1,650.7790000000002,7.451900000000009,1.0,5.0
CHEMBL5978117,active,7.764471553092451,COc1ccc(C(=O)N2Cc3ccccc3C[C@H]2CN)c(-n2cc(C(=O)N(c3ccccc3)c3ccc(O)cc3)c3ccccc32)c1,622.7250000000003,6.849000000000007,2.0,5.0
CHEMBL5984436,active,7.647817481888637,COc1ccc(C(=O)N2Cc3ccccc3C[C@H]2CN)c(-n2cc(C(=O)N(c3ccccc3)c3ccccc3)c3ccccc32)c1,606.7260000000002,7.143400000000007,1.0,4.0
CHEMBL5917599,active,7.292429823902063,COc1ccc(C(=O)N2Cc3ccccc3C[C@H]2CN)c(-n2nc(C(=O)N(c3ccccc3)c3ccccc3)c3ccccc32)c1,607.7140000000002,6.538400000000006,1.0,5.0
CHEMBL5799114,active,6.966576244513051,COc1ccc(C(=O)N2Cc3ccccc3C[C@H]2CN2CCCCC2)c(-n2cc(C(=O)N(c3ccccc3)c3ccc(O)cc3)c3ccccc32)c1,690.8440000000004,8.376200000000008,1.0,5.0
CHEMBL5908462,active,8.366531544420413,COc1ccc(C(=O)N2Cc3ccccc3C[C@H]2CN2CCN(C)CC2)c(-n2cc(C(=O)N(c3ccc(O)cc3)c3ccc4c(ccn4C)c3)c3ccccc32)c1,758.9230000000002,7.629400000000009,1.0,6.0
CHEMBL5757762,active,7.943095148663527,COc1ccc(C(=O)N2Cc3ccccc3C[C@H]2CN2CCN(C)CC2)c(-n2cc(C(=O)N(c3ccccc3)c3ccc(O)cc3)c3ccccc32)c1,705.8590000000004,7.137700000000009,1.0,6.0
CHEMBL3701400,active,7.686132779630847,COc1ccc(C(=O)N2Cc3ccccc3C[C@H]2CN2CCOCC2)c(-c2cc(C(=O)N(c3ccc(O)c(F)c3)c3cnn(C)c3)c(C)n2C)c1,692.7920000000001,5.465120000000006,1.0,7.0
CHEMBL3701401,active,8.267606240177031,COc1ccc(C(=O)N2Cc3ccccc3C[C@H]2CN2CCOCC2)c(-c2cc(C(=O)N(c3ccc(O)cc3)c3cc(C#N)n(C)c3C)c(C)n2C)c1,712.851,6.111120000000008,1.0,7.0
CHEMBL3985932,active,8.045757490560675,COc1ccc(C(=O)N2Cc3ccccc3C[C@H]2CN2CCOCC2)c(-c2cc(C(=O)N(c3ccc(O)cc3)c3ccc(C)c(F)c3)c3n2CCCC3)c1,728.865,7.53092000000001,1.0,6.0
CHEMBL3965900,active,7.6777807052660805,COc1ccc(C(=O)N2Cc3ccccc3C[C@H]2CN2CCOCC2)c(-c2cc(C(=O)N(c3ccc(O)cc3)c3ccc4c(ccn4C)c3)c3ccccn23)c1,745.8800000000002,7.69000000000001,1.0,6.0
CHEMBL3920154,active,7.638272163982407,COc1ccc(C(=O)N2Cc3ccccc3C[C@H]2CN2CCOCC2)c(-c2cc(C(=O)N(c3ccc(O)cc3)c3ccc4c(ccn4C)c3)c3n2CCCC3)c1,749.9119999999999,7.575100000000011,1.0,6.0
CHEMBL3917121,active,8.154901959985743,COc1ccc(C(=O)N2Cc3ccccc3C[C@H]2CN2CCOCC2)c(-c2cc(C(=O)N(c3ccc(O)cc3)c3ccc4c(cnn4C)c3)c3n2CCCC3)c1,750.8999999999999,6.970100000000008,1.0,7.0
CHEMBL3701308,active,8.207608310501746,COc1ccc(C(=O)N2Cc3ccccc3C[C@H]2CN2CCOCC2)c(-c2cc(C(=O)N(c3ccc(O)cc3)c3cnn(C)c3)c(C)n2C)c1,674.8020000000001,5.326020000000006,1.0,7.0
CHEMBL3704810,active,8.221848749616356,COc1ccc(C(=O)N2Cc3ccccc3C[C@H]2CN2CCOCC2)c(-c2cc(C(=O)N(c3ccccc3)c3ccc(O)cc3)c(C)n2C)c1,670.8100000000003,6.592520000000008,1.0,6.0
CHEMBL3914379,active,8.045757490560675,COc1ccc(C(=O)N2Cc3ccccc3C[C@H]2CN2CCOCC2)c(-c2cc(C(=O)N(c3ccccc3)c3ccc(O)cc3)c3n2CCCC3)c1,696.8480000000001,7.083400000000009,1.0,6.0
CHEMBL5171960,inactive,4.995248844408999,COc1ccc(C(=O)N2N=C(c3ccc(NS(C)(=O)=O)cc3)CC2c2ccco2)cc1,439.4930000000002,3.651200000000003,1.0,6.0
CHEMBL4873467,active,8.42021640338319,COc1ccc(C2=C(CN3CCN(c4ccc(C(=O)NS(=O)(=O)c5ccc(NCC6CCOCC6)c([N+](=O)[O-])c5)c(Oc5cnc6[nH]ccc6c5)c4)CC3)CCC(C)(C)C2)cc1,864.0379999999998,8.01510000000001,3.0,12.0
CHEMBL1095309,inactive,4.954677021213342,COc1ccc(C2C3=C(N=c4s/c(=C\c5ccc(-c6cccc(C(=O)O)c6)o5)c(=O)n42)c2ccccc2CC3)cc1,560.6310000000001,5.285500000000004,1.0,6.0
CHEMBL5740413,active,7.552841968657781,COc1ccc(C2CC2)c(C2CCCN2C2CC=C(c3ccc(C(=O)NS(=O)(=O)c4ccc(NCC5CCOCC5)c([N+](=O)[O-])c4)c(Oc4cnc5[nH]ccc5c4)c3)CC2)c1,847.0069999999996,8.879600000000003,3.0,11.0
CHEMBL5806787,active,6.718966632752273,COc1ccc(C2CCCN2c2ccc(-c3ccc(C(=O)NS(=O)(=O)c4ccc(NCC5CCOCC5)c([N+](=O)[O-])c4)c(Oc4cnc5[nH]ccc5c4)c3)cc2)cc1,802.9100000000001,8.237700000000007,3.0,11.0
CHEMBL6036174,active,8.585026652029182,COc1ccc(CC(=O)N2Cc3cc(C(=O)N4Cc5ccccc5C[C@H]4C)c(-c4cc(C(=O)N(C)c5ccc(O)cc5)c(C)n4C)cc3C2)cc1,682.8210000000001,6.663220000000009,1.0,5.0
CHEMBL5772057,active,8.259637310505756,COc1ccc(CC(=O)N2Cc3cc(C(=O)N4Cc5ccccc5C[C@H]4C)c(-c4cc(C(=O)N(C)c5ccc(O)cc5)c5n4CCCC5)cc3C2)cc1,708.8589999999999,7.154100000000009,1.0,5.0
CHEMBL6056802,active,7.6777807052660805,COc1ccc(CCCN2Cc3cc(C(=O)N4Cc5ccccc5C[C@H]4C)c(-c4cc(C(=O)N(C)c5ccc(O)cc5)c(C)n4C)cc3C2)cc1,682.8650000000001,7.52672000000001,1.0,5.0
CHEMBL3701390,active,8.455931955649724,COc1ccc(N(C(=O)c2cc(-c3cc(Cl)ccc3C(=O)N3Cc4ccccc4C[C@H]3CN3CCOCC3)n(C)c2C)c2ccc(O)cc2)cc1C#N,730.265,7.117600000000009,1.0,7.0
CHEMBL3919115,active,6.7447274948966935,COc1ccc(N(C(=O)c2cc(-c3cc(Cl)ccc3C(=O)N3Cc4ccccc4C[C@H]3CN3CCOCC3)n3c2CCCC3)c2ccc(O)cc2)cc1C(F)(F)F,799.29,8.755600000000001,1.0,6.0
CHEMBL3704776,active,8.657577319177793,COc1ccc(N(C(=O)c2cc(-c3cc(F)ccc3C(=O)N3Cc4ccccc4C[C@H]3CN3CCOCC3)n(C)c2C)c2ccc(O)cc2)cc1C#N,713.8100000000002,6.603300000000008,1.0,7.0
CHEMBL5916895,active,7.882728704344236,COc1ccc(N(C(=O)c2cn(-c3cc4c(cc3C(=O)N3Cc5ccccc5C[C@H]3CN3CCN(C)CC3)OCO4)c3ccccc23)c2ccc(O)cc2)cc1,749.8680000000004,6.8664000000000085,1.0,8.0
CHEMBL4091074,inactive,4.536853863273651,COc1ccc(Nc2nnc(-c3c[nH]c4ccccc34)o2)cc1,306.32500000000005,3.970100000000002,2.0,5.0
CHEMBL5885093,active,8.537602002101044,COc1ccc(OC(=O)N2CCc3cc(-c4cc(C(=O)N(C)c5ccc(O)cc5)c5n4CCCC5)c(C(=O)N4Cc5ccccc5C[C@H]4CN4CCOCC4)cc3C2)cc1,809.9639999999996,6.938600000000007,1.0,8.0
CHEMBL1672077,active,6.024568191490737,COc1ccc(Sc2ccc3c4c(cccc24)C2=NC(=O)C(C#N)=C23)cc1,368.41700000000014,4.619680000000004,0.0,4.0
CHEMBL137800,inactive,4.982966660701219,COc1ccc2c(c1)C(=O)C1C=C([N+]#N)C=CC1N2,254.26900000000003,2.5949800000000005,1.0,4.0
CHEMBL344184,inactive,4.982966660701219,COc1ccc2c(c1)CCc1cc(OC)ccc1/[N+]([O-])=[N+]\2[O-],300.314,3.238400000000002,0.0,4.0
CHEMBL5291477,active,6.823908740944319,COc1ccc2nc(-c3ccc(Br)cc3)cc(-c3nnc(Nc4ccc([N+](=O)[O-])cc4)o3)c2c1,518.3270000000002,6.374700000000004,1.0,8.0
CHEMBL5821621,active,8.173925197299173,COc1cccc(/C=C/C(=O)N2CCc3cc(-c4cc(C(=O)N(C)c5ccc(O)cc5)c(C)n4C)c(C(=O)N4Cc5ccccc5C[C@H]4CN4CCOCC4)cc3C2)c1,793.9649999999996,6.488720000000007,1.0,7.0
CHEMBL1095310,inactive,4.7121982700697735,COc1cccc(C2C3=C(N=c4s/c(=C\c5ccc(-c6cccc(C(=O)O)c6)o5)c(=O)n42)c2ccccc2CC3)c1,560.6310000000001,5.285500000000004,1.0,6.0
CHEMBL5794713,active,7.795880017344075,COc1cccc(C2CCCN2C2CC=C(c3ccc(C(=O)NS(=O)(=O)c4ccc(NCC5CCOCC5)c([N+](=O)[O-])c4)c(Oc4cnc5[nH]ccc5c4)c3)CC2)c1,806.9419999999999,8.002200000000007,3.0,11.0
CHEMBL5854152,active,8.075720713938118,COc1cccc(CCC(=O)N2CCc3cc(-c4cc(C(=O)N(C)c5ccc(O)cc5)c(C)n4C)c(C(=O)N4Cc5ccccc5C[C@H]4CN4CCOCC4)cc3C2)c1,795.9809999999995,6.408120000000007,1.0,7.0
CHEMBL5901855,active,8.301029995663981,COc1cccc(CN(C(=O)c2cc(-c3cc4c(cc3C(=O)N3Cc5ccccc5C[C@H]3CN3CCOCC3)OCO4)n3c2CCCC3)c2ccc(O)cc2)c1C,768.911,6.98902000000001,1.0,8.0
CHEMBL3929493,active,7.552841968657781,COc1cccc(N(C(=O)c2cc(-c3cc(Cl)ccc3C(=O)N3Cc4ccccc4C[C@H]3CN3CCOCC3)n3c2CCCC3)c2ccc(O)cc2)c1,731.2929999999999,7.73680000000001,1.0,6.0
CHEMBL2169898,active,6.095825631715837,COc1cccc(S(=O)(=O)Nc2ccc(N3CCN(c4cccc(-c5c(C(=O)NCCCN6CCN(C)CC6)c(C)n(C)c5-c5ccc(Cl)cc5)c4)CC3)cc2)c1,810.4649999999999,6.8242200000000075,2.0,8.0
CHEMBL6037680,active,8.173925197299173,COc1ccccc1C1CCCN1C1CC=C(c2ccc(C(=O)NS(=O)(=O)c3ccc(NCC4CCOCC4)c([N+](=O)[O-])c3)c(Oc3cnc4[nH]ccc4c3)c2)CC1,806.9419999999998,8.002200000000007,3.0,11.0
CHEMBL5767470,active,8.173925197299173,COc1ccccc1C1CCCN1C1CCC(c2ccc(C(=O)NS(=O)(=O)c3ccc(NCC4CCOCC4)c([N+](=O)[O-])c3)c(Oc3cnc4[nH]ccc4c3)c2)CC1,808.9579999999997,8.092500000000008,3.0,11.0
CHEMBL5972023,active,7.853871964321762,COc1ccccc1C1CCCN1c1ccc(-c2ccc(C(=O)NS(=O)(=O)c3ccc(NCC4CCOCC4)c([N+](=O)[O-])c3)c(Oc3cnc4[nH]ccc4c3)c2)cc1,802.91,8.237700000000006,3.0,11.0
CHEMBL5862464,active,8.301029995663981,COc1ccccc1CN(C(=O)c1cc(-c2cc3c(cc2C(=O)N2Cc4ccccc4C[C@H]2CN2CCOCC2)OCO3)n2c1CCCC2)c1ccc(O)cc1,754.8839999999999,6.680600000000009,1.0,8.0
CHEMBL5814241,active,8.455931955649724,COc1ccccc1OC(=O)N1CCc2cc(-c3cc(C(=O)N(C)c4ccc(O)cc4)c4n3CCCC4)c(C(=O)N3Cc4ccccc4C[C@H]3CN3CCOCC3)cc2C1,809.9639999999996,6.938600000000008,1.0,8.0
CHEMBL5567413,active,9.920818753952375,COc1ccccc1[C@@H]1CCCN1C1CC2(CCN(c3ccc(C(=O)NS(=O)(=O)c4ccc(NCC5CCOCC5)c([N+](=O)[O-])c4)c(Oc4cnc5[nH]ccc5c4)c3)CC2)C1,850.0109999999995,7.815300000000009,3.0,12.0
CHEMBL3704792,active,8.259637310505756,COc1cnc(N(C(=O)c2cc(-c3cc(Cl)ccc3C(=O)N3Cc4ccccc4C[C@H]3CN3CCOCC3)n(C)c2C)c2ccc(O)cc2)cn1,707.2310000000001,6.035920000000007,1.0,8.0
CHEMBL3701392,active,8.346787486224656,COc1ncc(N(C(=O)c2cc(-c3cc(Cl)ccc3C(=O)N3Cc4ccccc4C[C@H]3CN3CCOCC3)n(C)c2C)c2ccc(O)cc2)cn1,707.2310000000001,6.035920000000007,1.0,8.0
CHEMBL3704788,active,8.214670164989233,COc1ncc(N(C(=O)c2cc(-c3cc(F)c(OC)cc3C(=O)N3Cc4ccccc4C[C@H]3CN3CCOCC3)n(C)c2C)c2ccc(O)cc2)cn1,720.802,5.530220000000006,1.0,9.0
CHEMBL3704775,active,8.2839966563652,COc1ncc(N(C(=O)c2cc(-c3cc(F)ccc3C(=O)N3Cc4ccccc4C[C@H]3CN3CCOCC3)n(C)c2C)c2ccc(O)cc2)cn1,690.7760000000002,5.521620000000006,1.0,8.0
CHEMBL3701332,active,8.356547323513812,COc1ncc(N(C(=O)c2cc(-c3cc4c(cc3C(=O)N3Cc5ccccc5C[C@H]3C)OCO4)n(C)c2C)c2ccc(O)cc2)cn1,631.6890000000003,5.798920000000007,1.0,8.0
CHEMBL3701334,active,8.229147988357855,COc1ncc(N(C(=O)c2cc(-c3cc4c(cc3C(=O)N3Cc5ccccc5C[C@H]3CN3CCOCC3)OCO4)n(C)c2C)c2ccc(O)cc2)cn1,716.7950000000002,5.111220000000006,1.0,10.0
CHEMBL3701414,active,7.866461091629782,COc1ncc(N(C(=O)c2cc(-c3ccccc3C(=O)N3Cc4ccccc4C[C@H]3CN3CCOCC3)n(C)c2C)c2ccc(O)cc2)cn1,672.7860000000003,5.382520000000007,1.0,8.0
CHEMBL5892562,active,7.167491087293763,CS(=O)(=NC(=O)c1ccc(-c2ccc(N3CCCC3c3ccccc3C3CC3)cc2)cc1Oc1cnc2[nH]ccc2c1)c1ccc(NCC2CCOCC2)c([N+](=O)[O-])c1,810.9769999999999,10.284899999999997,2.0,9.0
CHEMBL6014192,active,8.481486060122112,CS(=O)(=NC(=O)c1ccc(N2CCC3(CC2)CC(N2CCC[C@H]2c2ccccc2C2CC2)C3)cc1Oc1cnc2[nH]ccc2c1)c1ccc(NCC2CCOCC2)c([N+](=O)[O-])c1,858.0779999999997,9.862499999999999,2.0,10.0
CHEMBL5836762,active,7.958607314841775,CS(=O)(=O)N1CC=C(c2ccccc2C2CCCN2c2ccc(-c3ccc(C(=O)NS(=O)(=O)c4ccc(NCC5CCOCC5)c([N+](=O)[O-])c4)c(Oc4cnc5[nH]ccc5c4)c3)cc2)CC1,932.0939999999996,8.277800000000006,3.0,12.0
CHEMBL5885190,active,8.481486060122112,CS(=O)(=O)N1CCC(CNc2ccc(S(=O)(=O)NC(=O)c3ccc(-c4ccc(N5CCC[C@@H]5c5ccccc5C5CC5)cc4)cc3Oc3cnc4[nH]ccc4c3)cc2[N+](=O)[O-])CC1,890.057,8.351500000000007,3.0,11.0
CHEMBL3977431,active,7.657577319177793,CS(=O)(=O)N1CCN(C[C@@H]2Cc3ccccc3CN2C(=O)c2cc3c(cc2-c2cc(C(=O)N(c4ccccc4)c4ccc(O)cc4)c4n2CCCC4)OCO3)CC1,787.9389999999999,6.048500000000008,1.0,8.0
CHEMBL6023144,active,8.130768280269024,CS(=O)(=O)N1CCOC(CNc2ccc(S(=O)(=O)NC(=O)c3ccc(C4=CCC(N5CCCC5c5ccccc5C5CC5)CC4)cc3Oc3cnc4[nH]ccc4c3)cc2[N+](=O)[O-])C1,896.0609999999998,7.104800000000008,3.0,12.0
CHEMBL5857436,active,8.1249387366083,CS(=O)(=O)NC(=O)c1cccc(CN(C(=O)c2cc(-c3cc4c(cc3C(=O)N3Cc5ccccc5C[C@H]3CN3CCOCC3)OCO4)n3c2CCCC3)c2ccc(OCc3ccccc3)cc2)c1,936.0999999999995,7.234800000000008,1.0,10.0
CHEMBL5189940,inactive,4.897566294318664,CS(=O)(=O)Nc1ccc(C2=NN(C(=O)c3ccc(F)cc3)C(c3ccco3)C2)cc1,427.45700000000016,3.7817000000000025,1.0,5.0
CHEMBL5938561,active,7.7447274948966935,CS(=O)(=O)Nc1ccccc1C1CCCN1c1ccc(-c2ccc(C(=O)NS(=O)(=O)c3ccc(NCC4CCOCC4)c([N+](=O)[O-])c3)c(Oc3cnc4[nH]ccc4c3)c2)cc1,865.9909999999998,7.600600000000007,4.0,12.0
CHEMBL4446373,inactive,4.00436480540245,CS(=O)(=O)c1cc(C(=O)NS(=O)(=O)c2ccc(N[C@H](CCN3CCOCC3)CSc3ccccc3)c([N+](=O)[O-])c2)ccc1-c1ccc(F)cc1,742.8730000000004,5.218200000000005,2.0,11.0
CHEMBL5837669,active,8.585026652029182,CS(C)(=O)=NC1CCC(CNc2ccc(S(=O)(=O)NC(=O)c3ccc(-c4ccc(N5CCC[C@@H]5c5ccccc5C5CC5)cc4)cc3Oc3cnc4[nH]ccc4c3)cc2[N+](=O)[O-])CC1,902.1119999999999,9.966299999999999,3.0,11.0
CHEMBL5910162,active,9.619788758288394,CS(C)(=O)=NC1CCC(CNc2ccc(S(=O)(=O)NC(=O)c3ccc(-c4ccc(N5CCC[C@H]5c5ccccc5C5CC5)cc4)cc3Oc3cnc4[nH]ccc4c3)cc2[N+](=O)[O-])CC1,902.1119999999999,9.966299999999999,3.0,11.0
CHEMBL5967093,active,10.327902142064282,CS(C)(=O)=NC1CCC(CNc2ccc(S(=O)(=O)NC(=O)c3ccc(N4CCC5(CC4)CC(N4CCC[C@H]4c4ccccc4C4CC4)C5)cc3Oc3cnc4[nH]ccc4c3)cc2[N+](=O)[O-])CC1,949.2129999999996,9.543900000000002,3.0,12.0
CHEMBL411219,inactive,4.756961951313706,CSCC[C@H](NC(=O)[C@H](CCCN=C(N)N)NC(=O)[C@H](CCCN=C(N)N)NC(=O)[C@H](CC(C)C)NC(=O)[C@H](CCC(=O)O)NC(=O)[C@H](CCCN=C(N)N)NC(=O)CNC(=O)[C@H](Cc1ccc(O)cc1)NC(=O)[C@H](CCCN=C(N)N)NC(=O)[C@@H](N)CCC(N)=O)C(=O)N[C@@H](CO)C(=O)N[C@@H](CC(=O)O)C(=O)N[C@@H](CCC(=O)O)C(=O)N[C@@H](Cc1ccccc1)C(=O)N[C@@H](CCC(=O)O)C(=O)NCC(=O)N[C@@H](CO)C(=O)N[C@@H](Cc1ccccc1)C(=O)N[C@@H](CCCCN)C(=O)NCC(=O)N[C@@H](CC(C)C)C(=O)O,2561.8719999999976,-13.069899999999986,39.0,36.0
CHEMBL409227,active,6.3872161432802645,CSCC[C@H](NC(=O)[C@H](CCCN=C(N)N)NC(=O)[C@H](CCCN=C(N)N)NC(=O)[C@H](CC(C)C)NC(=O)[C@H](CCC(=O)O)NC(=O)[C@H](CCCN=C(N)N)NC(=O)CNC(=O)[C@H](Cc1ccc(O)cc1)NC(=O)[C@H](CCCN=C(N)N)NC(=O)[C@H](CCC(N)=O)NC(=O)[C@H](C)NC(=O)[C@H](C)NC(=O)[C@H](C)NC(=O)[C@H](CC(C)C)NC(=O)[C@@H](C)CC(N)=O)C(=O)N[C@@H](CO)C(=O)N[C@@H](CC(=O)O)C(=O)N[C@@H](CCC(=O)O)C(=O)N[C@@H](Cc1ccccc1)C(=O)N[C@@H](CCC(=O)O)C(=O)NCC(=O)N[C@@H](CO)C(=O)N[C@@H](Cc1ccccc1)C(=O)N[C@@H](CCCCN)C(=O)NCC(=O)N[C@@H](CC(C)C)C(=O)O,3001.384999999992,-14.35590000000009,44.0,41.0
CHEMBL427653,active,6.096910013008056,CSCC[C@H](NC(=O)[C@H](CCCN=C(N)N)NC(=O)[C@H](CCCN=C(N)N)NC(=O)[C@H](CC(C)C)NC(=O)[C@H](CCC(=O)O)NC(=O)[C@H](CCCN=C(N)N)NC(=O)CNC(=O)[C@H](Cc1ccc(O)cc1)NC(=O)[C@H](CCCN=C(N)N)NC(=O)[C@H](CCC(N)=O)NC(=O)[C@H](C)NC(=O)[C@H](C)NC(=O)[C@H](Cc1c[nH]c2ccccc12)NC(=O)[C@H](CC(C)C)NC(=O)[C@@H](N)CC(N)=O)C(=O)N[C@@H](CO)C(=O)N[C@@H](CC(=O)O)C(=O)N[C@@H](CCC(=O)O)C(=O)N[C@@H](Cc1ccccc1)C(=O)N[C@@H](CCC(=O)O)C(=O)NCC(=O)N[C@@H](C)C(=O)N[C@@H](Cc1ccccc1)C(=O)N[C@@H](CCCCN)C(=O)NCC(=O)N[C@@H](CC(C)C)C(=O)O,3101.5089999999914,-12.933000000000087,45.0,41.0
CHEMBL411747,active,6.522878745280337,CSCC[C@H](NC(=O)[C@H](CCCN=C(N)N)NC(=O)[C@H](CCCN=C(N)N)NC(=O)[C@H](CC(C)C)NC(=O)[C@H](CCC(=O)O)NC(=O)[C@H](CCCN=C(N)N)NC(=O)CNC(=O)[C@H](Cc1ccc(O)cc1)NC(=O)[C@H](CCCN=C(N)N)NC(=O)[C@H](CCC(N)=O)NC(=O)[C@H](C)NC(=O)[C@H](C)NC(=O)[C@H](Cc1c[nH]c2ccccc12)NC(=O)[C@H](CC(C)C)NC(=O)[C@@H](N)CC(N)=O)C(=O)N[C@@H](CO)C(=O)N[C@@H](CC(=O)O)C(=O)N[C@@H](CCC(=O)O)C(=O)N[C@@H](Cc1ccccc1)C(=O)N[C@@H](CCC(=O)O)C(=O)NCC(=O)N[C@@H](CO)C(=O)N[C@@H](Cc1ccccc1)C(=O)N[C@@H](CCCCN)C(=O)NCC(=O)N[C@@H](CC(C)C)C(=O)O,3117.507999999991,-13.96060000000009,46.0,42.0
CHEMBL437858,active,7.309803919971486,CSCC[C@H](NC(=O)[C@H](CCCN=C(N)N)NC(=O)[C@H](CCCN=C(N)N)NC(=O)[C@H](CC(C)C)NC(=O)[C@H](CCC(=O)O)NC(=O)[C@H](CCCN=C(N)N)NC(=O)CNC(=O)[C@H](Cc1ccc(O)cc1)NC(=O)[C@H](CCCN=C(N)N)NC(=O)[C@H](CCC(N)=O)NC(=O)[C@H](C)NC(=O)[C@H](C)NC(=O)[C@H](Cc1c[nH]c2ccccc12)NC(=O)[C@H](CCCN=C(N)N)NC(=O)[C@@H](N)CC(N)=O)C(=O)N[C@@H](CO)C(=O)N[C@@H](CC(=O)O)C(=O)N[C@@H](CCC(=O)O)C(=O)N[C@@H](Cc1ccccc1)C(=O)N[C@@H](CCC(=O)O)C(=O)NCC(=O)N[C@@H](CO)C(=O)N[C@@H](Cc1ccccc1)C(=O)N[C@@H](CCCCN)C(=O)NCC(=O)N[C@@H](CC(C)C)C(=O)O,3160.5369999999916,-15.953100000000118,48.0,43.0
CHEMBL3951630,active,6.7447274948966935,CSc1ccc(N(C(=O)c2cc(-c3cc(Cl)ccc3C(=O)N3Cc4ccccc4C[C@H]3CN3CCOCC3)n3c2CCCC3)c2ccc(O)cc2)cc1C(F)(F)F,815.358,9.4689,1.0,6.0
CHEMBL4286682,active,7.886056647693163,C[C@@H]1CC[C@@H]2[C@]34OO[C@](C)(CC[C@@H]13)O[C@H]4O[C@]2(C)C(=O)N1CCN(c2ccc(C(=O)NS(=O)(=O)c3ccc(NCC4CCOCC4)c([N+](=O)[O-])c3)c(Oc3cnc4[nH]ccc4c3)c2)CC1,916.0229999999996,5.873700000000004,3.0,15.0
CHEMBL4279038,active,8.55284196865778,C[C@@H]1CC[C@H]2C(CN3CCN(c4ccc(C(=O)NS(=O)(=O)c5ccc(NCC6CCOCC6)c([N+](=O)[O-])c5)c(Oc5cnc6[nH]ccc6c5)c4)CC3)=C(C(F)(F)F)O[C@@H]3O[C@@]4(C)CC[C@@H]1[C@]32O4,952.022,7.473200000000008,3.0,14.0
CHEMBL4292460,active,8.207608310501746,C[C@@H]1CC[C@H]2C(CN3CCN(c4ccc(C(=O)NS(=O)(=O)c5ccc(NCC6CCOCC6)c([N+](=O)[O-])c5)c(Oc5cnc6[nH]ccc6c5)c4)CC3)=C(C(F)(F)F)O[C@@H]3O[C@@]4(C)CC[C@@H]1[C@]32OO4,968.0210000000001,7.404800000000008,3.0,15.0
CHEMBL4294620,active,7.542118103266008,C[C@@H]1CC[C@H]2[C@@H](C)C(OCCN3CCN(c4ccc(C(=O)NS(=O)(=O)c5ccc(NCC6CCOCC6)c([N+](=O)[O-])c5)c(Oc5cnc6[nH]ccc6c5)c4)C[C@@H]3CO)O[C@@H]3O[C@@]4(C)CC[C@@H]1[C@]32OO4,976.1189999999998,5.928100000000006,4.0,17.0
CHEMBL4287383,active,7.1732774798310075,C[C@@H]1CC[C@H]2[C@@H](C)C(OCCN3CCN(c4ccc(C(=O)NS(=O)(=O)c5ccc(NCC6CCOCC6)c([N+](=O)[O-])c5)c(Oc5cnc6[nH]ccc6c5)c4)C[C@H]3CO)O[C@@H]3O[C@@]4(C)CC[C@@H]1[C@]32OO4,976.1189999999998,5.928100000000006,4.0,17.0
CHEMBL4284025,active,8.721246399047171,C[C@@H]1CC[C@H]2[C@@H](C)C(OCCNC3CCN(c4ccc(C(=O)NS(=O)(=O)c5ccc(NCC6CCOCC6)c([N+](=O)[O-])c5)c(Oc5cnc6[nH]ccc6c5)c4)CC3)O[C@@H]3O[C@@]4(C)CC[C@@H]1[C@]32OO4,960.1199999999997,7.003600000000008,4.0,16.0
CHEMBL4280705,active,7.062983892535186,C[C@@H]1CC[C@H]2[C@@](C)(O)[C@@H](OCCN3CCN(c4ccc(C(=O)NS(=O)(=O)c5ccc(NCC6CCOCC6)c([N+](=O)[O-])c5)c(Oc5cnc6[nH]ccc6c5)c4)CC3)O[C@@H]3O[C@@]4(C)CC[C@@H]1[C@]32OO4,962.0919999999996,5.682100000000005,4.0,17.0
CHEMBL5314523,active,7.97469413473523,C[C@@H]1CN(c2cc(N3CCN(CC4=C(c5ccc(Cl)cc5)CC(C)(C)CC4)CC3)ccc2C(=O)NS(=O)(=O)c2ccc(NCC3CCOCC3)c([N+](=O)[O-])c2)c2cc3cc[nH]c3nc2O1,923.5369999999998,8.786600000000005,3.0,12.0
CHEMBL3949045,active,7.769551078621726,C[C@@H]1COCCN1C[C@@H]1Cc2ccccc2CN1C(=O)c1cc2c(cc1-c1cc(C(=O)N(c3ccc(O)cc3)c3ccc4c(ccn4C)c3)c3n1CCCC3)OCO2,777.9219999999998,7.683700000000011,1.0,7.0
CHEMBL5941752,active,8.187086643357144,C[C@@H]1Cc2ccccc2CN1C(=O)c1cc2c(cc1-c1cc(C(=O)N(C)c3ccc(O)cc3)c3ccccn13)CN(C(=O)COc1ccccc1)C2,690.8,7.09670000000001,1.0,5.0
CHEMBL5886123,active,8.065501548756432,C[C@@H]1Cc2ccccc2CN1C(=O)c1cc2c(cc1-c1cc(C(=O)N(C)c3ccc(O)cc3)c3n1CCCC3)CCN(C(=O)C1(c3ccccc3)CC1)C2,718.8979999999998,7.677100000000009,1.0,4.0
CHEMBL5967193,active,7.920818753952375,C[C@@H]1Cc2ccccc2CN1C(=O)c1cc2c(cc1-c1cc(C(=O)N(C)c3ccc(O)cc3)c3n1CCCC3)CCN(C(=O)CCc1ccc(NCCN(C)C)cc1)C2,793.0249999999995,7.5516000000000085,2.0,6.0
CHEMBL5824869,active,8.309803919971486,C[C@@H]1Cc2ccccc2CN1C(=O)c1cc2c(cc1-c1cc(C(=O)N(C)c3ccc(O)cc3)c3n1CCCC3)CCN(C(=O)CCc1ccccc1)C2,706.8869999999998,7.57810000000001,1.0,4.0
CHEMBL5747376,active,8.619788758288394,C[C@@H]1Cc2ccccc2CN1C(=O)c1cc2c(cc1-c1cc(C(=O)N(C)c3ccc(O)cc3)c3n1CCCC3)CCN(C(=O)Cc1ccc(C#N)cc1)C2,717.8699999999998,7.059680000000009,1.0,5.0
CHEMBL5900526,active,8.318758762624412,C[C@@H]1Cc2ccccc2CN1C(=O)c1cc2c(cc1-c1cc(C(=O)N(C)c3ccc(O)cc3)c3n1CCCC3)CCN(C(=O)Cc1ccc(CN(C)C)cc1)C2,749.9559999999997,7.249600000000009,1.0,5.0
CHEMBL6059840,active,8.443697499232712,C[C@@H]1Cc2ccccc2CN1C(=O)c1cc2c(cc1-c1cc(C(=O)N(C)c3ccc(O)cc3)c3n1CCCC3)CCN(C(=O)Cc1ccc(CN3CCN(C)CC3)cc1)C2,805.0359999999994,6.9354000000000084,1.0,6.0
CHEMBL6009560,active,8.481486060122112,C[C@@H]1Cc2ccccc2CN1C(=O)c1cc2c(cc1-c1cc(C(=O)N(C)c3ccc(O)cc3)c3n1CCCC3)CCN(C(=O)Cc1ccc(CN3CCOCC3)cc1)C2,791.9929999999995,7.020200000000009,1.0,6.0
CHEMBL5913609,active,8.309803919971486,C[C@@H]1Cc2ccccc2CN1C(=O)c1cc2c(cc1-c1cc(C(=O)N(C)c3ccc(O)cc3)c3n1CCCC3)CCN(C(=O)Cc1ccc(N3CCN(C)CC3)cc1)C2,791.0089999999994,6.939800000000008,1.0,6.0
CHEMBL5771935,active,8.568636235841012,C[C@@H]1Cc2ccccc2CN1C(=O)c1cc2c(cc1-c1cc(C(=O)N(C)c3ccc(O)cc3)c3n1CCCC3)CCN(C(=O)Cc1ccc(NCCN(C)C)cc1)C2,778.9979999999996,7.161500000000008,2.0,6.0
CHEMBL5743666,active,8.4089353929735,C[C@@H]1Cc2ccccc2CN1C(=O)c1cc2c(cc1-c1cc(C(=O)N(C)c3ccc(O)cc3)c3n1CCCC3)CCN(C(=O)Cc1ccc(NCCN3CCOCC3)cc1)C2,821.0349999999994,6.932100000000007,2.0,7.0
CHEMBL5795689,active,8.4089353929735,C[C@@H]1Cc2ccccc2CN1C(=O)c1cc2c(cc1-c1cc(C(=O)N(C)c3ccc(O)cc3)c3n1CCCC3)CCN(C(=O)Cc1ccc(OCCN(C)C)cc1)C2,779.9819999999996,7.128400000000008,1.0,6.0
CHEMBL5831694,active,8.481486060122112,C[C@@H]1Cc2ccccc2CN1C(=O)c1cc2c(cc1-c1cc(C(=O)N(C)c3ccc(O)cc3)c3n1CCCC3)CCN(C(=O)Cc1cccc(N3CCN(C)CC3)c1)C2,791.0089999999994,6.939800000000009,1.0,6.0
CHEMBL5894635,active,8.275724130399212,C[C@@H]1Cc2ccccc2CN1C(=O)c1cc2c(cc1-c1cc(C(=O)N(C)c3ccc(O)cc3)c3n1CCCC3)CCN(C(=O)Cc1cccc(NCCN(C)C)c1)C2,778.9979999999996,7.161500000000008,2.0,6.0
CHEMBL5959510,active,8.318758762624412,C[C@@H]1Cc2ccccc2CN1C(=O)c1cc2c(cc1-c1cc(C(=O)N(C)c3ccc(O)cc3)c3n1CCCC3)CCN(C(=O)Cc1ccccc1)C2,692.8599999999999,7.1880000000000095,1.0,4.0
CHEMBL5924068,active,8.214670164989233,C[C@@H]1Cc2ccccc2CN1C(=O)c1cc2c(cc1-c1cc(C(=O)N(C)c3ccc(O)cc3)c3n1CCCC3)CCN(C(=O)N(C)c1ccccc1)C2,707.8749999999999,7.67510000000001,1.0,4.0
CHEMBL5786581,active,8.309803919971486,C[C@@H]1Cc2ccccc2CN1C(=O)c1cc2c(cc1-c1cc(C(=O)N(C)c3ccc(O)cc3)c3n1CCCC3)CCN(C(=O)N1CC(c3ccccc3)C1)C2,733.9129999999998,7.63810000000001,1.0,4.0
CHEMBL5830561,active,8.0268721464003,C[C@@H]1Cc2ccccc2CN1C(=O)c1cc2c(cc1-c1cc(C(=O)N(C)c3ccc(O)cc3)c3n1CCCC3)CCN(C(=O)N1CCC(c3ccccc3)C1)C2,747.9399999999997,8.02820000000001,1.0,4.0
CHEMBL5885945,active,8.060480747381382,C[C@@H]1Cc2ccccc2CN1C(=O)c1cc2c(cc1-c1cc(C(=O)N(C)c3ccc(O)cc3)c3n1CCCC3)CCN(C(=O)NC(C)(C)C)C2,673.8579999999998,6.926800000000008,2.0,4.0
CHEMBL5767350,active,8.366531544420413,C[C@@H]1Cc2ccccc2CN1C(=O)c1cc2c(cc1-c1cc(C(=O)N(C)c3ccc(O)cc3)c3n1CCCC3)CCN(C(=O)NCc1ccccc1)C2,707.8749999999999,7.328500000000009,2.0,4.0
CHEMBL5980019,active,8.431798275933005,C[C@@H]1Cc2ccccc2CN1C(=O)c1cc2c(cc1-c1cc(C(=O)N(C)c3ccc(O)cc3)c3n1CCCC3)CCN(C(=O)Nc1ccccc1)C2,693.848,7.65080000000001,2.0,4.0
CHEMBL5774912,active,7.920818753952375,C[C@@H]1Cc2ccccc2CN1C(=O)c1cc2c(cc1-c1cc(C(=O)N(C)c3ccc(O)cc3)c3n1CCCC3)CCN(C(=O)OC(C)(C)C)C2,674.8419999999999,7.353800000000009,1.0,5.0
CHEMBL5880025,active,8.292429823902063,C[C@@H]1Cc2ccccc2CN1C(=O)c1cc2c(cc1-c1cc(C(=O)N(C)c3ccc(O)cc3)c3n1CCCC3)CCN(C(=O)OCc1ccccc1)C2,708.8589999999999,7.75550000000001,1.0,5.0
CHEMBL5881894,active,8.494850021680094,C[C@@H]1Cc2ccccc2CN1C(=O)c1cc2c(cc1-c1cc(C(=O)N(C)c3ccc(O)cc3)c3n1CCCC3)CCN(C(=O)Oc1ccc(CCC(=O)N(C)C)cc1)C2,793.9649999999997,7.63850000000001,1.0,6.0
CHEMBL5945004,active,8.3767507096021,C[C@@H]1Cc2ccccc2CN1C(=O)c1cc2c(cc1-c1cc(C(=O)N(C)c3ccc(O)cc3)c3n1CCCC3)CCN(C(=O)Oc1ccc(N)cc1)C2,709.8469999999999,7.199900000000009,2.0,6.0
CHEMBL5818397,active,8.3767507096021,C[C@@H]1Cc2ccccc2CN1C(=O)c1cc2c(cc1-c1cc(C(=O)N(C)c3ccc(O)cc3)c3n1CCCC3)CCN(C(=O)Oc1ccc(NCCN(C)C)cc1)C2,780.9699999999997,7.591200000000009,2.0,7.0
CHEMBL5802285,active,8.431798275933005,C[C@@H]1Cc2ccccc2CN1C(=O)c1cc2c(cc1-c1cc(C(=O)N(C)c3ccc(O)cc3)c3n1CCCC3)CCN(C(=O)Oc1ccccc1)C2,694.832,7.61770000000001,1.0,5.0
CHEMBL5910246,active,8.154901959985743,C[C@@H]1Cc2ccccc2CN1C(=O)c1cc2c(cc1-c1cc(C(=O)N(C)c3ccc(O)cc3)c3n1CCCC3)CCN(C(=O)[C@H](C)c1ccccc1)C2,706.887,7.74900000000001,1.0,4.0
CHEMBL5935434,active,8.327902142064282,C[C@@H]1Cc2ccccc2CN1C(=O)c1cc2c(cc1-c1cc(C(=O)N(C)c3ccc(O)cc3)c3n1CCCC3)CCN(C(=O)c1ccccc1)C2,678.833,7.259100000000009,1.0,4.0
CHEMBL5873539,active,8.443697499232712,C[C@@H]1Cc2ccccc2CN1C(=O)c1cc2c(cc1-c1cc(C(=O)N(C)c3ccc(O)cc3)c3n1CCCC3)CCN(S(=O)(=O)Cc1ccccc1)C2,728.915,6.948700000000009,1.0,5.0
CHEMBL6027901,active,7.585026652029182,C[C@@H]1Cc2ccccc2CN1C(=O)c1cc2c(cc1-c1cc(C(=O)N(C)c3ccc(O)cc3)c3n1CCCC3)CCN(S(=O)(=O)c1ccc3ccccc3c1)C2,764.948,7.9608000000000105,1.0,5.0
CHEMBL5807850,active,7.853871964321762,C[C@@H]1Cc2ccccc2CN1C(=O)c1cc2c(cc1-c1cc(C(=O)N(C)c3ccc(O)cc3)c3n1CCCC3)CCN(S(=O)(=O)c1ccccc1)C2,714.888,6.807600000000009,1.0,5.0
CHEMBL6001407,active,7.080921907623926,C[C@@H]1Cc2ccccc2CN1C(=O)c1cc2c(cc1-c1cc(C(=O)N(C)c3ccc(O)cc3)c3n1CCCC3)CCNC2,574.725,5.706300000000006,2.0,4.0
CHEMBL6015543,active,7.698970004336019,C[C@@H]1Cc2ccccc2CN1C(=O)c1cc2c(cc1-c1cc(C(=O)N(C)c3ccc(O)cc3)c3n1CCCC3)CN(C(=O)C1CC1)C2,628.7729999999999,6.312800000000007,1.0,4.0
CHEMBL5859886,active,7.327902142064283,C[C@@H]1Cc2ccccc2CN1C(=O)c1cc2c(cc1-c1cc(C(=O)N(C)c3ccc(O)cc3)c3n1CCCC3)CN(C(=O)CCC1CCCCC1)C2,698.9079999999996,8.263300000000008,1.0,4.0
CHEMBL5911445,active,7.721246399047171,C[C@@H]1Cc2ccccc2CN1C(=O)c1cc2c(cc1-c1cc(C(=O)N(C)c3ccc(O)cc3)c3n1CCCC3)CN(C(=O)CCc1ccccc1)C2,692.8599999999999,7.535600000000009,1.0,4.0
CHEMBL5746270,active,8.292429823902063,C[C@@H]1Cc2ccccc2CN1C(=O)c1cc2c(cc1-c1cc(C(=O)N(C)c3ccc(O)cc3)c3n1CCCC3)CN(C(=O)CNc1ccccc1)C2,693.848,7.014900000000009,2.0,5.0
CHEMBL6034173,active,7.638272163982407,C[C@@H]1Cc2ccccc2CN1C(=O)c1cc2c(cc1-c1cc(C(=O)N(C)c3ccc(O)cc3)c3n1CCCC3)CN(C(=O)COc1ccc(Cl)cc1)C2,729.2769999999999,7.635200000000009,1.0,5.0
CHEMBL5989389,active,7.7447274948966935,C[C@@H]1Cc2ccccc2CN1C(=O)c1cc2c(cc1-c1cc(C(=O)N(C)c3ccc(O)cc3)c3n1CCCC3)CN(C(=O)COc1cccc(Cl)c1)C2,729.2769999999999,7.635200000000008,1.0,5.0
CHEMBL6050685,active,8.42021640338319,C[C@@H]1Cc2ccccc2CN1C(=O)c1cc2c(cc1-c1cc(C(=O)N(C)c3ccc(O)cc3)c3n1CCCC3)CN(C(=O)COc1ccccc1)C2,694.832,6.981800000000009,1.0,5.0
CHEMBL5818630,active,8.259637310505756,C[C@@H]1Cc2ccccc2CN1C(=O)c1cc2c(cc1-c1cc(C(=O)N(C)c3ccc(O)cc3)c3n1CCCC3)CN(C(=O)COc1ccccc1Cl)C2,729.2769999999999,7.635200000000008,1.0,5.0
CHEMBL6055416,active,8.292429823902063,C[C@@H]1Cc2ccccc2CN1C(=O)c1cc2c(cc1-c1cc(C(=O)N(C)c3ccc(O)cc3)c3n1CCCC3)CN(C(=O)CSc1ccccc1)C2,710.9,7.69510000000001,1.0,5.0
CHEMBL5990443,active,7.522878745280337,C[C@@H]1Cc2ccccc2CN1C(=O)c1cc2c(cc1-c1cc(C(=O)N(C)c3ccc(O)cc3)c3n1CCCC3)CN(C(=O)Cc1ccc(OC(F)(F)F)cc1)C2,762.8290000000001,8.04410000000001,1.0,5.0
CHEMBL5783636,active,8.102372908709558,C[C@@H]1Cc2ccccc2CN1C(=O)c1cc2c(cc1-c1cc(C(=O)N(C)c3ccc(O)cc3)c3n1CCCC3)CN(C(=O)Cc1ccccc1)C2,678.833,7.145500000000009,1.0,4.0
CHEMBL5742098,active,8.130768280269024,C[C@@H]1Cc2ccccc2CN1C(=O)c1cc2c(cc1-c1cc(C(=O)N(C)c3ccc(O)cc3)c3n1CCCC3)CN(C(=O)Cc1csc(-c3cnccn3)n1)C2,763.9239999999998,7.059000000000009,1.0,8.0
CHEMBL5758353,active,7.6777807052660805,C[C@@H]1Cc2ccccc2CN1C(=O)c1cc2c(cc1-c1cc(C(=O)N(C)c3ccc(O)cc3)c3n1CCCC3)CN(C(=O)N(C)C(C)(C)C)C2,673.8579999999998,7.2265000000000095,1.0,4.0
CHEMBL5978766,active,8.214670164989233,C[C@@H]1Cc2ccccc2CN1C(=O)c1cc2c(cc1-c1cc(C(=O)N(C)c3ccc(O)cc3)c3n1CCCC3)CN(C(=O)N(C)Cc1ccccc1)C2,707.8749999999999,7.628200000000009,1.0,4.0
CHEMBL5966512,active,7.769551078621726,C[C@@H]1Cc2ccccc2CN1C(=O)c1cc2c(cc1-c1cc(C(=O)N(C)c3ccc(O)cc3)c3n1CCCC3)CN(C(=O)N(C)c1ccccc1)C2,693.848,7.63260000000001,1.0,4.0
CHEMBL5951994,active,7.823908740944319,C[C@@H]1Cc2ccccc2CN1C(=O)c1cc2c(cc1-c1cc(C(=O)N(C)c3ccc(O)cc3)c3n1CCCC3)CN(C(=O)N1CC(c3ccccc3)C1)C2,719.8859999999999,7.59560000000001,1.0,4.0
CHEMBL5832336,active,7.795880017344075,C[C@@H]1Cc2ccccc2CN1C(=O)c1cc2c(cc1-c1cc(C(=O)N(C)c3ccc(O)cc3)c3n1CCCC3)CN(C(=O)N1CCC(c3ccccc3)C1)C2,733.9129999999998,7.985700000000011,1.0,4.0
CHEMBL6032199,active,7.619788758288394,C[C@@H]1Cc2ccccc2CN1C(=O)c1cc2c(cc1-c1cc(C(=O)N(C)c3ccc(O)cc3)c3n1CCCC3)CN(C(=O)NC(C)(C)C)C2,659.8309999999999,6.884300000000008,2.0,4.0
CHEMBL5975714,active,8.356547323513812,C[C@@H]1Cc2ccccc2CN1C(=O)c1cc2c(cc1-c1cc(C(=O)N(C)c3ccc(O)cc3)c3n1CCCC3)CN(C(=O)NCc1ccccc1)C2,693.848,7.286000000000009,2.0,4.0
CHEMBL6061404,active,8.187086643357144,C[C@@H]1Cc2ccccc2CN1C(=O)c1cc2c(cc1-c1cc(C(=O)N(C)c3ccc(O)cc3)c3n1CCCC3)CN(C(=O)Nc1ccc(N3CCN(C)CC3)cc1)C2,777.9699999999996,7.360100000000008,2.0,6.0
CHEMBL5745898,active,8.229147988357855,C[C@@H]1Cc2ccccc2CN1C(=O)c1cc2c(cc1-c1cc(C(=O)N(C)c3ccc(O)cc3)c3n1CCCC3)CN(C(=O)Nc1ccccc1)C2,679.821,7.608300000000009,2.0,4.0
CHEMBL5996625,active,6.966576244513051,C[C@@H]1Cc2ccccc2CN1C(=O)c1cc2c(cc1-c1cc(C(=O)N(C)c3ccc(O)cc3)c3n1CCCC3)CN(C(=O)OC(C)(C)C)C2,660.8149999999999,7.311300000000009,1.0,5.0
CHEMBL5765320,active,7.698970004336019,C[C@@H]1Cc2ccccc2CN1C(=O)c1cc2c(cc1-c1cc(C(=O)N(C)c3ccc(O)cc3)c3n1CCCC3)CN(C(=O)OCc1ccccc1)C2,694.832,7.71300000000001,1.0,5.0
CHEMBL6061074,active,7.568636235841013,C[C@@H]1Cc2ccccc2CN1C(=O)c1cc2c(cc1-c1cc(C(=O)N(C)c3ccc(O)cc3)c3n1CCCC3)CN(C(=O)OCc1cnc3[nH]ccc3c1)C2,734.8569999999999,7.5893000000000095,2.0,6.0
CHEMBL5876253,active,7.823908740944319,C[C@@H]1Cc2ccccc2CN1C(=O)c1cc2c(cc1-c1cc(C(=O)N(C)c3ccc(O)cc3)c3n1CCCC3)CN(C(=O)Oc1ccccc1)C2,680.8050000000001,7.5752000000000095,1.0,5.0
CHEMBL5794438,active,7.698970004336019,C[C@@H]1Cc2ccccc2CN1C(=O)c1cc2c(cc1-c1cc(C(=O)N(C)c3ccc(O)cc3)c3n1CCCC3)CN(CC(=O)Nc1ccccc1)C2,693.848,7.014900000000009,2.0,5.0
CHEMBL5987623,active,7.552841968657781,C[C@@H]1Cc2ccccc2CN1C(=O)c1cc2c(cc1-c1cc(C(=O)N(C)c3ccc(O)cc3)c3n1CCCC3)CN(CCC1CCCCC1)C2,670.8979999999996,8.346600000000008,1.0,4.0
CHEMBL5890570,active,7.795880017344075,C[C@@H]1Cc2ccccc2CN1C(=O)c1cc2c(cc1-c1cc(C(=O)N(C)c3ccc(O)cc3)c3n1CCCC3)CN(CCCc1ccccc1)C2,678.8769999999998,8.009000000000011,1.0,4.0
CHEMBL5744802,active,7.6777807052660805,C[C@@H]1Cc2ccccc2CN1C(=O)c1cc2c(cc1-c1cc(C(=O)N(C)c3ccc(O)cc3)c3n1CCCC3)CN(CCc1ccccc1)C2,664.8499999999999,7.61890000000001,1.0,4.0
CHEMBL5851747,active,7.481486060122112,C[C@@H]1Cc2ccccc2CN1C(=O)c1cc2c(cc1-c1cc(C(=O)N(C)c3ccc(O)cc3)c3n1CCCC3)CN(Cc1ccccc1)C2,650.823,7.576400000000009,1.0,4.0
CHEMBL5842152,active,7.638272163982407,C[C@@H]1Cc2ccccc2CN1C(=O)c1cc2c(cc1-c1cc(C(=O)N(C)c3ccc(O)cc3)c3n1CCCC3)CN(Cc1ccccn1)C2,651.8109999999999,6.971400000000009,1.0,5.0
CHEMBL5977746,active,6.896196279044043,C[C@@H]1Cc2ccccc2CN1C(=O)c1cc2c(cc1-c1cc(C(=O)N(C)c3ccc(O)cc3)c3n1CCCC3)CNC2,560.6980000000001,5.6638000000000055,2.0,4.0
CHEMBL6007251,active,8.337242168318426,C[C@@H]1Cc2ccccc2CN1C(=O)c1cc2c(cc1-c1cc(C(=O)N(c3ccc(O)cc3)c3cnc4c(ccn4C)c3)c3n1CCCC3)CN(C(=O)COc1ccccc1)C2,810.9549999999996,8.570400000000008,1.0,6.0
CHEMBL3701353,active,7.709965388637482,C[C@@H]1Cc2ccccc2CN1C(=O)c1cc2c(cc1-c1cc(C(=O)N(c3ccc(O)cc3)c3cnn(C)c3)c(CN3CCOCC3)n1C)OCO2,688.7849999999997,5.257600000000005,1.0,8.0
CHEMBL5915933,active,8.366531544420413,C[C@@H]1Cc2ccccc2CN1C(=O)c1cc2c(cc1-c1cc(C(=O)N(c3ccccc3)c3ccc(O)cc3)c3n1CCCC3)CCN(C(=O)Cc1ccccc1)C2,754.9309999999996,8.889900000000004,1.0,4.0
CHEMBL5991327,active,7.113509274827518,C[C@@H]1Cc2ccccc2CN1C(=O)c1cc2c(cc1-c1cc(C(=O)N(c3ccccc3)c3ccc(O)cc3)c3n1CCCC3)CN(C(=O)OC(C)(C)C)C2,722.8859999999996,9.013200000000003,1.0,5.0
CHEMBL5855472,active,8.154901959985743,C[C@@H]1Cc2ccccc2CN1C(=O)c1cc2c(cc1-c1cc(C(=O)N(c3ccccc3)c3ccc(O)cc3)c3n1CCCC3)CN(C(=O)Oc1ccccc1)C2,742.8759999999997,9.2771,1.0,5.0
CHEMBL5942386,active,7.886056647693163,C[C@@H]1Cc2ccccc2CN1C(=O)c1cc2c(cc1-c1cc(C(=O)N(c3ccccc3)c3ccc(O)cc3)c3n1CCCC3)CNC2,622.7689999999998,7.365700000000008,2.0,4.0
CHEMBL5937563,active,8.207608310501746,C[C@H](C(=O)N1CCc2cc(-c3cc(C(=O)N(C)c4ccc(O)cc4)c4n3CCCC4)c(C(=O)N3Cc4ccccc4C[C@H]3C)cc2C1)c1ccccc1,706.8870000000002,7.74900000000001,1.0,4.0
CHEMBL5765082,active,6.0,C[C@H](c1ccccc1)N(C)C1CCC(c2ccc(C(=O)NS(=O)(=O)c3ccc(NCC4CCOCC4)c([N+](=O)[O-])c3)c(Oc3cnc4[nH]ccc4c3)c2)CC1,766.921,7.939800000000008,3.0,10.0
CHEMBL3904445,active,7.7447274948966935,C[C@H]1COCCN1C[C@@H]1Cc2ccccc2CN1C(=O)c1cc2c(cc1-c1cc(C(=O)N(c3ccc(O)cc3)c3ccc4c(ccn4C)c3)c3n1CCCC3)OCO2,777.9219999999998,7.683700000000011,1.0,7.0
CHEMBL3935948,active,7.0915149811213505,C[C@H]1COC[C@H](C)N1C[C@@H]1Cc2ccccc2CN1C(=O)c1cc2c(cc1-c1cc(C(=O)N(c3ccc(O)cc3)c3ccc4c(ccn4C)c3)c3n1CCCC3)OCO2,791.9489999999998,8.072200000000011,1.0,7.0
CHEMBL4282932,active,8.455931955649724,C[C@H]1[C@@H](CC(=O)N2CCN(c3ccc(C(=O)NS(=O)(=O)c4ccc(NCC5CCOCC5)c([N+](=O)[O-])c4)c(Oc4cnc5[nH]ccc5c4)c3)CC2)O[C@@H]2O[C@@]3(C)CC[C@H]4[C@H](C)CC[C@@H]1[C@@]24O3,928.0779999999997,6.578200000000007,3.0,14.0
CHEMBL4277317,active,7.924453038607469,C[C@H]1[C@@H](CC(=O)N2CCN(c3ccc(C(=O)NS(=O)(=O)c4ccc(NCC5CCOCC5)c([N+](=O)[O-])c4)c(Oc4cnc5[nH]ccc5c4)c3)CC2)O[C@@H]2O[C@@]3(C)CC[C@H]4[C@H](C)CC[C@@H]1[C@@]24OO3,944.0769999999998,6.509800000000007,3.0,15.0
CHEMBL4279468,active,7.300162274132754,C[C@H]1[C@@H](CC(=O)N2CCN(c3ccc(C(=O)NS(=O)(=O)c4ccc(NCC5CCOCC5)c([N+](=O)[O-])c4)c(Oc4cnc5[nH]ccc5c4)c3)CC2)O[C@@H]2O[C@]3(C)O[C@]24[C@H]1CC[C@@H](C)[C@@H]4C[C@H]3O,944.0769999999999,5.549000000000007,4.0,15.0
CHEMBL4295247,active,8.920818753952375,C[C@H]1[C@@H](CCCN2CCN(c3ccc(C(=O)NS(=O)(=O)c4ccc(NCC5CCOCC5)c([N+](=O)[O-])c4)c(Oc4cnc5[nH]ccc5c4)c3)CC2)O[C@@H]2O[C@@]3(C)CC[C@H]4[C@H](C)CC[C@@H]1[C@@]24OO3,944.1209999999999,7.373300000000008,3.0,15.0
CHEMBL4286311,active,8.744727494896694,C[C@H]1[C@@H](CCN2CCN(c3ccc(C(=O)NS(=O)(=O)c4ccc(NCC5CCOCC5)c([N+](=O)[O-])c4)c(Oc4cnc5[nH]ccc5c4)c3)CC2)O[C@@H]2O[C@@]3(C)CC[C@H]4[C@H](C)CC[C@@H]1[C@@]24O3,914.0949999999999,7.051600000000008,3.0,14.0
CHEMBL4278369,active,8.013228265733755,C[C@H]1[C@@H](CCN2CCN(c3ccc(C(=O)NS(=O)(=O)c4ccc(NCC5CCOCC5)c([N+](=O)[O-])c4)c(Oc4cnc5[nH]ccc5c4)c3)CC2)O[C@@H]2O[C@@]3(C)CC[C@H]4[C@H](C)CC[C@@H]1[C@@]24OO3,930.0939999999999,6.983200000000008,3.0,15.0
CHEMBL4294191,active,8.657577319177793,C[C@H]1[C@@H](OCCN2CCN(c3ccc(C(=O)NS(=O)(=O)c4ccc(NCC5CCOCC5)c([N+](=O)[O-])c4)c(Oc4cnc5[nH]ccc5c4)c3)CC2)O[C@@H]2O[C@@]3(C)CC[C@H]4[C@H](C)CC[C@@H]1[C@@]24O3,930.0939999999998,6.635600000000006,3.0,15.0
CHEMBL4288614,active,8.301029995663981,C[C@H]1[C@@H](OCCN2CCN(c3ccc(C(=O)NS(=O)(=O)c4ccc(NCC5CCOCC5)c([N+](=O)[O-])c4)c(Oc4cnc5[nH]ccc5c4)c3)CC2)O[C@@H]2O[C@@]3(C)CC[C@H]4[C@H](C)CC[C@@H]1[C@@]24OO3,946.0929999999998,6.567200000000006,3.0,16.0
CHEMBL4290795,active,7.496209316942819,C[C@H]1[C@@H](OCCN2CCN(c3ccc(C(=O)NS(=O)(=O)c4ccc(NCC5CCOCC5)c([N+](=O)[O-])c4)c(Oc4cnc5[nH]ccc5c4)c3)CC2)O[C@@H]2O[C@]3(C)O[C@]24[C@H]1CC[C@@H](C)[C@@H]4C[C@H]3O,946.093,5.606400000000005,4.0,16.0
CHEMBL4285268,active,7.777283528852417,C[C@H]1[C@H](N(C)CCN2CCN(c3ccc(C(=O)NS(=O)(=O)c4ccc(NCC5CCOCC5)c([N+](=O)[O-])c4)c(Oc4cnc5[nH]ccc5c4)c3)CC2)O[C@@H]2O[C@@]3(C)CC[C@H]4[C@H](C)CC[C@@H]1[C@@]24OO3,959.1359999999999,6.4824000000000055,3.0,16.0
CHEMBL5818419,active,8.443697499232712,C[C@]1(O)CC[C@@H](CNc2ccc(S(=O)(=O)NC(=O)c3ccc(-c4ccc(N5CCC[C@@H]5c5ccccc5C5CC5)cc4)cc3Oc3cnc4[nH]ccc4c3)cc2[N+](=O)[O-])CC1,841.0029999999999,9.621099999999998,4.0,10.0
CHEMBL5954667,active,7.5376020021010435,C[C@]1(O)CC[C@@H](CNc2ccc(S(=O)(=O)NC(=O)c3ccc(-c4ccc(N5CCC[C@H]5c5ccccc5C5CC5)cc4)cc3Oc3cnc4[nH]ccc4c3)cc2[N+](=O)[O-])CC1,841.0029999999999,9.621099999999998,4.0,10.0
CHEMBL5922058,active,8.154901959985743,C[C@]1(O)CC[C@@H](CNc2ccc(S(=O)(=O)NC(=O)c3ccc(C4=CCC(N5CCC[C@H]5c5ccccc5C5CC5)CC4)cc3Oc3cnc4[nH]ccc4c3)cc2[N+](=O)[O-])CC1,845.0349999999997,9.385600000000002,4.0,10.0
CHEMBL5753873,active,7.886056647693163,C[C@]1(O)CC[C@H](CNc2ccc(S(=O)(=O)NC(=O)c3ccc(-c4ccc(N5CC(C(F)(F)F)CC5c5ccccc5C5CC5)cc4)cc3Oc3cnc4[nH]ccc4c3)cc2[N+](=O)[O-])CC1,908.9999999999998,10.409499999999994,4.0,10.0
CHEMBL5783794,active,8.795880017344075,C[C@]1(O)CC[C@H](CNc2ccc(S(=O)(=O)NC(=O)c3ccc(-c4ccc(N5CC(F)(F)CC5c5ccccc5C5CC5)cc4)cc3Oc3cnc4[nH]ccc4c3)cc2[N+](=O)[O-])CC1,876.9829999999998,9.866299999999999,4.0,10.0
CHEMBL5789244,active,7.0,C[C@]1(O)CC[C@H](CNc2ccc(S(=O)(=O)NC(=O)c3ccc(-c4ccc(N5CCC6(CCCN6c6ccccc6C6CC6)CC5)cc4)cc3Oc3cnc4[nH]ccc4c3)cc2[N+](=O)[O-])CC1,910.1099999999999,9.918999999999999,4.0,11.0
CHEMBL6023387,active,7.309803919971486,C[C@]1(O)CC[C@H](CNc2ccc(S(=O)(=O)NC(=O)c3ccc(-c4ccc(N5CCC[C@@H]5c5ccccc5C5CC5)cc4)cc3Oc3cc(F)cc4[nH]ccc34)cc2[N+](=O)[O-])CC1,858.005,10.365199999999994,4.0,9.0
CHEMBL5901355,active,8.838631997765026,C[C@]1(O)CC[C@H](CNc2ccc(S(=O)(=O)NC(=O)c3ccc(-c4ccc(N5CCC[C@@H]5c5ccccc5C5CC5)cc4)cc3Oc3cnc4[nH]ccc4c3)cc2[N+](=O)[O-])CC1,841.0029999999999,9.621099999999998,4.0,10.0
CHEMBL5747331,active,8.0,C[C@]1(O)CC[C@H](CNc2ccc(S(=O)(=O)NC(=O)c3ccc(-c4ccc(N5CCC[C@H]5c5ccccc5C5CC5)cc4)cc3Oc3cnc4[nH]ccc4c3)cc2[N+](=O)[O-])CC1,841.0029999999999,9.621099999999998,4.0,10.0
CHEMBL5932011,active,7.769551078621726,C[C@]1(O)CC[C@H](CNc2ccc(S(=O)(=O)NC(=O)c3ccc(-c4ccc5c(c4)CCC(N4CCC[C@H]4c4ccccc4C4CC4)C5)cc3Oc3cnc4[nH]ccc4c3)cc2[N+](=O)[O-])CC1,895.0949999999999,9.973999999999998,4.0,10.0
CHEMBL6055850,active,8.221848749616356,C[C@]1(O)CC[C@H](CNc2ccc(S(=O)(=O)NC(=O)c3ccc(C4=CCC(N5CCCC5c5cccc(Cl)c5C5CC5)CC4)cc3Oc3cnc4[nH]ccc4c3)cc2[N+](=O)[O-])CC1,879.4799999999998,10.038999999999996,4.0,10.0
CHEMBL5757676,active,9.346787486224656,C[C@]1(O)CC[C@H](CNc2ccc(S(=O)(=O)NC(=O)c3ccc(C4=CCC5(CC4)CC(N4CCC[C@H]4c4ccccc4C4CC4)C5)cc3Oc3cnc4[nH]ccc4c3)cc2[N+](=O)[O-])CC1,885.1,10.165799999999997,4.0,10.0
CHEMBL5751643,active,10.67778070526608,C[C@]1(O)CC[C@H](CNc2ccc(S(=O)(=O)NC(=O)c3ccc(N4CC5(CC(N6CCC[C@H]6c6ccccc6C6CC6)C5)C4)cc3Oc3cnc4[nH]ccc4c3)cc2[N+](=O)[O-])CC1,860.0499999999998,8.418500000000007,4.0,11.0
CHEMBL5934956,active,9.568636235841012,C[C@]1(O)CC[C@H](CNc2ccc(S(=O)(=O)NC(=O)c3ccc(N4CC5(CCC(N6CCC[C@H]6c6ccccc6C6CC6)C5)C4)cc3Oc3cnc4[nH]ccc4c3)cc2[N+](=O)[O-])CC1,874.0769999999999,8.808600000000004,4.0,11.0
CHEMBL5762885,active,9.130768280269024,C[C@]1(O)CC[C@H](CNc2ccc(S(=O)(=O)NC(=O)c3ccc(N4CCC5(CC(N6CCC[C@H]6c6ccccc6C6CC6)C5)C4)cc3Oc3cnc4[nH]ccc4c3)cc2[N+](=O)[O-])CC1,874.0769999999999,8.808600000000004,4.0,11.0
CHEMBL5820802,active,7.309803919971486,C[C@]1(O)CC[C@H](CNc2ccc(S(=O)(=O)NC(=O)c3ccc(N4CCC5(CC4)CC(=O)C5)cc3Oc3cnc4[nH]ccc4c3)cc2[N+](=O)[O-])CC1,716.8170000000002,5.684700000000005,4.0,11.0
CHEMBL5813106,active,8.42021640338319,C[C@]1(O)CC[C@H](CNc2ccc(S(=O)(=O)NC(=O)c3ccc(N4CCC5(CC4)CC(N4CC(C(F)(F)F)CC4c4ccccc4C4CC4)C5)cc3Oc3cnc4[nH]ccc4c3)cc2[N+](=O)[O-])CC1,956.1009999999999,9.987099999999998,4.0,11.0
CHEMBL5792023,active,9.200659450546418,C[C@]1(O)CC[C@H](CNc2ccc(S(=O)(=O)NC(=O)c3ccc(N4CCC5(CC4)CC(N4CCC[C@@H]4c4ccccc4C4CC4)C5)cc3Oc3cnc4[nH]ccc4c3)cc2[N+](=O)[O-])CC1,888.104,9.198700000000002,4.0,11.0
CHEMBL5950945,active,9.67778070526608,C[C@]1(O)CC[C@H](CNc2ccc(S(=O)(=O)NC(=O)c3ccc(N4CCC5(CC4)CC(N4CCC[C@H]4c4ccccc4)C5)cc3Oc3cnc4[nH]ccc4c3)cc2[N+](=O)[O-])CC1,848.0390000000002,8.321300000000008,4.0,11.0
CHEMBL5854463,active,9.322393047279506,C[C@]1(O)CC[C@H](CNc2ccc(S(=O)(=O)NC(=O)c3ccc(N4CCC5(CC4)CC(N4CCC[C@H]4c4ccccc4C4CC4)C5)cc3Oc3cnc4[nH]ccc4c3)cc2[N+](=O)[O-])CC1,888.104,9.198700000000002,4.0,11.0
CHEMBL5857353,active,8.939302159646388,C[C@]1(O)CC[C@H](CNc2ccc(S(=O)(=O)NC(=O)c3ccc(N4CCC5(CC[C@@H](N6CCC[C@H]6c6ccccc6C6CC6)C5)C4)cc3Oc3cnc4[nH]ccc4c3)cc2[N+](=O)[O-])CC1,888.1039999999999,9.198700000000002,4.0,11.0
CHEMBL4453237,active,6.301029995663981,C[N+](C)(CC[C@H](CSc1ccccc1)Nc1ccc(S(=O)(=O)NC(=O)c2ccc(N3CCN(Cc4ccccc4-c4ccc(Cl)cc4)CC3)cc2)cc1[N+](=O)[O-])CC(=O)O,872.4900000000001,7.4800000000000075,3.0,10.0
CHEMBL509788,active,6.903089986991944,Cc1c(Br)c(C(=O)N(c2ccccc2)c2ccccc2)nn1-c1ccccc1C(=O)N1Cc2ccccc2C[C@H]1CO,621.5350000000002,6.481120000000009,1.0,4.0
CHEMBL2325769,active,7.769551078621726,Cc1c(C#N)c(-c2cccc(N3CCN(c4ccc(NS(=O)(=O)c5ccc(N[C@H](CCN(C)C)CSc6ccccc6)c([N+](=O)[O-])c5)cc4)CC3)c2)c(-c2ccc(Cl)cc2)n1C,889.5479999999999,9.752699999999997,2.0,10.0
CHEMBL3701329,active,7.410050398674292,Cc1c(C(=O)N(C)c2ccc(O)cc2)cc(-c2cc(CCN(C(=O)O)c3ccccc3)ccc2C(=O)N2Cc3ccccc3C[C@H]2C)n1C,656.7830000000001,7.296820000000009,2.0,4.0
CHEMBL3701330,active,7.115771230367396,Cc1c(C(=O)N(C)c2ccc(O)cc2)cc(-c2cc(CCNC(=O)COc3ccccc3)ccc2C(=O)N2Cc3ccccc3C[C@H]2C)n1C,670.8100000000001,6.307420000000007,2.0,5.0
CHEMBL3701341,active,7.096910013008056,Cc1c(C(=O)N(C)c2ccc(O)cc2)cc(-c2cc(CCNC(=O)Cc3ccccc3)ccc2C(=O)N2Cc3ccccc3C[C@H]2C)n1C,654.8110000000001,6.471120000000006,2.0,4.0
CHEMBL3701340,active,7.1249387366083,Cc1c(C(=O)N(C)c2ccc(O)cc2)cc(-c2cc(CCNC(=O)NCc3ccccc3)ccc2C(=O)N2Cc3ccccc3C[C@H]2C)n1C,669.826,6.6116200000000065,3.0,4.0
CHEMBL3701342,active,6.875169850586141,Cc1c(C(=O)N(C)c2ccc(O)cc2)cc(-c2cc(CCNC(=O)Nc3ccccc3)ccc2C(=O)N2Cc3ccccc3C[C@H]2C)n1C,655.7990000000001,6.933920000000007,3.0,4.0
CHEMBL3701339,active,6.6786087216883105,Cc1c(C(=O)N(C)c2ccc(O)cc2)cc(-c2cc(CCNS(=O)(=O)CCc3ccc(F)cc3)ccc2C(=O)N2Cc3ccccc3C[C@H]2C)n1C,722.8829999999999,6.413420000000007,2.0,5.0
CHEMBL3701337,active,7.361510743045363,Cc1c(C(=O)N(C)c2ccc(O)cc2)cc(-c2cc(CNC(=O)COc3ccccc3)ccc2C(=O)N2Cc3ccccc3C[C@H]2C)n1C,656.7830000000001,6.264920000000006,2.0,5.0
CHEMBL3701335,active,7.573488738635425,Cc1c(C(=O)N(C)c2ccc(O)cc2)cc(-c2cc(CNC(=O)NCc3ccccc3)ccc2C(=O)N2Cc3ccccc3C[C@H]2C)n1C,655.7990000000001,6.569120000000007,3.0,4.0
CHEMBL3701324,active,7.1911141326401875,Cc1c(C(=O)N(C)c2ccc(O)cc2)cc(-c2cc(CNC(=O)Oc3ccccc3)ccc2C(=O)N2Cc3ccccc3C[C@H]2C)n1C,642.7560000000001,6.858320000000008,2.0,5.0
CHEMBL5788493,active,8.173925197299173,Cc1c(C(=O)N(C)c2ccc(O)cc2)cc(-c2cc3c(cc2C(=O)N2Cc4ccccc4C[C@H]2C)CN(C(=O)C(C)Oc2ccccc2)C3)n1C,682.8210000000001,6.879420000000009,1.0,5.0
CHEMBL5926064,active,8.275724130399212,Cc1c(C(=O)N(C)c2ccc(O)cc2)cc(-c2cc3c(cc2C(=O)N2Cc4ccccc4C[C@H]2C)CN(C(=O)CC2CCCCC2)CC3)n1C,672.8699999999997,7.42482000000001,1.0,4.0
CHEMBL5769779,active,7.107905397309519,Cc1c(C(=O)N(C)c2ccc(O)cc2)cc(-c2cc3c(cc2C(=O)N2Cc4ccccc4C[C@H]2C)CN(C(=O)CN2CCCCC2)C3)n1C,659.8309999999997,5.897820000000007,1.0,5.0
CHEMBL5878085,active,7.823908740944319,Cc1c(C(=O)N(C)c2ccc(O)cc2)cc(-c2cc3c(cc2C(=O)N2Cc4ccccc4C[C@H]2C)CN(C(=O)CN2CCCCC2)CC3)n1C,673.8579999999996,5.940320000000007,1.0,5.0
CHEMBL5751670,active,8.161150909262744,Cc1c(C(=O)N(C)c2ccc(O)cc2)cc(-c2cc3c(cc2C(=O)N2Cc4ccccc4C[C@H]2C)CN(C(=O)COCc2ccccc2)C3)n1C,682.821,6.628720000000008,1.0,5.0
CHEMBL6009488,active,8.443697499232712,Cc1c(C(=O)N(C)c2ccc(O)cc2)cc(-c2cc3c(cc2C(=O)N2Cc4ccccc4C[C@H]2C)CN(C(=O)COc2ccccc2)C3)n1C,668.7940000000001,6.490920000000009,1.0,5.0
CHEMBL5937444,active,8.3767507096021,Cc1c(C(=O)N(C)c2ccc(O)cc2)cc(-c2cc3c(cc2C(=O)N2Cc4ccccc4C[C@H]2C)CN(C(=O)Cc2ccc(C#N)cc2)CC3)n1C,691.8319999999999,6.568800000000009,1.0,5.0
CHEMBL6040541,active,8.301029995663981,Cc1c(C(=O)N(C)c2ccc(O)cc2)cc(-c2cc3c(cc2C(=O)N2Cc4ccccc4C[C@H]2C)CN(C(=O)Cc2ccc(F)cc2)C3)n1C,670.7850000000001,6.793720000000008,1.0,4.0
CHEMBL5767592,active,8.468521082957745,Cc1c(C(=O)N(C)c2ccc(O)cc2)cc(-c2cc3c(cc2C(=O)N2Cc4ccccc4C[C@H]2C)CN(C(=O)Cc2ccc4c(c2)OCO4)C3)n1C,696.804,6.383320000000008,1.0,6.0
CHEMBL5836984,active,8.259637310505756,Cc1c(C(=O)N(C)c2ccc(O)cc2)cc(-c2cc3c(cc2C(=O)N2Cc4ccccc4C[C@H]2C)CN(C(=O)Cc2ccccc2)C3)n1C,652.7950000000001,6.654620000000009,1.0,4.0
CHEMBL5921277,active,8.397940008672037,Cc1c(C(=O)N(C)c2ccc(O)cc2)cc(-c2cc3c(cc2C(=O)N2Cc4ccccc4C[C@H]2C)CN(C(=O)Cc2ccccc2)CC3)n1C,666.822,6.69712000000001,1.0,4.0
CHEMBL6010750,active,8.337242168318426,Cc1c(C(=O)N(C)c2ccc(O)cc2)cc(-c2cc3c(cc2C(=O)N2Cc4ccccc4C[C@H]2C)CN(C(=O)NC2CCCCC2)CC3)n1C,673.8579999999997,6.9701200000000085,2.0,4.0
CHEMBL5767189,active,8.075720713938118,Cc1c(C(=O)N(C)c2ccc(O)cc2)cc(-c2cc3c(cc2C(=O)N2Cc4ccccc4C[C@H]2C)CN(C(=O)NCc2ccccc2)C3)n1C,667.8100000000001,6.795120000000009,2.0,4.0
CHEMBL5903712,active,8.2839966563652,Cc1c(C(=O)N(C)c2ccc(O)cc2)cc(-c2cc3c(cc2C(=O)N2Cc4ccccc4C[C@H]2C)CN(C(=O)Nc2ccccc2)CC3)n1C,667.8100000000001,7.159920000000009,2.0,4.0
CHEMBL5992723,active,8.468521082957745,Cc1c(C(=O)N(C)c2ccc(O)cc2)cc(-c2cc3c(cc2C(=O)N2Cc4ccccc4C[C@H]2C)CN(C(=O)OC2CCCCC2)CC3)n1C,674.8419999999998,7.39712000000001,1.0,5.0
CHEMBL5741708,active,7.6777807052660805,Cc1c(C(=O)N(C)c2ccc(O)cc2)cc(-c2cc3c(cc2C(=O)N2Cc4ccccc4C[C@H]2C)CN(C(=O)OC2CCS(=O)(=O)C2)C3)n1C,696.826,5.209020000000007,1.0,7.0
CHEMBL5802833,active,8.397940008672037,Cc1c(C(=O)N(C)c2ccc(O)cc2)cc(-c2cc3c(cc2C(=O)N2Cc4ccccc4C[C@H]2C)CN(C(=O)O[C@H]2CC[C@H](N(C)C)CC2)CC3)n1C,717.9109999999997,6.93722000000001,1.0,6.0
CHEMBL5924588,active,8.568636235841012,Cc1c(C(=O)N(C)c2ccc(O)cc2)cc(-c2cc3c(cc2C(=O)N2Cc4ccccc4C[C@H]2C)CN(C(=O)O[C@H]2CC[C@H](N)CC2)CC3)n1C,689.8569999999997,6.334320000000008,2.0,6.0
CHEMBL5782918,active,8.698970004336019,Cc1c(C(=O)N(C)c2ccc(O)cc2)cc(-c2cc3c(cc2C(=O)N2Cc4ccccc4C[C@H]2C)CN(C(=O)O[C@H]2CC[C@H](NC(=O)OC(C)(C)C)CC2)CC3)n1C,789.9739999999997,7.9003200000000104,2.0,7.0
CHEMBL5982104,active,8.494850021680094,Cc1c(C(=O)N(C)c2ccc(O)cc2)cc(-c2cc3c(cc2C(=O)N2Cc4ccccc4C[C@H]2C)CN(C(=O)Oc2ccc(C#N)cc2)CC3)n1C,693.804,6.99850000000001,1.0,6.0
CHEMBL5871630,active,8.443697499232712,Cc1c(C(=O)N(C)c2ccc(O)cc2)cc(-c2cc3c(cc2C(=O)N2Cc4ccccc4C[C@H]2C)CN(C(=O)Oc2ccc(CCC(=O)N(C)C)cc2)CC3)n1C,767.9269999999998,7.14762000000001,1.0,6.0
CHEMBL5906047,active,8.136677139879543,Cc1c(C(=O)N(C)c2ccc(O)cc2)cc(-c2cc3c(cc2C(=O)N2Cc4ccccc4C[C@H]2C)CN(C(=O)Oc2ccc(Cl)cc2)C3)n1C,689.2120000000001,7.73772000000001,1.0,5.0
CHEMBL6054224,active,8.275724130399212,Cc1c(C(=O)N(C)c2ccc(O)cc2)cc(-c2cc3c(cc2C(=O)N2Cc4ccccc4C[C@H]2C)CN(C(=O)Oc2ccc(F)cc2)C3)n1C,672.7570000000002,7.223420000000009,1.0,5.0
CHEMBL5805677,active,8.346787486224656,Cc1c(C(=O)N(C)c2ccc(O)cc2)cc(-c2cc3c(cc2C(=O)N2Cc4ccccc4C[C@H]2C)CN(C(=O)Oc2ccc(N(C)CCN(C)C)cc2)CC3)n1C,768.9589999999997,7.12462000000001,1.0,7.0
CHEMBL5955038,active,8.744727494896694,Cc1c(C(=O)N(C)c2ccc(O)cc2)cc(-c2cc3c(cc2C(=O)N2Cc4ccccc4C[C@H]2C)CN(C(=O)Oc2ccc(OCCN(C)C)cc2)CC3)n1C,755.9159999999998,7.0672200000000105,1.0,7.0
CHEMBL5914402,active,8.657577319177793,Cc1c(C(=O)N(C)c2ccc(O)cc2)cc(-c2cc3c(cc2C(=O)N2Cc4ccccc4C[C@H]2C)CN(C(=O)Oc2cccc(C(=O)O)c2)CC3)n1C,712.8030000000001,6.825020000000009,2.0,6.0
CHEMBL5957233,active,8.657577319177793,Cc1c(C(=O)N(C)c2ccc(O)cc2)cc(-c2cc3c(cc2C(=O)N2Cc4ccccc4C[C@H]2C)CN(C(=O)Oc2cccc(CCC(=O)N(C)C)c2)CC3)n1C,767.9269999999998,7.14762000000001,1.0,6.0
CHEMBL5760108,active,8.537602002101044,Cc1c(C(=O)N(C)c2ccc(O)cc2)cc(-c2cc3c(cc2C(=O)N2Cc4ccccc4C[C@H]2C)CN(C(=O)Oc2cccc(OCCN(C)C)c2)CC3)n1C,755.9159999999998,7.0672200000000105,1.0,7.0
CHEMBL6057321,active,8.356547323513812,Cc1c(C(=O)N(C)c2ccc(O)cc2)cc(-c2cc3c(cc2C(=O)N2Cc4ccccc4C[C@H]2C)CN(C(=O)Oc2ccccc2)C3)n1C,654.7670000000002,7.084320000000009,1.0,5.0
CHEMBL5780970,active,8.537602002101044,Cc1c(C(=O)N(C)c2ccc(O)cc2)cc(-c2cc3c(cc2C(=O)N2Cc4ccccc4C[C@H]2C)CN(C(=O)Oc2ccccc2)CC3)n1C,668.7940000000001,7.126820000000009,1.0,5.0
CHEMBL5947068,active,8.619788758288394,Cc1c(C(=O)N(C)c2ccc(O)cc2)cc(-c2cc3c(cc2C(=O)N2Cc4ccccc4C[C@H]2C)CN(C(=O)Oc2ccccc2CCC(=O)N(C)C)CC3)n1C,767.9269999999998,7.14762000000001,1.0,6.0
CHEMBL5879788,active,8.698970004336019,Cc1c(C(=O)N(C)c2ccc(O)cc2)cc(-c2cc3c(cc2C(=O)N2Cc4ccccc4C[C@H]2C)CN(C(=O)Oc2ccccc2OCCN(C)C)CC3)n1C,755.9159999999998,7.0672200000000105,1.0,7.0
CHEMBL5763378,active,7.259637310505756,Cc1c(C(=O)N(C)c2ccc(O)cc2)cc(-c2cc3c(cc2C(=O)N2Cc4ccccc4C[C@H]2C)CN(C(=O)[C@@H](N)c2ccccc2)C3)n1C,667.8100000000001,6.111920000000007,2.0,5.0
CHEMBL5902233,active,7.481486060122112,Cc1c(C(=O)N(C)c2ccc(O)cc2)cc(-c2cc3c(cc2C(=O)N2Cc4ccccc4C[C@H]2C)CN(C(=O)[C@@H](O)c2ccccc2)C3)n1C,668.7940000000002,6.145520000000009,2.0,5.0
CHEMBL5922941,active,8.229147988357855,Cc1c(C(=O)N(C)c2ccc(O)cc2)cc(-c2cc3c(cc2C(=O)N2Cc4ccccc4C[C@H]2C)CN(C(=O)[C@H](N)c2ccccc2)C3)n1C,667.8100000000001,6.111920000000007,2.0,5.0
CHEMBL5908546,active,8.3767507096021,Cc1c(C(=O)N(C)c2ccc(O)cc2)cc(-c2cc3c(cc2C(=O)N2Cc4ccccc4C[C@H]2C)CN(C(=O)[C@H](O)c2ccccc2)C3)n1C,668.7940000000002,6.145520000000009,2.0,5.0
CHEMBL5828406,active,8.508638306165727,Cc1c(C(=O)N(C)c2ccc(O)cc2)cc(-c2cc3c(cc2C(=O)N2Cc4ccccc4C[C@H]2CCCN2CCOCC2)CN(C(=O)OC2CCCCC2)CC3)n1C,788.0019999999995,7.489620000000009,1.0,7.0
CHEMBL6056476,active,8.568636235841012,Cc1c(C(=O)N(C)c2ccc(O)cc2)cc(-c2cc3c(cc2C(=O)N2Cc4ccccc4C[C@H]2CCCN2CCOCC2)CN(C(=O)Oc2ccccc2)CC3)n1C,781.9539999999998,7.219320000000009,1.0,7.0
CHEMBL5957217,active,8.537602002101044,Cc1c(C(=O)N(C)c2ccc(O)cc2)cc(-c2cc3c(cc2C(=O)N2Cc4ccccc4C[C@H]2CCN2CCOCC2)CN(C(=O)Cc2ccccc2)CC3)n1C,765.9549999999998,6.399520000000008,1.0,6.0
CHEMBL6016389,active,8.4089353929735,Cc1c(C(=O)N(C)c2ccc(O)cc2)cc(-c2cc3c(cc2C(=O)N2Cc4ccccc4C[C@H]2CCN2CCOCC2)CN(C(=O)OC2CCCCC2)CC3)n1C,773.9749999999996,7.099520000000009,1.0,7.0
CHEMBL5741565,active,8.619788758288394,Cc1c(C(=O)N(C)c2ccc(O)cc2)cc(-c2cc3c(cc2C(=O)N2Cc4ccccc4C[C@H]2CCN2CCOCC2)CN(C(=O)Oc2ccccc2)CC3)n1C,767.9269999999999,6.829220000000008,1.0,7.0
CHEMBL5862127,active,7.292429823902063,Cc1c(C(=O)N(C)c2ccc(O)cc2)cc(-c2cc3c(cc2C(=O)N2Cc4ccccc4C[C@H]2CN(C)C)CN(C(=O)C(F)(F)F)CC3)n1C,687.7630000000001,5.558420000000007,1.0,5.0
CHEMBL6018795,active,8.387216143280265,Cc1c(C(=O)N(C)c2ccc(O)cc2)cc(-c2cc3c(cc2C(=O)N2Cc4ccccc4C[C@H]2CN(C)C)CN(C(=O)Cc2ccccc2)CC3)n1C,709.891,6.238820000000008,1.0,5.0
CHEMBL5863505,active,8.468521082957745,Cc1c(C(=O)N(C)c2ccc(O)cc2)cc(-c2cc3c(cc2C(=O)N2Cc4ccccc4C[C@H]2CN(C)C)CN(C(=O)Oc2ccccc2)CC3)n1C,711.863,6.668520000000009,1.0,6.0
CHEMBL5787910,active,7.638272163982407,Cc1c(C(=O)N(C)c2ccc(O)cc2)cc(-c2cc3c(cc2C(=O)N2Cc4ccccc4C[C@H]2CN2CCN(C)CC2)CN(C(=O)C(F)(F)F)CC3)n1C,742.843,5.2442200000000065,1.0,6.0
CHEMBL5814775,active,8.508638306165727,Cc1c(C(=O)N(C)c2ccc(O)cc2)cc(-c2cc3c(cc2C(=O)N2Cc4ccccc4C[C@H]2CN2CCN(C)CC2)CN(C(=O)Cc2ccccc2)CC3)n1C,764.9709999999998,5.924620000000008,1.0,6.0
CHEMBL5959165,active,8.823908740944319,Cc1c(C(=O)N(C)c2ccc(O)cc2)cc(-c2cc3c(cc2C(=O)N2Cc4ccccc4C[C@H]2CN2CCN(C)CC2)CN(C(=O)Oc2cccc(C(=O)O)c2)CC3)n1C,810.9519999999999,6.0525200000000074,2.0,8.0
CHEMBL5978602,active,8.568636235841012,Cc1c(C(=O)N(C)c2ccc(O)cc2)cc(-c2cc3c(cc2C(=O)N2Cc4ccccc4C[C@H]2CN2CCN(C)CC2)CN(C(=O)Oc2ccccc2)CC3)n1C,766.9429999999999,6.354320000000008,1.0,7.0
CHEMBL5975661,active,8.0268721464003,Cc1c(C(=O)N(C)c2ccc(O)cc2)cc(-c2cc3c(cc2C(=O)N2Cc4ccccc4C[C@H]2CN2CCOCC2)CN(C(=O)/C=C/c2ccc(Cl)c(Cl)c2)CC3)n1C,832.8289999999997,7.78692000000001,1.0,6.0
CHEMBL5976126,active,8.397940008672037,Cc1c(C(=O)N(C)c2ccc(O)cc2)cc(-c2cc3c(cc2C(=O)N2Cc4ccccc4C[C@H]2CN2CCOCC2)CN(C(=O)/C=C/c2ccccc2)CC3)n1C,763.9389999999999,6.480120000000008,1.0,6.0
CHEMBL5902574,active,8.040958607678906,Cc1c(C(=O)N(C)c2ccc(O)cc2)cc(-c2cc3c(cc2C(=O)N2Cc4ccccc4C[C@H]2CN2CCOCC2)CN(C(=O)CC24CC5CC(CC(C5)C2)C4)CC3)n1C,810.0519999999993,7.3732200000000105,1.0,6.0
CHEMBL5910501,active,8.337242168318426,Cc1c(C(=O)N(C)c2ccc(O)cc2)cc(-c2cc3c(cc2C(=O)N2Cc4ccccc4C[C@H]2CN2CCOCC2)CN(C(=O)CC2CCCCC2)CC3)n1C,757.9759999999994,6.737120000000009,1.0,6.0
CHEMBL6050995,active,8.337242168318426,Cc1c(C(=O)N(C)c2ccc(O)cc2)cc(-c2cc3c(cc2C(=O)N2Cc4ccccc4C[C@H]2CN2CCOCC2)CN(C(=O)CCC2CCCCC2)CC3)n1C,772.0029999999994,7.12722000000001,1.0,6.0
CHEMBL5777249,active,8.508638306165727,Cc1c(C(=O)N(C)c2ccc(O)cc2)cc(-c2cc3c(cc2C(=O)N2Cc4ccccc4C[C@H]2CN2CCOCC2)CN(C(=O)CCc2ccccc2)CC3)n1C,765.9549999999997,6.399520000000009,1.0,6.0
CHEMBL5747498,active,8.070581074285707,Cc1c(C(=O)N(C)c2ccc(O)cc2)cc(-c2cc3c(cc2C(=O)N2Cc4ccccc4C[C@H]2CN2CCOCC2)CN(C(=O)COc2ccccc2)C3)n1C,753.8999999999999,5.803220000000008,1.0,7.0
CHEMBL6020028,active,8.455931955649724,Cc1c(C(=O)N(C)c2ccc(O)cc2)cc(-c2cc3c(cc2C(=O)N2Cc4ccccc4C[C@H]2CN2CCOCC2)CN(C(=O)Cc2ccccc2)CC3)n1C,751.9279999999998,6.0094200000000075,1.0,6.0
CHEMBL6042482,active,8.356547323513812,Cc1c(C(=O)N(C)c2ccc(O)cc2)cc(-c2cc3c(cc2C(=O)N2Cc4ccccc4C[C@H]2CN2CCOCC2)CN(C(=O)NC2CCCCC2)CC3)n1C,758.9639999999995,6.282420000000008,2.0,6.0
CHEMBL5813223,active,8.3767507096021,Cc1c(C(=O)N(C)c2ccc(O)cc2)cc(-c2cc3c(cc2C(=O)N2Cc4ccccc4C[C@H]2CN2CCOCC2)CN(C(=O)Nc2ccccc2)CC3)n1C,752.9159999999998,6.472220000000007,2.0,6.0
CHEMBL5779078,active,8.207608310501746,Cc1c(C(=O)N(C)c2ccc(O)cc2)cc(-c2cc3c(cc2C(=O)N2Cc4ccccc4C[C@H]2CN2CCOCC2)CN(C(=O)OC2CCCC2)CC3)n1C,745.9209999999996,6.319320000000008,1.0,7.0
CHEMBL5967330,active,8.55284196865778,Cc1c(C(=O)N(C)c2ccc(O)cc2)cc(-c2cc3c(cc2C(=O)N2Cc4ccccc4C[C@H]2CN2CCOCC2)CN(C(=O)OC2CCCCC2)CC3)n1C,759.9479999999995,6.709420000000009,1.0,7.0
CHEMBL5748092,active,7.6777807052660805,Cc1c(C(=O)N(C)c2ccc(O)cc2)cc(-c2cc3c(cc2C(=O)N2Cc4ccccc4C[C@H]2CN2CCOCC2)CN(C(=O)O[C@@H]2C[C@H](C)CC[C@H]2C(C)C)CC3)n1C,816.0559999999996,7.83752000000001,1.0,7.0
CHEMBL6010857,active,8.292429823902063,Cc1c(C(=O)N(C)c2ccc(O)cc2)cc(-c2cc3c(cc2C(=O)N2Cc4ccccc4C[C@H]2CN2CCOCC2)CN(C(=O)Oc2ccc(Br)cc2)CC3)n1C,832.7959999999998,7.20162000000001,1.0,7.0
CHEMBL5884005,active,8.55284196865778,Cc1c(C(=O)N(C)c2ccc(O)cc2)cc(-c2cc3c(cc2C(=O)N2Cc4ccccc4C[C@H]2CN2CCOCC2)CN(C(=O)Oc2ccc(C#N)cc2)CC3)n1C,778.9099999999997,6.310800000000008,1.0,8.0
CHEMBL5901939,active,8.309803919971486,Cc1c(C(=O)N(C)c2ccc(O)cc2)cc(-c2cc3c(cc2C(=O)N2Cc4ccccc4C[C@H]2CN2CCOCC2)CN(C(=O)Oc2ccc(C(=O)O)cc2)CC3)n1C,797.9089999999999,6.137320000000007,2.0,8.0
CHEMBL5981194,active,7.7447274948966935,Cc1c(C(=O)N(C)c2ccc(O)cc2)cc(-c2cc3c(cc2C(=O)N2Cc4ccccc4C[C@H]2CN2CCOCC2)CN(C(=O)Oc2ccc(Cl)c(Cl)c2)CC3)n1C,822.7899999999997,7.74592000000001,1.0,7.0
CHEMBL5839241,active,8.18045606445813,Cc1c(C(=O)N(C)c2ccc(O)cc2)cc(-c2cc3c(cc2C(=O)N2Cc4ccccc4C[C@H]2CN2CCOCC2)CN(C(=O)Oc2ccc(Cl)cc2)CC3)n1C,788.3449999999998,7.09252000000001,1.0,7.0
CHEMBL5742039,active,8.229147988357855,Cc1c(C(=O)N(C)c2ccc(O)cc2)cc(-c2cc3c(cc2C(=O)N2Cc4ccccc4C[C@H]2CN2CCOCC2)CN(C(=O)Oc2ccc4[nH]ccc4c2)CC3)n1C,792.9369999999998,6.920420000000009,2.0,7.0
CHEMBL5914305,active,8.200659450546418,Cc1c(C(=O)N(C)c2ccc(O)cc2)cc(-c2cc3c(cc2C(=O)N2Cc4ccccc4C[C@H]2CN2CCOCC2)CN(C(=O)Oc2ccc4cc[nH]c4c2)CC3)n1C,792.9369999999998,6.920420000000009,2.0,7.0
CHEMBL5859076,active,8.05551732784983,Cc1c(C(=O)N(C)c2ccc(O)cc2)cc(-c2cc3c(cc2C(=O)N2Cc4ccccc4C[C@H]2CN2CCOCC2)CN(C(=O)Oc2ccc4ccccc4c2)CC3)n1C,803.9599999999998,7.592320000000011,1.0,7.0
CHEMBL6025190,active,8.05551732784983,Cc1c(C(=O)N(C)c2ccc(O)cc2)cc(-c2cc3c(cc2C(=O)N2Cc4ccccc4C[C@H]2CN2CCOCC2)CN(C(=O)Oc2cccc(C#N)c2)CC3)n1C,778.9099999999997,6.3108000000000075,1.0,8.0
CHEMBL5920610,active,8.318758762624412,Cc1c(C(=O)N(C)c2ccc(O)cc2)cc(-c2cc3c(cc2C(=O)N2Cc4ccccc4C[C@H]2CN2CCOCC2)CN(C(=O)Oc2cccc(C(=O)O)c2)CC3)n1C,797.9089999999999,6.137320000000007,2.0,8.0
CHEMBL6023571,active,8.455931955649724,Cc1c(C(=O)N(C)c2ccc(O)cc2)cc(-c2cc3c(cc2C(=O)N2Cc4ccccc4C[C@H]2CN2CCOCC2)CN(C(=O)Oc2ccccc2)CC3)n1C,753.8999999999999,6.439120000000008,1.0,7.0
CHEMBL3701319,active,7.301029995663981,Cc1c(C(=O)N(C)c2ccc(O)cc2)cc(-c2ccc(CNC(=O)COc3ccccc3)cc2C(=O)N2Cc3ccccc3C[C@H]2C)n1C,656.7830000000001,6.264920000000006,2.0,5.0
CHEMBL3701321,active,7.218963061378868,Cc1c(C(=O)N(C)c2ccc(O)cc2)cc(-c2ccc(CNC(=O)NCc3ccccc3)cc2C(=O)N2Cc3ccccc3C[C@H]2C)n1C,655.7990000000001,6.569120000000007,3.0,4.0
CHEMBL3701316,active,7.876148359032914,Cc1c(C(=O)N(C)c2ccc(O)cc2)cc(-c2ccc(CNC(=O)Oc3ccccc3)cc2C(=O)N2Cc3ccccc3C[C@H]2C)n1C,642.7560000000002,6.858320000000009,2.0,5.0
CHEMBL3701343,active,6.872895201635193,Cc1c(C(=O)N(C)c2ccc(O)cc2)cc(-c2ccc(CNS(=O)(=O)CCc3ccc(F)cc3)cc2C(=O)N2Cc3ccccc3C[C@H]2C)n1C,708.856,6.370920000000006,2.0,5.0
CHEMBL5889287,active,8.366531544420413,Cc1c(C(=O)N(C)c2ccccc2)cc(-c2cc3c(cc2C(=O)N2Cc4ccccc4C[C@H]2C)CN(C(=O)Cc2ccc(C#N)cc2)CC3)n1C,675.833,6.863200000000008,0.0,4.0
CHEMBL5914943,active,7.958607314841775,Cc1c(C(=O)N(C)c2ccccc2)cc(-c2cc3c(cc2C(=O)N2Cc4ccccc4C[C@H]2C)CN(C(=O)Cc2ccc(NCCN(C)C)cc2)CC3)n1C,736.9609999999998,6.965020000000007,1.0,5.0
CHEMBL6037009,active,8.468521082957745,Cc1c(C(=O)N(C)c2ccccc2)cc(-c2cc3c(cc2C(=O)N2Cc4ccccc4C[C@H]2C)CN(C(=O)Cc2ccccc2)CC3)n1C,650.8230000000001,6.991520000000008,0.0,3.0
CHEMBL5872583,active,8.075720713938118,Cc1c(C(=O)N(C)c2ccccc2)cc(-c2cc3c(cc2C(=O)N2Cc4ccccc4C[C@H]2C)CN(C(=O)Oc2ccc(C#N)cc2)CC3)n1C,677.805,7.292900000000009,0.0,5.0
CHEMBL5949935,active,8.356547323513812,Cc1c(C(=O)N(C)c2ccccc2)cc(-c2cc3c(cc2C(=O)N2Cc4ccccc4C[C@H]2C)CN(C(=O)Oc2ccc(CCC(=O)N(C)C)cc2)CC3)n1C,751.9279999999998,7.442020000000009,0.0,5.0
CHEMBL5877503,active,8.275724130399212,Cc1c(C(=O)N(C)c2ccccc2)cc(-c2cc3c(cc2C(=O)N2Cc4ccccc4C[C@H]2C)CN(C(=O)Oc2ccc(N(C)CCN(C)C)cc2)CC3)n1C,752.9599999999997,7.4190200000000095,0.0,6.0
CHEMBL5869795,active,8.494850021680094,Cc1c(C(=O)N(C)c2ccccc2)cc(-c2cc3c(cc2C(=O)N2Cc4ccccc4C[C@H]2C)CN(C(=O)Oc2ccc(NCCN(C)C)cc2)CC3)n1C,738.9329999999998,7.394720000000008,1.0,6.0
CHEMBL5979212,active,8.050609993355087,Cc1c(C(=O)N(C)c2ccccc2)cc(-c2cc3c(cc2C(=O)N2Cc4ccccc4C[C@H]2C)CN(C(=O)Oc2ccc4[nH]ccc4c2)CC3)n1C,691.832,7.902520000000009,1.0,4.0
CHEMBL5917372,active,8.301029995663981,Cc1c(C(=O)N(C)c2ccccc2)cc(-c2cc3c(cc2C(=O)N2Cc4ccccc4C[C@H]2C)CN(C(=O)Oc2cccc(CCC(=O)N(C)C)c2)CC3)n1C,751.9279999999998,7.442020000000009,0.0,5.0
CHEMBL5993417,active,8.366531544420413,Cc1c(C(=O)N(C)c2ccccc2)cc(-c2cc3c(cc2C(=O)N2Cc4ccccc4C[C@H]2C)CN(C(=O)Oc2cccc(N(C)CCN(C)C)c2)CC3)n1C,752.9599999999997,7.4190200000000095,0.0,6.0
CHEMBL5838298,active,8.397940008672037,Cc1c(C(=O)N(C)c2ccccc2)cc(-c2cc3c(cc2C(=O)N2Cc4ccccc4C[C@H]2C)CN(C(=O)Oc2cccc(OCCN(C)C)c2)CC3)n1C,739.9169999999998,7.36162000000001,0.0,6.0
CHEMBL5994212,active,8.42021640338319,Cc1c(C(=O)N(C)c2ccccc2)cc(-c2cc3c(cc2C(=O)N2Cc4ccccc4C[C@H]2C)CN(C(=O)Oc2ccccc2)CC3)n1C,652.7950000000001,7.421220000000009,0.0,4.0
CHEMBL6063634,active,7.958607314841775,Cc1c(C(=O)N(C)c2ccccc2)cc(-c2cc3c(cc2C(=O)N2Cc4ccccc4C[C@H]2C)CN(C(=O)Oc2cnc4[nH]ccc4c2)CC3)n1C,692.8199999999999,7.2975200000000084,1.0,5.0
CHEMBL5906342,active,6.206209615309181,Cc1c(C(=O)N(C)c2ccccc2)cc(-c2cc3c(cc2C(=O)N2Cc4ccccc4C[C@H]2C)CNCC3)n1C,532.6880000000003,5.509820000000006,1.0,3.0
CHEMBL5979408,active,8.42021640338319,Cc1c(C(=O)N(C)c2ccccc2)cc(-c2cc3c(cc2C(=O)N2Cc4ccccc4C[C@H]2CCCN2CCOCC2)CN(C(=O)OC2CCCCC2)CC3)n1C,772.0029999999996,7.78402000000001,0.0,6.0
CHEMBL5979822,active,7.920818753952375,Cc1c(C(=O)N(C)c2ccccc2)cc(-c2cc3c(cc2C(=O)N2Cc4ccccc4C[C@H]2CN2CCN(C)CC2)CN(C(=O)Oc2cccc(C(=O)O)c2)CC3)n1C,794.9529999999999,6.346920000000007,1.0,7.0
CHEMBL5751596,active,8.275724130399212,Cc1c(C(=O)N(C)c2ccccc2)cc(-c2cc3c(cc2C(=O)N2Cc4ccccc4C[C@H]2CN2CCOCC2)CN(C(=O)Cc2ccc(C#N)cc2)CC3)n1C,760.9389999999997,6.1755000000000075,0.0,6.0
CHEMBL5872522,active,8.602059991327963,Cc1c(C(=O)N(C)c2ccccc2)cc(-c2cc3c(cc2C(=O)N2Cc4ccccc4C[C@H]2CN2CCOCC2)CN(C(=O)Cc2ccccc2)CC3)n1C,735.9289999999999,6.303820000000008,0.0,5.0
CHEMBL5978810,active,8.187086643357144,Cc1c(C(=O)N(C)c2ccccc2)cc(-c2cc3c(cc2C(=O)N2Cc4ccccc4C[C@H]2CN2CCOCC2)CN(C(=O)Oc2ccc(C#N)cc2)CC3)n1C,762.9109999999998,6.605200000000008,0.0,7.0
CHEMBL5740858,active,8.2839966563652,Cc1c(C(=O)N(C)c2ccccc2)cc(-c2cc3c(cc2C(=O)N2Cc4ccccc4C[C@H]2CN2CCOCC2)CN(C(=O)Oc2ccc4[nH]ccc4c2)CC3)n1C,776.9379999999999,7.2148200000000084,1.0,6.0
CHEMBL5928745,active,8.142667503568731,Cc1c(C(=O)N(C)c2ccccc2)cc(-c2cc3c(cc2C(=O)N2Cc4ccccc4C[C@H]2CN2CCOCC2)CN(C(=O)Oc2ccc4cc[nH]c4c2)CC3)n1C,776.9379999999999,7.2148200000000084,1.0,6.0
CHEMBL5864714,active,8.468521082957745,Cc1c(C(=O)N(C)c2ccccc2)cc(-c2cc3c(cc2C(=O)N2Cc4ccccc4C[C@H]2CN2CCOCC2)CN(C(=O)Oc2ccccc2)CC3)n1C,737.901,6.7335200000000075,0.0,6.0
CHEMBL5818506,active,8.214670164989233,Cc1c(C(=O)N(C)c2ccccc2)cc(-c2cc3c(cc2C(=O)N2Cc4ccccc4C[C@H]2CN2CCOCC2)CN(C(=O)Oc2cnc4[nH]ccc4c2)CC3)n1C,777.9259999999998,6.609820000000007,1.0,7.0
CHEMBL6007828,active,8.161150909262744,Cc1c(C(=O)N(C)c2ccccc2)cc(-c2cc3c(cc2C(=O)N2Cc4ccccc4C[C@H]2CN2CCOCC2)CN(C(=O)Oc2cnc4c(ccn4C)c2)CC3)n1C,791.9529999999997,6.620220000000008,0.0,7.0
CHEMBL3704816,active,8.698970004336019,Cc1c(C(=O)N(C2=CC3C(C=CN3C)N=C2)c2ccc(O)cc2)cc(-c2cc(Cl)ccc2C(=O)N2Cc3ccccc3C[C@H]2CN2CCOCC2)n1C,731.2969999999998,6.070220000000009,1.0,7.0
CHEMBL3701394,active,8.00436480540245,Cc1c(C(=O)N(c2ccc(O)c(F)c2)c2cnn(C)c2)cc(-c2cc(Cl)ccc2C(=O)N2Cc3ccccc3C[C@H]2CN2CCOCC2)n1C,697.2109999999997,6.109920000000009,1.0,6.0
CHEMBL3701391,active,7.804100347590766,Cc1c(C(=O)N(c2ccc(O)c(F)c2)c2cnn(C)c2)cc(-c2cc3c(cc2C(=O)N2Cc4ccccc4C[C@H]2CN2CCOCC2)OCO3)n1C,706.7749999999997,5.1852200000000055,1.0,8.0
CHEMBL3701367,active,8.070581074285707,Cc1c(C(=O)N(c2ccc(O)cc2)c2cc(C#N)ccn2)cc(-c2cc(Cl)ccc2C(=O)N2Cc3ccccc3C[C@H]2CN2CCOCC2)n1C,701.2269999999997,6.504000000000008,1.0,7.0
CHEMBL3701365,active,8.5016894462104,Cc1c(C(=O)N(c2ccc(O)cc2)c2cc(C#N)n(C)c2)cc(-c2cc(Cl)ccc2C(=O)N2Cc3ccccc3C[C@H]2CN2CCOCC2)n1C,703.2429999999997,6.447500000000009,1.0,6.0
CHEMBL3701378,active,8.292429823902063,Cc1c(C(=O)N(c2ccc(O)cc2)c2cc(C#N)n(C)c2)cc(-c2cc(F)ccc2C(=O)N2Cc3ccccc3C[C@H]2CN2CCOCC2)n1C,686.7879999999998,5.933200000000007,1.0,6.0
CHEMBL3704782,active,8.585026652029182,Cc1c(C(=O)N(c2ccc(O)cc2)c2cc(C#N)n(C)c2)cc(-c2ccccc2C(=O)N2Cc3ccccc3C[C@H]2CN2CCOCC2)n1C,668.7979999999998,5.794100000000007,1.0,6.0
CHEMBL3704799,active,8.721246399047171,Cc1c(C(=O)N(c2ccc(O)cc2)c2cc(C#N)n(CCN3CCOCC3)c2C)cc(-c2cc(Cl)ccc2C(=O)N2Cc3ccccc3C[C@H]2C)n1C,731.297,7.238820000000009,1.0,6.0
CHEMBL3704794,active,8.568636235841012,Cc1c(C(=O)N(c2ccc(O)cc2)c2cc(C#N)nn2C)cc(-c2cc(Cl)ccc2C(=O)N2Cc3ccccc3C[C@H]2CN2CCOCC2)n1C,704.2309999999998,5.842500000000007,1.0,7.0
CHEMBL3701385,active,7.8326826652518236,Cc1c(C(=O)N(c2ccc(O)cc2)c2cc3ccn(C)c3cn2)cc(-c2cc(Cl)ccc2C(=O)N2Cc3ccccc3C[C@H]2CN2CCOCC2)n1C,729.2809999999997,7.12402000000001,1.0,6.0
CHEMBL3704785,active,7.308918507877031,Cc1c(C(=O)N(c2ccc(O)cc2)c2ccc(C#N)s2)cc(-c2cc(Cl)ccc2C(=O)N2Cc3ccccc3C[C@H]2CN2CCOCC2)n1C,706.2679999999997,7.17050000000001,1.0,7.0
CHEMBL3701396,active,8.096910013008056,Cc1c(C(=O)N(c2ccc(O)cc2)c2ccc(F)c(C#N)c2)cc(-c2cc(Cl)ccc2C(=O)N2Cc3ccccc3C[C@H]2CN2CCOCC2)n1C,718.2289999999997,7.24810000000001,1.0,6.0
CHEMBL3704786,active,8.356547323513812,Cc1c(C(=O)N(c2ccc(O)cc2)c2ccc(F)c(C#N)c2)cc(-c2cc(F)ccc2C(=O)N2Cc3ccccc3C[C@H]2CN2CCOCC2)n1C,701.7739999999998,6.7338000000000084,1.0,6.0
CHEMBL3701317,active,7.962573502059376,Cc1c(C(=O)N(c2ccc(O)cc2)c2ccc(F)cc2)cc(-c2cc(Cl)ccc2C(=O)N2Cc3ccccc3C[C@H]2CN2CCOCC2)n1C,693.2189999999997,7.37642000000001,1.0,5.0
CHEMBL3704812,active,8.113509274827518,Cc1c(C(=O)N(c2ccc(O)cc2)c2ccc3c(c2)ncn3C)cc(-c2cc(Cl)ccc2C(=O)N2Cc3ccccc3C[C@H]2CN2CCOCC2)n1C,729.2809999999997,7.12402000000001,1.0,6.0
CHEMBL3704808,active,8.431798275933005,Cc1c(C(=O)N(c2ccc(O)cc2)c2ccc3c(ccn3C)c2)cc(-c2cc3c(cc2C(=O)N2Cc4ccccc4C[C@H]2CN2CCOCC2)OCO3)n1C,737.8569999999997,6.804320000000011,1.0,7.0
CHEMBL3640002,active,7.518557371497695,Cc1c(C(=O)N(c2ccc(O)cc2)c2ccc3c(ccn3C)n2)cc(-c2cc(Cl)ccc2C(=O)N2Cc3ccccc3C[C@H]2CN2CCOCC2)n1C,729.2809999999997,7.12402000000001,1.0,6.0
CHEMBL3701299,active,8.259637310505756,Cc1c(C(=O)N(c2ccc(O)cc2)c2ccc3c(cnn3C)c2)cc(-c2cc(F)ccc2C(=O)N2Cc3ccccc3C[C@H]2CN2CCOCC2)n1C,712.8259999999998,6.609720000000009,1.0,6.0
CHEMBL3701393,active,8.4089353929735,Cc1c(C(=O)N(c2ccc(O)cc2)c2cccc(C#N)c2)cc(-c2cc(Cl)ccc2C(=O)N2Cc3ccccc3C[C@H]2CN2CCOCC2)n1C,700.2389999999997,7.109000000000011,1.0,6.0
CHEMBL3701410,active,8.55284196865778,Cc1c(C(=O)N(c2ccc(O)cc2)c2cccc(C#N)c2)cc(-c2cc(F)ccc2C(=O)N2Cc3ccccc3C[C@H]2CN2CCOCC2)n1C,683.7839999999998,6.594700000000009,1.0,6.0
CHEMBL3701366,active,7.0385789059335515,Cc1c(C(=O)N(c2ccc(O)cc2)c2cccc(C#N)n2)cc(-c2cc(Cl)ccc2C(=O)N2Cc3ccccc3C[C@H]2CN2CCOCC2)n1C,701.2269999999997,6.504000000000009,1.0,7.0
CHEMBL3701318,active,8.086186147616283,Cc1c(C(=O)N(c2ccc(O)cc2)c2cccc(F)c2)cc(-c2cc(Cl)ccc2C(=O)N2Cc3ccccc3C[C@H]2CN2CCOCC2)n1C,693.2189999999997,7.37642000000001,1.0,5.0
CHEMBL3701325,active,8.0,Cc1c(C(=O)N(c2ccc(O)cc2)c2cccc(F)c2)cc(-c2cc3c(cc2C(=O)N2Cc4ccccc4C[C@H]2C)OCO3)n1C,617.6770000000001,7.139420000000008,1.0,5.0
CHEMBL3701301,active,7.8996294548824375,Cc1c(C(=O)N(c2ccc(O)cc2)c2cccc(F)c2)cc(-c2cc3c(cc2C(=O)N2Cc4ccccc4C[C@H]2CN2CCOCC2)OCO3)n1C,702.7829999999998,6.451720000000011,1.0,7.0
CHEMBL3701398,active,7.61261017366127,Cc1c(C(=O)N(c2ccc(O)cc2)c2ccnc(C#N)n2)cc(-c2cc(Cl)ccc2C(=O)N2Cc3ccccc3C[C@H]2CN2CCOCC2)n1C,702.2149999999997,5.899000000000008,1.0,8.0
CHEMBL3704793,active,8.10790539730952,Cc1c(C(=O)N(c2ccc(O)cc2)c2cnc(F)cn2)cc(-c2cc(Cl)ccc2C(=O)N2Cc3ccccc3C[C@H]2CN2CCOCC2)n1C,695.1949999999997,6.1664200000000085,1.0,7.0
CHEMBL3704800,active,8.568636235841012,Cc1c(C(=O)N(c2ccc(O)cc2)c2cnc(OCCN3CCOCC3)nc2)cc(-c2cc(Cl)ccc2C(=O)N2Cc3ccccc3C[C@H]2C)n1C,721.2579999999999,6.426020000000007,1.0,8.0
CHEMBL3701389,active,8.602059991327963,Cc1c(C(=O)N(c2ccc(O)cc2)c2cnc3c(c2)CCN3C)cc(-c2cc(Cl)ccc2C(=O)N2Cc3ccccc3C[C@H]2CCCN2CCOCC2)n1C,759.3509999999997,7.404820000000011,1.0,7.0
CHEMBL3701384,active,8.443697499232712,Cc1c(C(=O)N(c2ccc(O)cc2)c2cnc3c(c2)CCN3C)cc(-c2cc(Cl)ccc2C(=O)N2Cc3ccccc3C[C@H]2CN2CCOCC2)n1C,731.2969999999998,6.62462000000001,1.0,7.0
CHEMBL3704783,active,8.455931955649724,Cc1c(C(=O)N(c2ccc(O)cc2)c2cnc3c(c2)CCN3C)cc(-c2cc(F)ccc2C(=O)N2Cc3ccccc3C[C@H]2CN2CCOCC2)n1C,714.8419999999999,6.110320000000009,1.0,7.0
CHEMBL3701333,active,8.397940008672037,Cc1c(C(=O)N(c2ccc(O)cc2)c2cnc3c(c2)CCN3C)cc(-c2cc3c(cc2C(=O)N2Cc4ccccc4C[C@H]2CN2CCOCC2)OCO3)n1C,740.8609999999999,5.699920000000007,1.0,9.0
CHEMBL3701403,active,8.00436480540245,Cc1c(C(=O)N(c2ccc(O)cc2)c2cnc3c(c2)CCN3C)cc(-c2ccccc2C(=O)N2Cc3ccccc3C[C@H]2CN2CCOCC2)n1C,696.8519999999999,5.971220000000008,1.0,7.0
CHEMBL3701338,active,7.7447274948966935,Cc1c(C(=O)N(c2ccc(O)cc2)c2cnc3c(ccn3C)c2)cc(-c2cc(CNC(=O)COc3ccccc3)ccc2C(=O)N2Cc3ccccc3C[C@H]2C)n1C,772.906,7.853520000000009,2.0,6.0
CHEMBL3704779,active,7.701146923590294,Cc1c(C(=O)N(c2ccc(O)cc2)c2cnc3c(ccn3C)c2)cc(-c2cc(Cl)ccc2C(=O)N2Cc3ccccc3CC2C(F)(F)F)n1C,698.1450000000002,8.354120000000007,1.0,4.0
CHEMBL3701346,active,8.292429823902063,Cc1c(C(=O)N(c2ccc(O)cc2)c2cnc3c(ccn3C)c2)cc(-c2cc(Cl)ccc2C(=O)N2Cc3ccccc3C[C@H]2C)n1C,644.1750000000001,7.811720000000009,1.0,4.0
CHEMBL3701388,active,8.67778070526608,Cc1c(C(=O)N(c2ccc(O)cc2)c2cnc3c(ccn3C)c2)cc(-c2cc(Cl)ccc2C(=O)N2Cc3ccccc3C[C@H]2CCCN2CCOCC2)n1C,757.3349999999996,7.90422000000001,1.0,6.0
CHEMBL3701364,active,8.698970004336019,Cc1c(C(=O)N(c2ccc(O)cc2)c2cnc3c(ccn3C)c2)cc(-c2cc(Cl)ccc2C(=O)N2Cc3ccccc3C[C@H]2CN2CCN(C)CC2)n1C,742.3239999999996,7.039220000000011,1.0,6.0
CHEMBL3701352,active,8.214670164989233,Cc1c(C(=O)N(c2ccc(O)cc2)c2cnc3c(ccn3C)c2)cc(-c2cc(Cl)ccc2C(=O)N2Cc3ccccc3C[C@H]2CN2CCOCC2)n1C,729.2809999999997,7.12402000000001,1.0,6.0
CHEMBL3701381,active,8.244125144327509,Cc1c(C(=O)N(c2ccc(O)cc2)c2cnc3c(ccn3C)c2)cc(-c2cc(F)ccc2C(=O)N2Cc3ccccc3C[C@H]2CN2CCOCC2)n1C,712.8259999999998,6.609720000000009,1.0,6.0
CHEMBL3701326,active,8.2839966563652,Cc1c(C(=O)N(c2ccc(O)cc2)c2cnc3c(ccn3C)c2)cc(-c2cc3c(cc2C(=O)N2Cc4ccccc4C[C@H]2C)OCO3)n1C,653.7390000000001,6.887020000000007,1.0,6.0
CHEMBL3701351,active,8.275724130399212,Cc1c(C(=O)N(c2ccc(O)cc2)c2cnc3c(ccn3C)c2)cc(-c2cc3c(cc2C(=O)N2Cc4ccccc4C[C@H]2CN2CCN(C)CC2)OCO3)n1C,751.8879999999997,6.114520000000008,1.0,8.0
CHEMBL3701328,active,8.522878745280337,Cc1c(C(=O)N(c2ccc(O)cc2)c2cnc3c(ccn3C)c2)cc(-c2cc3c(cc2C(=O)N2Cc4ccccc4C[C@H]2CN2CCOCC2)OCO3)n1C,738.8449999999998,6.199320000000008,1.0,8.0
CHEMBL3701402,active,7.913640169325252,Cc1c(C(=O)N(c2ccc(O)cc2)c2cnc3c(ccn3C)c2)cc(-c2ccccc2C(=O)N2Cc3ccccc3C[C@H]2CN2CCOCC2)n1C,694.8359999999998,6.470620000000009,1.0,6.0
CHEMBL3704795,active,8.537602002101044,Cc1c(C(=O)N(c2ccc(O)cc2)c2cnc3c(cnn3C)c2)cc(-c2cc(F)ccc2C(=O)N2Cc3ccccc3C[C@H]2CN2CCOCC2)n1C,713.8139999999997,6.004720000000008,1.0,7.0
CHEMBL3704787,active,7.94692155651658,Cc1c(C(=O)N(c2ccc(O)cc2)c2cnccn2)cc(-c2cc(Cl)ccc2C(=O)N2Cc3ccccc3C[C@H]2CN2CCOCC2)n1C,677.2049999999997,6.0273200000000084,1.0,7.0
CHEMBL3701291,active,8.301029995663981,Cc1c(C(=O)N(c2ccc(O)cc2)c2cnn(C)c2)cc(-c2cc(Cl)ccc2C(=O)N2Cc3ccccc3C[C@H]2C)n1C,594.115,6.658520000000007,1.0,4.0
CHEMBL3701404,active,8.259637310505756,Cc1c(C(=O)N(c2ccc(O)cc2)c2cnn(C)c2)cc(-c2cc(Cl)ccc2C(=O)N2Cc3ccccc3C[C@H]2C)n1CCN1CCOCC1,693.2479999999996,6.453720000000009,1.0,6.0
CHEMBL3701374,active,8.337242168318426,Cc1c(C(=O)N(c2ccc(O)cc2)c2cnn(C)c2)cc(-c2cc(Cl)ccc2C(=O)N2Cc3ccccc3C[C@H]2CN2CC3(CCO3)C2)n1C,691.2319999999996,6.113320000000009,1.0,6.0
CHEMBL3701368,active,8.443697499232712,Cc1c(C(=O)N(c2ccc(O)cc2)c2cnn(C)c2)cc(-c2cc(Cl)ccc2C(=O)N2Cc3ccccc3C[C@H]2CN2CCN3CCOC[C@@H]3C2)n1C,734.3009999999995,5.6550200000000075,1.0,7.0
CHEMBL3701369,active,8.468521082957745,Cc1c(C(=O)N(c2ccc(O)cc2)c2cnn(C)c2)cc(-c2cc(Cl)ccc2C(=O)N2Cc3ccccc3C[C@H]2CN2CCN3CCOC[C@H]3C2)n1C,734.3009999999995,5.6550200000000075,1.0,7.0
CHEMBL3701309,active,8.462180904926726,Cc1c(C(=O)N(c2ccc(O)cc2)c2cnn(C)c2)cc(-c2cc(Cl)ccc2C(=O)N2Cc3ccccc3C[C@H]2CN2CCOCC2)n1C,679.2209999999997,5.970820000000008,1.0,6.0
CHEMBL3701350,active,8.67778070526608,Cc1c(C(=O)N(c2ccc(O)cc2)c2cnn(C)c2)cc(-c2cc(F)c(O)cc2C(=O)N2Cc3ccccc3C[C@H]2C)n1C,593.6590000000001,5.8498200000000065,2.0,5.0
CHEMBL3701349,active,8.031517051446064,Cc1c(C(=O)N(c2ccc(O)cc2)c2cnn(C)c2)cc(-c2cc(F)ccc2C(=O)N2Cc3ccccc3C[C@H]2CN2CCOCC2)n1C,662.7659999999997,5.4565200000000065,1.0,6.0
CHEMBL3701323,active,8.142667503568731,Cc1c(C(=O)N(c2ccc(O)cc2)c2cnn(C)c2)cc(-c2cc3c(cc2C(=O)N2Cc4ccccc4C[C@H]2C)OCO3)n1C,603.6790000000002,5.733820000000007,1.0,6.0
CHEMBL3701314,active,8.327902142064282,Cc1c(C(=O)N(c2ccc(O)cc2)c2cnn(C)c2)cc(-c2cc3c(cc2C(=O)N2Cc4ccccc4C[C@H]2C)OCO3)n1CCN,632.721,5.1555200000000045,2.0,7.0
CHEMBL3701311,active,8.2839966563652,Cc1c(C(=O)N(c2ccc(O)cc2)c2cnn(C)c2)cc(-c2cc3c(cc2C(=O)N2Cc4ccccc4C[C@H]2C)OCO3)n1CCN(C)C,660.775,5.758420000000006,1.0,7.0
CHEMBL3701358,active,7.8696662315049934,Cc1c(C(=O)N(c2ccc(O)cc2)c2cnn(C)c2)cc(-c2cc3c(cc2C(=O)N2Cc4ccccc4C[C@H]2C)OCO3)n1CCN1CCOCC1,702.8119999999998,5.529020000000006,1.0,8.0
CHEMBL3701307,active,8.443697499232712,Cc1c(C(=O)N(c2ccc(O)cc2)c2cnn(C)c2)cc(-c2cc3c(cc2C(=O)N2Cc4ccccc4C[C@H]2C)OCO3)n1CCO,633.7050000000002,5.189120000000007,2.0,7.0
CHEMBL3701305,active,8.327902142064282,Cc1c(C(=O)N(c2ccc(O)cc2)c2cnn(C)c2)cc(-c2cc3c(cc2C(=O)N2Cc4ccccc4C[C@H]2CN2CCOCC2)OCCO3)n1C,702.8119999999998,5.088620000000007,1.0,8.0
CHEMBL3701331,active,8.229147988357855,Cc1c(C(=O)N(c2ccc(O)cc2)c2cnn(C)c2)cc(-c2cc3c(cc2C(=O)N2Cc4ccccc4C[C@H]2CN2CCOCC2)OCO3)n1C,688.7849999999999,5.046120000000006,1.0,8.0
CHEMBL3701357,active,8.154901959985743,Cc1c(C(=O)N(c2ccc(O)cc2)c2cnn(C)c2)cc(-c2cc3c(cc2C(=O)N2Cc4ccccc4C[C@H]2CN2CCOCC2)OCO3)n1CC(F)F,738.7919999999999,5.774220000000008,1.0,8.0
CHEMBL3701356,active,8.065501548756432,Cc1c(C(=O)N(c2ccc(O)cc2)c2cnn(C)c2)cc(-c2cc3c(cc2C(=O)N2Cc4ccccc4C[C@H]2CN2CCOCC2)OCO3)n1CCF,720.8019999999998,5.478620000000007,1.0,8.0
CHEMBL3704817,active,6.349692476868063,Cc1c(C(=O)N(c2ccc(O)cc2)c2cnn(C)c2)cc(-c2ccc(F)cc2C(=O)N2Cc3ccccc3C[C@H]2CN2CCOCC2)n1C,662.7659999999997,5.4565200000000065,1.0,6.0
CHEMBL3701412,active,8.036212172654444,Cc1c(C(=O)N(c2ccc(O)cc2)c2cnn(C)c2)cc(-c2ccccc2C(=O)N2Cc3ccccc3C[C@H]2CN2CCOCC2)n1C,644.7759999999998,5.3174200000000065,1.0,6.0
CHEMBL3701370,active,8.468521082957745,Cc1c(C(=O)N(c2ccc(O)cc2)c2cnn(C3CC3)c2)cc(-c2cc(Cl)ccc2C(=O)N2Cc3ccccc3C[C@H]2CN2CCOCC2)n1C,705.2589999999998,6.768720000000009,1.0,6.0
CHEMBL3701377,active,8.200659450546418,Cc1c(C(=O)N(c2ccc(O)cc2)c2cnn(C3CC3)c2)cc(-c2cc(F)ccc2C(=O)N2Cc3ccccc3C[C@H]2CN2CCOCC2)n1C,688.8039999999997,6.254420000000008,1.0,6.0
CHEMBL3704803,active,8.55284196865778,Cc1c(C(=O)N(c2ccc(O)cc2)c2cnn(C3CCOC3)c2)cc(-c2cc(Cl)ccc2C(=O)N2Cc3ccccc3C[C@H]2CCCN2CCOCC2)n1C,763.3389999999997,7.17542000000001,1.0,7.0
CHEMBL3701372,active,8.275724130399212,Cc1c(C(=O)N(c2ccc(O)cc2)c2cnn(C3CCOC3)c2)cc(-c2cc(Cl)ccc2C(=O)N2Cc3ccccc3C[C@H]2CN2CCOCC2)n1C,735.2849999999999,6.395220000000008,1.0,7.0
CHEMBL3701371,active,8.3767507096021,Cc1c(C(=O)N(c2ccc(O)cc2)c2cnn(C3COC3)c2)cc(-c2cc(Cl)ccc2C(=O)N2Cc3ccccc3C[C@H]2CN2CCOCC2)n1C,721.2579999999998,6.005120000000008,1.0,7.0
CHEMBL3701413,active,7.931814138253839,Cc1c(C(=O)N(c2ccc(O)cc2)c2cnn(C3COC3)c2)cc(-c2cc(F)ccc2C(=O)N2Cc3ccccc3C[C@H]2CN2CCOCC2)n1C,704.8029999999998,5.490820000000007,1.0,7.0
CHEMBL3701397,active,7.599462010608054,Cc1c(C(=O)N(c2ccc(O)cc2)c2cnn([C@H]3CCOC3)c2)cc(-c2cc(F)ccc2C(=O)N2Cc3ccccc3C[C@H]2CN2CCOCC2)n1C,718.8299999999998,5.880920000000008,1.0,7.0
CHEMBL3704791,active,8.522878745280337,Cc1c(C(=O)N(c2ccc(O)cc2)c2csc(C#N)c2)cc(-c2cc(Cl)ccc2C(=O)N2Cc3ccccc3C[C@H]2CN2CCOCC2)n1C,706.2679999999997,7.170500000000011,1.0,7.0
CHEMBL3704807,active,7.716698771296451,Cc1c(C(=O)N(c2ccccc2)c2ccc(O)cc2)cc(-c2cc(Cl)ccc2C(=O)N2CCc3ccccc3C2)n1C,576.0960000000001,7.536520000000008,1.0,3.0
CHEMBL3701387,active,8.42021640338319,Cc1c(C(=O)N(c2ccccc2)c2ccc(O)cc2)cc(-c2cc(Cl)ccc2C(=O)N2Cc3ccccc3C[C@H]2CCCN2CCOCC2)n1C,703.2829999999996,8.017520000000012,1.0,5.0
CHEMBL3701302,active,8.096910013008056,Cc1c(C(=O)N(c2ccccc2)c2ccc(O)cc2)cc(-c2cc(Cl)ccc2C(=O)N2Cc3ccccc3C[C@H]2CN2CCOCC2)n1C,675.2289999999997,7.23732000000001,1.0,5.0
CHEMBL3701322,active,8.1249387366083,Cc1c(C(=O)N(c2ccccc2)c2ccc(O)cc2)cc(-c2cc(Cl)ccc2C(=O)N2Cc3ccccc3C[C@H]2CO)n1C,606.1220000000001,6.89742000000001,2.0,4.0
CHEMBL3701297,active,7.790484985457369,Cc1c(C(=O)N(c2ccccc2)c2ccc(O)cc2)cc(-c2cc(F)ccc2C(=O)N2Cc3ccccc3C[C@H]2CN2CCOCC2)n1C,658.7739999999998,6.723020000000009,1.0,5.0
CHEMBL3701298,active,7.847711655616943,Cc1c(C(=O)N(c2ccccc2)c2ccc(O)cc2)cc(-c2cc(F)ccc2C(=O)N2Cc3ccccc3C[C@H]2CN2CCOCC2)n1CCCO,702.8269999999997,6.56842000000001,2.0,6.0
CHEMBL3701327,active,8.292429823902063,Cc1c(C(=O)N(c2ccccc2)c2ccc(O)cc2)cc(-c2cc3c(cc2C(=O)N2Cc4ccccc4C[C@H]2C)OCO3)n1C,599.6870000000002,7.000320000000009,1.0,5.0
CHEMBL3701360,active,8.119186407719209,Cc1c(C(=O)N(c2ccccc2)c2ccc(O)cc2)cc(-c2cc3c(cc2C(=O)N2Cc4ccccc4C[C@H]2C)OCO3)n1CCN(C)C,656.783,7.02492000000001,1.0,6.0
CHEMBL3701359,active,7.721246399047171,Cc1c(C(=O)N(c2ccccc2)c2ccc(O)cc2)cc(-c2cc3c(cc2C(=O)N2Cc4ccccc4C[C@H]2C)OCO3)n1CCN1CCOCC1,698.8199999999998,6.7955200000000096,1.0,7.0
CHEMBL3701303,active,8.4089353929735,Cc1c(C(=O)N(c2ccccc2)c2ccc(O)cc2)cc(-c2cc3c(cc2C(=O)N2Cc4ccccc4C[C@H]2CCN2CCOCC2)OCO3)n1CCO,728.8459999999998,6.15802000000001,2.0,8.0
CHEMBL3701306,active,8.18045606445813,Cc1c(C(=O)N(c2ccccc2)c2ccc(O)cc2)cc(-c2cc3c(cc2C(=O)N2Cc4ccccc4C[C@H]2CN2CCOCC2)OCCO3)n1C,698.8199999999998,6.35512000000001,1.0,7.0
CHEMBL3704809,active,7.954677021213342,Cc1c(C(=O)N(c2ccccc2)c2ccc(O)cc2)cc(-c2cc3c(cc2C(=O)N2Cc4ccccc4C[C@H]2CN2CCOCC2)OCO3)n1C,684.7929999999999,6.31262000000001,1.0,7.0
CHEMBL3701373,active,7.7423214251308154,Cc1c(C(=O)N(c2ccccc2)c2cnc3c(c2)CCN3C)cc(-c2cc(Cl)ccc2C(=O)N2Cc3ccccc3C[C@H]2CN2CCOCC2)n1C,715.2979999999998,6.9190200000000095,0.0,6.0
CHEMBL3701386,active,7.673664139071248,Cc1c(C(=O)N(c2ccccc2)c2cnc3c(ccn3C)c2)cc(-c2cc(Cl)ccc2C(=O)N2Cc3ccccc3C[C@H]2CN2CCOCC2)n1C,713.2819999999997,7.41842000000001,0.0,5.0
CHEMBL3701347,active,7.6595558851598815,Cc1c(C(=O)N(c2ccccc2)c2cnc3c(ccn3C)c2)cc(-c2cc3c(cc2C(=O)N2Cc4ccccc4C[C@H]2CN2CCOCC2)OCO3)n1C,722.8459999999998,6.4937200000000095,0.0,7.0
CHEMBL3701312,active,8.1249387366083,Cc1c(C(=O)N(c2ccncc2)c2ccc(O)cc2)cc(-c2cc(Cl)ccc2C(=O)N2Cc3ccccc3C[C@H]2C)n1C,591.111,7.320020000000008,1.0,4.0
CHEMBL3701380,active,8.013228265733755,Cc1c(C(=O)N(c2ccncc2)c2ccc(O)cc2)cc(-c2cc(F)ccc2C(=O)N2Cc3ccccc3C[C@H]2CN2CCOCC2)n1C,659.7619999999997,6.1180200000000085,1.0,6.0
CHEMBL3701344,active,8.346787486224656,Cc1c(C(=O)N(c2ccncc2)c2ccc(O)cc2)cc(-c2cc3c(cc2C(=O)N2Cc4ccccc4C[C@H]2C)OCO3)n1C,600.6750000000002,6.395320000000006,1.0,6.0
CHEMBL3704811,active,8.070581074285707,Cc1c(C(=O)N(c2ccncc2)c2ccc(O)cc2)cc(-c2cc3c(cc2C(=O)N2Cc4ccccc4C[C@H]2CN2CCN(C)CC2)OCO3)n1C,698.8239999999997,5.622820000000007,1.0,8.0
CHEMBL3704813,active,8.096910013008056,Cc1c(C(=O)N(c2ccncc2)c2ccc(O)cc2)cc(-c2cc3c(cc2C(=O)N2Cc4ccccc4C[C@H]2CN2CCOCC2)OCO3)n1C,685.7809999999998,5.7076200000000075,1.0,8.0
CHEMBL3704806,active,7.436518914605589,Cc1c(C(=O)N(c2cnc3c(ccn3C)c2)c2ccc(O)cn2)cc(-c2cc(Cl)ccc2C(=O)N2Cc3ccccc3C[C@H]2CN2CCOCC2)n1C,730.2689999999998,6.519020000000009,1.0,7.0
CHEMBL2325765,active,8.2518119729938,Cc1c(C(=O)N2CC(C)(O)C2)c(-c2cccc(N3CCN(c4ccc(NS(=O)(=O)c5ccc(N[C@H](CCN(C)C)CSc6ccccc6)c([N+](=O)[O-])c5)cc4)CC3)c2)c(-c2ccc(Cl)cc2)n1C,977.6539999999997,9.087820000000004,3.0,11.0
CHEMBL2171005,active,6.5934598195660445,Cc1c(C(=O)NCCCN2CCN(C)CC2)c(-c2cccc(N3CCN(c4ccc(NS(=O)(=O)c5cccc(Br)c5)cc4)CC3)c2)c(-c2ccc(Cl)cc2)n1C,859.3349999999999,7.578120000000008,2.0,7.0
CHEMBL2171006,active,6.235077015350112,Cc1c(C(=O)NCCCN2CCN(C)CC2)c(-c2cccc(N3CCN(c4ccc(NS(=O)(=O)c5cccc(C(F)(F)F)c5)cc4)CC3)c2)c(-c2ccc(Cl)cc2)n1C,848.436,7.834420000000009,2.0,7.0
CHEMBL2171004,active,6.180456064458132,Cc1c(C(=O)NCCCN2CCN(C)CC2)c(-c2cccc(N3CCN(c4ccc(NS(=O)(=O)c5cccc(Cl)c5)cc4)CC3)c2)c(-c2ccc(Cl)cc2)n1C,814.8839999999999,7.469020000000008,2.0,7.0
CHEMBL2171003,active,6.0101054362812265,Cc1c(C(=O)NCCCN2CCN(C)CC2)c(-c2cccc(N3CCN(c4ccc(NS(=O)(=O)c5cccc(F)c5)cc4)CC3)c2)c(-c2ccc(Cl)cc2)n1C,798.429,6.954720000000007,2.0,7.0
CHEMBL2171010,active,6.117475462045119,Cc1c(C(=O)NCCCN2CCN(C)CC2)c(-c2cccc(N3CCN(c4ccc(NS(=O)(=O)c5cccc(OC(F)(F)F)c5)cc4)CC3)c2)c(-c2ccc(Cl)cc2)n1C,864.4350000000001,7.714220000000009,2.0,8.0
CHEMBL2170842,active,6.815308569182402,Cc1c(C(=O)NCCCN2CCN(C)CC2)c(-c2cccc(N3CCN(c4ccc(NS(=O)(=O)c5cccc(S(=O)(=O)C(F)(F)F)c5)cc4)CC3)c2)c(-c2ccc(Cl)cc2)n1C,912.5010000000001,7.109120000000008,2.0,9.0
CHEMBL2170845,active,6.073657553374345,Cc1c(C(=O)NCCCN2CCN(C)CC2)c(-c2cccc(N3CCN(c4ccc(NS(=O)(=O)c5cccc(S(=O)(=O)C6CC6)c5)cc4)CC3)c2)c(-c2ccc(Cl)cc2)n1C,884.5689999999998,6.751720000000007,2.0,9.0
CHEMBL2170852,active,6.931814138253839,Cc1c(C(=O)NCCCN2CCN(C)CC2)c(-c2cccc(N3CCN(c4ccc(NS(=O)(=O)c5cccc([N+](=O)[O-])c5)cc4)CC3)c2)c(-c2ccc(Cl)cc2)n1C,825.4359999999999,6.723820000000007,2.0,9.0
CHEMBL5861332,active,8.356547323513812,Cc1c(C(=O)NCc2ccc(O)cc2)cc(-c2cc3c(cc2C(=O)N2Cc4ccccc4C[C@H]2CN2CCOCC2)CN(C(=O)Oc2cnc4[nH]ccc4c2)CC3)n1C,793.9249999999997,5.968820000000005,3.0,8.0
CHEMBL2325766,active,9.045757490560675,Cc1c(C(=O)NS(C)(=O)=O)c(-c2cccc(N3CCN(c4ccc(NS(=O)(=O)c5ccc(N[C@H](CCN(C)C)CSc6ccccc6)c([N+](=O)[O-])c5)cc4)CC3)c2)c(-c2ccc(Cl)cc2)n1C,985.6549999999996,8.570420000000007,3.0,12.0
CHEMBL2325764,active,8.744727494896694,Cc1c(C(=O)NS(C)(=O)=O)c(-c2cccc(N3CCN(c4ccc(NS(=O)(=O)c5ccc(N[C@H](CCN(C)C)CSc6ccccc6)c([N+](=O)[O-])c5)cc4)CC3)c2)c(-c2ccc(Cl)cc2)n1C(C)C,1013.7089999999996,9.61432,3.0,12.0
CHEMBL2326041,active,8.1249387366083,Cc1c(C(=O)N[C@H]2C[C@@](C)(O)C2)c(-c2cccc(N3CCN(c4ccc(NS(=O)(=O)c5ccc(N[C@H](CCN(C)C)CSc6ccccc6)c([N+](=O)[O-])c5)cc4)CC3)c2)c(-c2ccc(Cl)cc2)n1C,991.6809999999996,9.52422,4.0,11.0
CHEMBL2170846,active,8.036212172654444,Cc1c(C(=O)O)c(-c2cccc(N3CCN(c4ccc(NS(=O)(=O)c5ccc(N[C@H](CCN(C)C)CSc6ccccc6)c(S(=O)(=O)C(F)(F)F)c5)cc4)CC3)c2)c(-c2ccc(Cl)cc2)n1C,995.6120000000001,9.964519999999997,3.0,10.0
CHEMBL2159737,active,8.886056647693163,Cc1c(C(=O)O)c(-c2cccc(N3CCN(c4ccc(NS(=O)(=O)c5ccc(N[C@H](CCN(C)C)CSc6ccccc6)c([N+](=O)[O-])c5)cc4)CC3)c2)c(-c2ccc(Cl)cc2)n1C,908.5469999999999,9.57922,3.0,10.0
CHEMBL2159740,active,8.853871964321762,Cc1c(C(=O)O)c(-c2cccc(N3CCN(c4ccc(NS(=O)(=O)c5ccc(N[C@H](CCN(C)C)CSc6ccccc6)c([N+](=O)[O-])c5)cc4)CC3)c2)c(-c2ccc(Cl)cc2)n1C(C)C,936.6009999999999,10.623119999999993,3.0,10.0
CHEMBL2170851,active,8.113509274827518,Cc1c(C(=O)O)c(-c2cccc(N3CCN(c4ccc(NS(=O)(=O)c5ccc(N[C@H](CCN6CC(O)C6)CSc6ccccc6)c(S(=O)(=O)C(F)(F)F)c5)cc4)CC3)c2)c(-c2ccc(Cl)cc2)n1C,1023.622,9.079420000000004,4.0,11.0
CHEMBL2170836,active,7.730487055782084,Cc1c(C(=O)O)c(-c2cccc(N3CCN(c4ccc(NS(=O)(=O)c5ccc(N[C@H](CCN6CCC(C)(O)CC6)CSc6ccccc6)c(S(=O)(=O)C(F)(F)F)c5)cc4)CC3)c2)c(-c2ccc(Cl)cc2)n1C,1065.703,10.249719999999996,4.0,11.0
CHEMBL2170835,active,7.991399828238082,Cc1c(C(=O)O)c(-c2cccc(N3CCN(c4ccc(NS(=O)(=O)c5ccc(N[C@H](CCN6CCC(O)CC6)CSc6ccccc6)c(S(=O)(=O)C(F)(F)F)c5)cc4)CC3)c2)c(-c2ccc(Cl)cc2)n1C,1051.676,9.859619999999998,4.0,11.0
CHEMBL2170838,active,8.397940008672037,Cc1c(C(=O)O)c(-c2cccc(N3CCN(c4ccc(NS(=O)(=O)c5ccc(N[C@H](CCN6CCC(O)CC6)CSc6ccccc6)c(S(=O)(=O)C(F)(F)F)c5)cc4)CC3)c2)c(-c2ccc(Cl)cc2)n1C(C)C,1079.7299999999998,10.903519999999991,4.0,11.0
CHEMBL2170848,active,8.1249387366083,Cc1c(C(=O)O)c(-c2cccc(N3CCN(c4ccc(NS(=O)(=O)c5ccc(N[C@H](CCN6CCC6)CSc6ccccc6)c(S(=O)(=O)C(F)(F)F)c5)cc4)CC3)c2)c(-c2ccc(Cl)cc2)n1C,1007.623,10.108619999999995,3.0,10.0
CHEMBL2170849,active,8.080921907623926,Cc1c(C(=O)O)c(-c2cccc(N3CCN(c4ccc(NS(=O)(=O)c5ccc(N[C@H](CCN6CCCC6)CSc6ccccc6)c(S(=O)(=O)C(F)(F)F)c5)cc4)CC3)c2)c(-c2ccc(Cl)cc2)n1C,1021.65,10.498719999999993,3.0,10.0
CHEMBL2170850,active,7.806875401645538,Cc1c(C(=O)O)c(-c2cccc(N3CCN(c4ccc(NS(=O)(=O)c5ccc(N[C@H](CCN6CCCCC6)CSc6ccccc6)c(S(=O)(=O)C(F)(F)F)c5)cc4)CC3)c2)c(-c2ccc(Cl)cc2)n1C,1035.677,10.888819999999992,3.0,10.0
CHEMBL2170847,active,7.2580609222708015,Cc1c(C(=O)O)c(-c2cccc(N3CCN(c4ccc(NS(=O)(=O)c5ccc(N[C@H](CCN6CCOCC6)CSc6ccccc6)c(S(=O)(=O)C(F)(F)F)c5)cc4)CC3)c2)c(-c2ccc(Cl)cc2)n1C,1037.649,9.735119999999998,3.0,11.0
CHEMBL2325768,active,6.567030709125595,Cc1c(C(F)(F)F)c(-c2cccc(N3CCN(c4ccc(NS(=O)(=O)c5ccc(N[C@H](CCN(C)C)CSc6ccccc6)c([N+](=O)[O-])c5)cc4)CC3)c2)c(-c2ccc(Cl)cc2)n1C,932.5349999999999,10.899819999999991,2.0,9.0
CHEMBL2326040,active,7.721246399047171,Cc1c(C(N)=O)c(-c2cccc(N3CCN(c4ccc(NS(=O)(=O)c5ccc(N[C@H](CCN(C)C)CSc6ccccc6)c([N+](=O)[O-])c5)cc4)CC3)c2)c(-c2ccc(Cl)cc2)n1C,907.5629999999999,8.979920000000003,3.0,10.0
CHEMBL5931418,active,7.301029995663981,Cc1c(CN(C(=O)c2cc(-c3cc4c(cc3C(=O)N3Cc5ccccc5C[C@H]3CN3CCOCC3)OCO4)n3c2CCCC3)c2ccc(O)cc2)cccc1NO,769.8990000000001,6.7815200000000075,3.0,9.0
CHEMBL2325767,active,6.585026652029182,Cc1c(Cl)c(-c2cccc(N3CCN(c4ccc(NS(=O)(=O)c5ccc(N[C@H](CCN(C)C)CSc6ccccc6)c([N+](=O)[O-])c5)cc4)CC3)c2)c(-c2ccc(Cl)cc2)n1C,898.9829999999998,10.534419999999992,2.0,9.0
CHEMBL3986056,active,7.096910013008056,Cc1c(Cl)c(C(=O)N(CCC(F)(F)F)CCC(F)(F)F)nn1-c1ccc(C(=O)NS(=O)(=O)c2ccc3ccccc3c2)cc1C(=O)N1CCc2ccccc2C1,820.2119999999996,7.651520000000008,1.0,6.0
CHEMBL503454,active,7.522878745280337,Cc1c(Cl)c(C(=O)N(c2ccccc2)c2ccccc2)nn1-c1ccccc1C(=O)N1Cc2ccccc2C[C@H]1CN,576.1,6.338420000000007,1.0,4.0
CHEMBL460173,active,6.576754126063192,Cc1c(Cl)c(C(=O)N(c2ccccc2)c2ccccc2)nn1-c1ccccc1C(=O)N1Cc2ccccc2C[C@H]1CO,577.0840000000002,6.372020000000008,1.0,4.0
CHEMBL3918064,active,7.301029995663981,Cc1c(Cl)c(C(=O)NCc2ccc(-c3ccc(CC(=O)O)cc3)cc2)nn1-c1ccc(C(=O)NS(=O)(=O)c2ccc3c(c2)CCN3Cc2ccc(Cl)c(Cl)c2)cc1C(=O)N1CCc2ccccc2C1,1002.3769999999994,9.24492,3.0,8.0
CHEMBL5874610,active,7.214670164989233,Cc1c(Cl)cccc1C1CCCN1C1CC=C(c2ccc(C(=O)NS(=O)(=O)c3ccc(NCC4CCOCC4)c([N+](=O)[O-])c3)c(Oc3cnc4[nH]ccc4c3)c2)CC1,825.3879999999997,8.955420000000002,3.0,10.0
CHEMBL5910758,active,7.5376020021010435,Cc1c(F)cccc1C1CCCN1C1CC=C(c2ccc(C(=O)NS(=O)(=O)c3ccc(NCC4CCOCC4)c([N+](=O)[O-])c3)c(Oc3cnc4[nH]ccc4c3)c2)CC1,808.9329999999998,8.441120000000005,3.0,10.0
CHEMBL3704798,active,8.187086643357144,Cc1c(N(C(=O)c2cc(-c3cc(Cl)ccc3C(=O)N3Cc4ccccc4CC3C(F)(F)F)n(C)c2C)c2ccc(O)cc2)cc(C#N)n1C,686.134,7.986020000000008,1.0,4.0
CHEMBL3701405,active,8.508638306165727,Cc1c(N(C(=O)c2cc(-c3cc(Cl)ccc3C(=O)N3Cc4ccccc4C[C@H]3CCCN3CCOCC3)n(C)c2C)c2ccc(O)cc2)cc(C#N)n1C,745.3240000000001,7.53612000000001,1.0,6.0
CHEMBL3704804,active,8.508638306165727,Cc1c(N(C(=O)c2cc(-c3cc(Cl)ccc3C(=O)N3Cc4ccccc4C[C@H]3CCCN3CCOCC3)n(C)c2C)c2ccccc2)cc(C#N)n1C,729.325,7.830520000000011,0.0,5.0
CHEMBL3701407,active,8.42021640338319,Cc1c(N(C(=O)c2cc(-c3cc(Cl)ccc3C(=O)N3Cc4ccccc4C[C@H]3CN3CCOCC3)n(C)c2)c2ccc(O)cc2)cc(C#N)n1C,703.2430000000003,6.44750000000001,1.0,6.0
CHEMBL3701382,active,8.667561540084394,Cc1c(N(C(=O)c2cc(-c3cc(Cl)ccc3C(=O)N3Cc4ccccc4C[C@H]3CN3CCOCC3)n(C)c2C)c2ccc(O)cc2)cc(C#N)n1C,717.2700000000002,6.7559200000000095,1.0,6.0
CHEMBL3704801,active,7.978810700930062,Cc1c(N(C(=O)c2cc(-c3cc(Cl)ccc3C(=O)N3Cc4ccccc4C[C@H]3CN3CCOCC3)n(C)c2C)c2ccc(O)cc2)cn(C)c1C#N,717.2700000000002,6.7559200000000095,1.0,6.0
CHEMBL3704781,active,8.468521082957745,Cc1c(N(C(=O)c2cc(-c3cc(Cl)ccc3C(=O)N3Cc4ccccc4C[C@H]3CN3CCOCC3)n(C)c2C)c2ccc(O)cc2)cnn1C,693.2480000000003,6.279240000000009,1.0,6.0
CHEMBL3704790,active,8.455931955649724,Cc1c(N(C(=O)c2cc(-c3cc(Cl)ccc3C(=O)N3Cc4ccccc4C[C@H]3CN3CCOCC3)n(C)c2C)c2ccccc2)cc(C#N)n1C,701.2710000000002,7.050320000000009,0.0,5.0
CHEMBL3701411,active,8.602059991327963,Cc1c(N(C(=O)c2cc(-c3cc(F)ccc3C(=O)N3Cc4ccccc4C[C@H]3CN3CCOCC3)n(C)c2C)c2ccc(O)cc2)cc(C#N)n1C,700.8150000000002,6.241620000000007,1.0,6.0
CHEMBL3704797,active,8.161150909262744,Cc1c(N(C(=O)c2cc(-c3cc(F)ccc3C(=O)N3Cc4ccccc4C[C@H]3CN3CCOCC3)n(C)c2C)c2ccc(O)cc2)cnn1C,676.7930000000002,5.764940000000006,1.0,6.0
CHEMBL3701406,active,8.508638306165727,Cc1c(N(C(=O)c2cc(-c3cc4c(cc3C(=O)N3Cc5ccccc5C[C@H]3CN3CCOCC3)OCCO4)n(C)c2C)c2ccc(O)cc2)cc(C#N)n1C,740.8610000000001,5.873720000000008,1.0,8.0
CHEMBL3704777,active,8.455931955649724,Cc1c(N(C(=O)c2cc(-c3ccc(F)cc3C(=O)N3Cc4ccccc4C[C@H]3CN3CCOCC3)n(C)c2C)c2ccc(O)cc2)cc(C#N)n1C,700.8150000000002,6.241620000000007,1.0,6.0
CHEMBL3701399,active,8.3767507096021,Cc1c(N(C(=O)c2cc(-c3ccccc3C(=O)N3Cc4ccccc4C[C@H]3CN3CCOCC3)n(C)c2C)c2ccc(O)cc2)cc(C#N)n1C,682.8250000000003,6.102520000000006,1.0,6.0
CHEMBL5842007,inactive,4.698970004336019,Cc1c2c(nn1C)COC/C=C\Cn1c(C(=O)O)c(CCCOc3cccc4ccccc34)c3ccc(F)c-2c31,539.6070000000003,6.438720000000006,1.0,4.0
CHEMBL5919933,inactive,4.698970004336019,Cc1c2c(nn1C)COCCCCn1c(C(=O)O)c(CCCOc3ccc(F)c4ccccc34)c3ccc(F)c-2c31,559.6130000000003,6.801820000000006,1.0,4.0
CHEMBL6013614,inactive,4.698970004336019,Cc1c2c(nn1C)COCCCCn1c(C(=O)O)c(CCCOc3cccc4c3CCC4)c3ccc(F)c-2c31,531.6280000000004,5.998220000000007,1.0,4.0
CHEMBL5783977,inactive,4.698970004336019,Cc1c2c(nn1C)COCCCCn1c(C(=O)O)c(CCCOc3cccc4c3CCCC4)c3ccc(F)c-2c31,545.6550000000004,6.388320000000007,1.0,4.0
CHEMBL5907640,inactive,4.698970004336019,Cc1c2c(nn1C)COCCCCn1c(C(=O)O)c(CCCOc3cccc4cc(F)ccc34)c3ccc(F)c-2c31,559.6130000000003,6.801820000000006,1.0,4.0
CHEMBL6010648,inactive,4.698970004336019,Cc1c2c(nn1C)COCCCCn1c(C(=O)O)c(CCCOc3cccc4ccccc34)c3ccc(F)c-2c31,541.6230000000003,6.662720000000006,1.0,4.0
CHEMBL4297482,inactive,4.999565922520682,Cc1c2c(nn1C)CSCc1cc(n(C)n1)CSc1cc(c3ccccc3c1)OCCCc1c(C(=O)O)n(C)c3c-2c(Cl)ccc13,672.2760000000002,8.176220000000006,1.0,6.0
CHEMBL5879235,inactive,4.698970004336019,Cc1c2c(nn1C)C[N+](C)(C)CCCCn1c(C(=O)O)c(CCCOc3cccc4ccccc34)c3ccc(F)c-2c31,569.7010000000002,6.722520000000007,1.0,3.0
CHEMBL2159738,active,7.00436480540245,Cc1cc(-c2cccc(N3CCN(c4ccc(NS(=O)(=O)c5ccc(N[C@H](CCN(C)C)CSc6ccccc6)c([N+](=O)[O-])c5)cc4)CC3)c2)c(-c2ccc(Cl)cc2)n1C,864.538,9.881019999999996,2.0,9.0
CHEMBL469305,inactive,4.97061622231479,Cc1cc(C(=O)N(C)c2ccc(F)cc2)nn1-c1ccccc1C(=O)N1CCc2ccccc2C1,468.5320000000003,4.794920000000004,0.0,3.0
CHEMBL5792411,active,8.1249387366083,Cc1cc(C(=O)N(c2ccc(O)cc2)c2ccc(Cl)cc2)cn1-c1cc(Br)ccc1C(=O)N1Cc2ccccc2C[C@H]1CN1CCN(C)CC1,753.1409999999995,7.7002200000000105,1.0,5.0
CHEMBL5792914,active,8.292429823902063,Cc1cc(C(=O)N(c2ccc(O)cc2)c2ccc(Cl)cc2)cn1-c1cc(Cl)ccc1C(=O)N1Cc2ccccc2C[C@H]1CN1CCN(C)CC1,708.6899999999997,7.591120000000011,1.0,5.0
CHEMBL5767663,active,8.431798275933005,Cc1cc(C(=O)N(c2ccc(O)cc2)c2ccc(Cl)cc2)cn1-c1cc2c(cc1C(=O)N1Cc3ccccc3C[C@H]1CN1CCN(C)CC1)OCO2,718.2539999999997,6.666420000000011,1.0,7.0
CHEMBL5855276,active,8.130768280269024,Cc1cc(C(=O)N(c2ccc(O)cc2)c2ccc(F)cc2)cn1-c1cc(Br)ccc1C(=O)N1Cc2ccccc2C[C@H]1CN1CCN(C)CC1,736.6859999999996,7.18592000000001,1.0,5.0
CHEMBL5931438,active,8.18045606445813,Cc1cc(C(=O)N(c2ccc(O)cc2)c2ccc(F)cc2)cn1-c1cc(Cl)ccc1C(=O)N1Cc2ccccc2C[C@H]1CN1CCN(C)CC1,692.2349999999997,7.07682000000001,1.0,5.0
CHEMBL5813720,active,8.173925197299173,Cc1cc(C(=O)N(c2ccc(O)cc2)c2ccc(F)cc2)cn1-c1cc2c(cc1C(=O)N1Cc3ccccc3C[C@H]1CN1CCN(C)CC1)OCO2,701.7989999999998,6.152120000000009,1.0,7.0
CHEMBL5908404,active,8.113509274827518,Cc1cc(C(=O)N(c2ccc(O)cc2)c2ccc(O)cc2)cn1-c1cc(Br)ccc1C(=O)N1Cc2ccccc2C[C@H]1CN1CCN(C)CC1,734.6949999999995,6.75242000000001,2.0,6.0
CHEMBL5889255,active,8.229147988357855,Cc1cc(C(=O)N(c2ccc(O)cc2)c2ccc(O)cc2)cn1-c1cc(Cl)ccc1C(=O)N1Cc2ccccc2C[C@H]1CN1CCN(C)CC1,690.2439999999997,6.64332000000001,2.0,6.0
CHEMBL6012410,active,8.431798275933005,Cc1cc(C(=O)N(c2ccc(O)cc2)c2ccc(O)cc2)cn1-c1cc2c(cc1C(=O)N1Cc3ccccc3C[C@H]1CN1CCN(C)CC1)OCO2,699.8079999999997,5.718620000000008,2.0,8.0
CHEMBL5836806,active,7.003926345514724,Cc1cc(C(=O)N(c2ccc(O)cc2)c2ccc3[nH]ccc3c2)cn1-c1cc(Br)ccc1C(=O)N1Cc2ccccc2C[C@H]1C(=O)N1CCN(C)CC1,771.7159999999996,7.05472000000001,2.0,5.0
CHEMBL5964702,active,7.068033885271827,Cc1cc(C(=O)N(c2ccc(O)cc2)c2ccc3[nH]ccc3c2)cn1-c1cc(Br)ccc1C(=O)N1Cc2ccccc2C[C@H]1CN1CCC(F)(F)CC1,778.6979999999996,9.011820000000004,2.0,4.0
CHEMBL5900815,active,7.72584215073632,Cc1cc(C(=O)N(c2ccc(O)cc2)c2ccc3[nH]ccc3c2)cn1-c1cc(Br)ccc1C(=O)N1Cc2ccccc2C[C@H]1CN1CCCC1,728.6909999999996,8.376520000000006,2.0,4.0
CHEMBL5954869,active,8.075720713938118,Cc1cc(C(=O)N(c2ccc(O)cc2)c2ccc3[nH]ccc3c2)cn1-c1cc(Br)ccc1C(=O)N1Cc2ccccc2C[C@H]1CN1CCN(C)CC1,757.7329999999995,7.52812000000001,2.0,5.0
CHEMBL5897415,active,8.075720713938118,Cc1cc(C(=O)N(c2ccc(O)cc2)c2ccc3[nH]ccc3c2)cn1-c1cc(Br)ccc1C(=O)N1Cc2ccccc2C[C@H]1CN1CCN(C2CCC2)CC1,797.7979999999993,8.450820000000007,2.0,5.0
CHEMBL5841406,active,8.167491087293763,Cc1cc(C(=O)N(c2ccc(O)cc2)c2ccc3[nH]ccc3c2)cn1-c1cc(Br)ccc1C(=O)N1Cc2ccccc2C[C@H]1CN1CCN(C2CCCC2)CC1,811.8249999999992,8.840920000000006,2.0,5.0
CHEMBL5811940,active,8.017728766960431,Cc1cc(C(=O)N(c2ccc(O)cc2)c2ccc3[nH]ccc3c2)cn1-c1cc(Cl)cc(Cl)c1C(=O)N1Cc2ccccc2C[C@H]1CN1CCN(C)CC1,747.7269999999995,8.07242000000001,2.0,5.0
CHEMBL6029737,active,8.267606240177031,Cc1cc(C(=O)N(c2ccc(O)cc2)c2ccc3[nH]ccc3c2)cn1-c1cc(Cl)ccc1C(=O)N1Cc2ccccc2C[C@H]1CN1CCN(C)CC1,713.2819999999997,7.41902000000001,2.0,5.0
CHEMBL5990681,active,8.356547323513812,Cc1cc(C(=O)N(c2ccc(O)cc2)c2ccc3[nH]ccc3c2)cn1-c1cc2c(cc1C(=O)N1Cc3ccccc3C[C@H]1CN1CCN(C)CC1)OCO2,722.8459999999998,6.494320000000009,2.0,7.0
CHEMBL5763414,active,7.583359492661719,Cc1cc(C(=O)N(c2ccc(O)cc2)c2ccc3[nH]ccc3c2)cn1-c1ccccc1C(=O)N1Cc2ccccc2C[C@H]1CN(C)C,623.7570000000001,7.079820000000009,2.0,4.0
CHEMBL5864999,active,7.7594507517174005,Cc1cc(C(=O)N(c2ccc(O)cc2)c2ccc3c(c2)CCN3)cn1-c1cc2c(cc1C(=O)N1Cc3ccccc3C[C@H]1CN1CCN(C)CC1)OCO2,724.8619999999997,5.981020000000007,2.0,8.0
CHEMBL6015715,active,8.09151498112135,Cc1cc(C(=O)N(c2ccc(O)cc2)c2ccc3c(c2)CCN3)cn1-c1cc2c(cc1C(=O)N1Cc3ccccc3C[C@H]1CN1CCOCC1)CCC2,707.8749999999997,6.825820000000009,2.0,6.0
CHEMBL6060497,active,7.838631997765025,Cc1cc(C(=O)N(c2ccc(O)cc2)c2ccc3c(c2)CCN3C)cn1-c1cc2c(cc1C(=O)N1Cc3ccccc3C[C@H]1C)OCO2,640.7400000000002,6.777820000000008,1.0,6.0
CHEMBL6035212,active,7.6252516539898965,Cc1cc(C(=O)N(c2ccc(O)cc2)c2ccc3c(c2)CN(C)C3)cn1-c1cc2c(cc1C(=O)N1Cc3ccccc3C[C@H]1C)OCO2,640.7400000000002,6.730920000000007,1.0,6.0
CHEMBL6021221,active,8.537602002101044,Cc1cc(C(=O)N(c2ccc(O)cc2)c2ccc3c(ccn3C)c2)cn1-c1cc(Br)ccc1C(=O)N1Cc2ccccc2C[C@H]1CN1CCN(C)CC1,771.7599999999994,7.538520000000011,1.0,5.0
CHEMBL6033384,active,8.309803919971486,Cc1cc(C(=O)N(c2ccc(O)cc2)c2ccc3c(ccn3C)c2)cn1-c1cc(Cl)c(F)cc1C(=O)N1Cc2ccccc2C[C@H]1CN1CCN(C)CC1,745.2989999999995,7.568520000000012,1.0,5.0
CHEMBL5914561,active,8.193820026016112,Cc1cc(C(=O)N(c2ccc(O)cc2)c2ccc3c(ccn3C)c2)cn1-c1cc(Cl)ccc1C(=O)N1Cc2ccccc2C[C@H]1CN(C)C,672.229,7.74362000000001,1.0,4.0
CHEMBL5899243,active,8.3767507096021,Cc1cc(C(=O)N(c2ccc(O)cc2)c2ccc3c(ccn3C)c2)cn1-c1cc(Cl)ccc1C(=O)N1Cc2ccccc2C[C@H]1CN1CCN(C)CC1,727.3089999999997,7.429420000000011,1.0,5.0
CHEMBL5939034,active,8.102372908709558,Cc1cc(C(=O)N(c2ccc(O)cc2)c2ccc3c(ccn3C)c2)cn1-c1cc2c(cc1C(=O)N1Cc3ccccc3C[C@H]1CN(C)C)OCO2,681.793,6.818920000000009,1.0,6.0
CHEMBL5821166,active,7.866461091629782,Cc1cc(C(=O)N(c2ccc(O)cc2)c2ccc3c(ccn3C)c2)cn1-c1cc2c(cc1C(=O)N1Cc3ccccc3C[C@H]1CN1CCCC1)OCO2,707.8309999999998,7.353120000000009,1.0,6.0
CHEMBL5994527,active,8.443697499232712,Cc1cc(C(=O)N(c2ccc(O)cc2)c2ccc3c(ccn3C)c2)cn1-c1cc2c(cc1C(=O)N1Cc3ccccc3C[C@H]1CN1CCN(C)CC1)OCO2,736.8729999999997,6.50472000000001,1.0,7.0
CHEMBL5966539,active,8.119186407719209,Cc1cc(C(=O)N(c2ccc(O)cc2)c2ccc3c(ccn3C)c2)cn1-c1cc2c(cc1C(=O)N1Cc3ccccc3C[C@H]1CN1CCOCC1)CCC2,719.8859999999996,7.349520000000011,1.0,5.0
CHEMBL6013088,active,8.229147988357855,Cc1cc(C(=O)N(c2ccc(O)cc2)c2ccc3c(ccn3C)c2)cn1-c1cc2c(cc1C(=O)N1Cc3ccccc3C[C@H]1CN1CCOCC1)CCO2,721.8579999999997,6.79572000000001,1.0,6.0
CHEMBL5907541,active,8.356547323513812,Cc1cc(C(=O)N(c2ccc(O)cc2)c2ccc3c(ccn3C)c2)cn1-c1cc2c(cc1C(=O)N1Cc3ccccc3C[C@H]1CN1CCOCC1)OCO2,723.8299999999998,6.58952000000001,1.0,7.0
CHEMBL5739898,active,7.546681659952962,Cc1cc(C(=O)N(c2ccc(O)cc2)c2ccc3c(ccn3C)c2)cn1-c1cc2occc2cc1C(=O)N1Cc2ccccc2C[C@H]1CN1CCOCC1,719.8419999999998,7.60702000000001,1.0,6.0
CHEMBL5901675,active,7.91721462968355,Cc1cc(C(=O)N(c2ccc(O)cc2)c2ccc3c(ccn3CCN3CCOCC3)c2)cn1-c1cc2c(cc1C(=O)N1Cc3ccccc3C[C@H]1C)OCO2,737.8570000000001,7.072420000000009,1.0,7.0
CHEMBL6036904,active,7.928117992693875,Cc1cc(C(=O)N(c2ccc(O)cc2)c2cccc(N3CCN(C)CC3)c2)cn1-c1cc2c(cc1C(=O)N1Cc3ccccc3C[C@H]1C)OCO2,683.8090000000002,6.537320000000008,1.0,7.0
CHEMBL6029111,active,7.688246138944246,Cc1cc(C(=O)N(c2ccccc2)c2ccc(O)c(Cl)c2)cn1-c1cc(Cl)ccc1C(=O)N1Cc2ccccc2C[C@H]1CN1CCN(C)CC1,708.6899999999997,7.591120000000012,1.0,5.0
CHEMBL5966587,active,7.528708288941061,Cc1cc(C(=O)N(c2ccccc2)c2ccc(O)cc2)cn1-c1cc(Br)c(Br)cc1C(=O)N1Cc2ccccc2C[C@H]1CN1CCN(C)CC1,797.5919999999994,7.809320000000012,1.0,5.0
CHEMBL5918227,active,7.97061622231479,Cc1cc(C(=O)N(c2ccccc2)c2ccc(O)cc2)cn1-c1cc(Br)ccc1C(=O)N1Cc2ccccc2C[C@H]1CN1CCN(C)CC1,718.6959999999997,7.04682000000001,1.0,5.0
CHEMBL5991444,active,7.636388020107856,Cc1cc(C(=O)N(c2ccccc2)c2ccc(O)cc2)cn1-c1cc(Br)ccc1C(=O)N1Cc2ccccc2C[C@H]1CN1CCOCC1,705.6529999999998,7.13162000000001,1.0,5.0
CHEMBL5977962,active,6.623423042943488,Cc1cc(C(=O)N(c2ccccc2)c2ccc(O)cc2)cn1-c1cc(Br)ccc1C(=O)N1Cc2ccccc2C[C@H]1CN1C[C@H]2CCC[C@H]2C1,729.7189999999997,8.531320000000006,1.0,4.0
CHEMBL5965013,active,6.920818753952375,Cc1cc(C(=O)N(c2ccccc2)c2ccc(O)cc2)cn1-c1cc(C(F)(F)F)ccc1C(=O)N1Cc2ccccc2C[C@H]1CN(C)C,652.717,7.61732000000001,1.0,4.0
CHEMBL5985247,active,8.096910013008056,Cc1cc(C(=O)N(c2ccccc2)c2ccc(O)cc2)cn1-c1cc(Cl)c(F)cc1C(=O)N1Cc2ccccc2C[C@H]1CN1CCN(C)CC1,692.2349999999997,7.07682000000001,1.0,5.0
CHEMBL6057025,active,7.790484985457369,Cc1cc(C(=O)N(c2ccccc2)c2ccc(O)cc2)cn1-c1cc(Cl)ccc1C(=O)N1Cc2ccccc2C[C@H]1CN(C)C,619.165,7.25192000000001,1.0,4.0
CHEMBL6054106,active,8.1249387366083,Cc1cc(C(=O)N(c2ccccc2)c2ccc(O)cc2)cn1-c1cc(Cl)ccc1C(=O)N1Cc2ccccc2C[C@H]1CN1CCN(C)CC1,674.2449999999997,6.93772000000001,1.0,5.0
CHEMBL6033601,active,7.129011186239425,Cc1cc(C(=O)N(c2ccccc2)c2ccc(O)cc2)cn1-c1cc(F)c(F)cc1C(=O)N1Cc2ccccc2C[C@H]1CN1CCN(C)CC1,675.7799999999997,6.56252000000001,1.0,5.0
CHEMBL5781944,active,7.605548319173784,Cc1cc(C(=O)N(c2ccccc2)c2ccc(O)cc2)cn1-c1cc(F)ccc1C(=O)N1Cc2ccccc2C[C@H]1CN(C)C,602.71,6.737620000000008,1.0,4.0
CHEMBL5896937,active,7.609064892896621,Cc1cc(C(=O)N(c2ccccc2)c2ccc(O)cc2)cn1-c1cc(F)ccc1C(=O)N1Cc2ccccc2C[C@H]1CN1CCN(C)CC1,657.7899999999997,6.423420000000009,1.0,5.0
CHEMBL5865515,active,7.943095148663527,Cc1cc(C(=O)N(c2ccccc2)c2ccc(O)cc2)cn1-c1cc(O)ccc1C(=O)N1Cc2ccccc2C[C@H]1CN1CCN(C)CC1,655.7989999999998,5.989920000000009,2.0,6.0
CHEMBL5991810,active,7.655607726314889,Cc1cc(C(=O)N(c2ccccc2)c2ccc(O)cc2)cn1-c1cc(O)ccc1C(=O)N1Cc2ccccc2C[C@H]1CN1CCOCC1,642.7559999999999,6.074720000000008,2.0,6.0
CHEMBL5898529,active,7.806875401645538,Cc1cc(C(=O)N(c2ccccc2)c2ccc(O)cc2)cn1-c1cc2c(cc1C(=O)N1Cc3ccccc3C[C@H]1CN1CCN(C)CC1)OCO2,683.8089999999999,6.013020000000009,1.0,7.0
CHEMBL5954156,active,7.356547323513812,Cc1cc(C(=O)N(c2ccccc2)c2ccc(O)cc2)cn1-c1cc2c(cc1C(=O)N1Cc3ccccc3C[C@H]1CN1CCOCC1)CCC2,666.8219999999998,6.85782000000001,1.0,5.0
CHEMBL5767875,active,7.449771646944906,Cc1cc(C(=O)N(c2ccccc2)c2ccc(O)cc2)cn1-c1cc2c(cc1C(=O)N1Cc3ccccc3C[C@H]1CN1CCOCC1)OCO2,670.766,6.097820000000009,1.0,7.0
CHEMBL5953508,active,7.350665141287858,Cc1cc(C(=O)N(c2ccccc2)c2ccc(O)cc2)cn1-c1ccc(Br)cc1C(=O)N1Cc2ccccc2C[C@H]1CN1CCN(C)CC1,718.6959999999997,7.04682000000001,1.0,5.0
CHEMBL5983669,active,7.057495893831919,Cc1cc(C(=O)N(c2ccccc2)c2ccc(O)cc2)cn1-c1ccc(Cl)cc1C(=O)N1Cc2ccccc2C[C@H]1CN1CCN(C)CC1,674.2449999999997,6.93772000000001,1.0,5.0
CHEMBL6016116,active,6.610833915635467,Cc1cc(C(=O)N(c2ccccc2)c2ccc(O)cc2)cn1-c1ccc(OC(F)(F)F)cc1C(=O)N1Cc2ccccc2C[C@H]1CN1CCN(C)CC1,723.7959999999997,7.182920000000011,1.0,6.0
CHEMBL6019016,active,7.350665141287858,Cc1cc(C(=O)N(c2ccccc2)c2ccc(O)cc2)cn1-c1cccc(Cl)c1C(=O)N1Cc2ccccc2C[C@H]1CN(C)C,619.165,7.25192000000001,1.0,4.0
CHEMBL5960474,active,6.835647144215563,Cc1cc(C(=O)N(c2ccccc2)c2ccc3[nH]ccc3c2)cn1-c1ccccc1C(=O)N1Cc2ccccc2C[C@H]1CN(C)C,607.758,7.37422000000001,1.0,3.0
CHEMBL6008213,active,7.296708621881338,Cc1cc(C(=O)N(c2ccccc2)c2ccccc2)cn1-c1cc(O)ccc1C(=O)N1Cc2ccccc2C[C@H]1CN,556.6660000000002,5.995620000000007,2.0,4.0
CHEMBL5763892,active,6.671620396561262,Cc1cc(C(=O)N(c2ccccc2)c2ccccc2)cn1-c1ccccc1C(=O)N1Cc2ccccc2C[C@H]1CN,540.6670000000001,6.290020000000008,1.0,3.0
CHEMBL517577,active,6.096910013008056,Cc1cc(C(=O)N(c2ccccc2)c2ccccc2)nn1-c1ccccc1C(=O)N1CCc2ccccc2C1,512.6130000000003,6.357720000000008,0.0,3.0
CHEMBL514298,active,6.958607314841775,Cc1cc(C(=O)N(c2ccccc2)c2ccccc2)nn1-c1ccccc1C(=O)N1Cc2ccccc2C[C@H]1C,526.6400000000003,6.746220000000008,0.0,3.0
CHEMBL453380,active,6.958607314841775,Cc1cc(C(=O)N(c2ccccc2)c2ccccc2)nn1-c1ccccc1C(=O)N1Cc2ccccc2C[C@H]1CN,541.6550000000002,5.685020000000007,1.0,4.0
CHEMBL500574,active,6.823908740944319,Cc1cc(C(=O)N(c2ccccc2)c2ccccc2)nn1-c1ccccc1C(=O)N1Cc2ccccc2C[C@H]1CN(C)C,569.7090000000002,6.2879200000000095,0.0,4.0
CHEMBL444140,active,6.721246399047171,Cc1cc(C(=O)N(c2ccccc2)c2ccccc2)nn1-c1ccccc1C(=O)N1Cc2ccccc2C[C@H]1CO,542.6390000000004,5.7186200000000085,1.0,4.0
CHEMBL464440,inactive,4.301029995663981,Cc1cc(C(=O)Nc2ccccc2)nn1-c1ccccc1C(=O)N1CCc2ccccc2C1,436.5150000000003,4.631520000000003,1.0,3.0
CHEMBL5983229,active,8.1249387366083,Cc1cc(C(F)(F)F)ccc1CN(C(=O)c1cc(-c2cc3c(cc2C(=O)N2Cc4ccccc4C[C@H]2CN2CCOCC2)OCO3)n2c1CCCC2)c1ccc(O)cc1,806.8819999999997,7.99922000000001,1.0,7.0
CHEMBL554545,active,6.154901959985743,Cc1cc(C)c(CNC(=O)c2c(O)c(O)cc3c(O)c(-c4c(C)cc5c(C(=O)NCc6c(C)cc(C)cc6C)c(O)c(O)cc5c4O)c(C)cc23)c(C)c1,728.8420000000003,8.22096000000001,8.0,8.0
CHEMBL3704805,active,7.876148359032914,Cc1cc(N(C(=O)c2cc(-c3cc(Cl)ccc3C(=O)N3Cc4ccccc4C[C@H]3CN3CCOCC3)n(C)c2C)c2ccc(O)cc2)no1,680.2050000000003,6.53374000000001,1.0,7.0
CHEMBL5596340,inactive,4.0,Cc1cc(OCCCc2c(C(=O)O)n(CCN3CCOCC3)c3c(-c4ccccc4Cn4cc(CCN(CCN5CCOCC5)S(=O)(=O)c5ccc(F)cc5)c5ccccc54)cccc23)cc(C)c1Cl,990.6389999999999,9.328240000000003,1.0,8.0
CHEMBL5598470,inactive,4.0,Cc1cc(OCCCc2c(C(=O)O)n(CCN3CCOCC3)c3c(-c4ccccc4Cn4cc(CCNC(=O)c5ccc(Cl)cc5)c5ccccc54)cccc23)cc(C)c1Cl,857.8790000000001,10.249439999999996,2.0,5.0
CHEMBL5598253,inactive,4.0,Cc1cc(OCCCc2c(C(=O)O)n(CCN3CCOCC3)c3c(-c4ccccc4Cn4cc(CCNC(=O)c5ccc(F)cc5)c5ccccc54)cccc23)cc(C)c1Cl,841.4240000000002,9.735139999999998,2.0,5.0
CHEMBL5597184,inactive,4.0,Cc1cc(OCCCc2c(C(=O)O)n(CCN3CCOCC3)c3c(-c4ccccc4Cn4cc(CCNC(=O)c5ccc(OC(F)(F)F)cc5)c5ccccc54)cccc23)cc(C)c1Cl,907.4300000000003,10.494639999999995,2.0,6.0
CHEMBL5740999,inactive,4.698970004336019,Cc1cc(OCCCc2c(C(=O)O)n3c4c(c(F)ccc24)-c2c(C)nn(C)c2COCCCC3)cc(C)c1Cl,554.0620000000004,6.779760000000007,1.0,4.0
CHEMBL5891217,inactive,4.698970004336019,Cc1cc(OCCCc2c(C(=O)O)n3c4c(c(F)ccc24)-c2c(nn(C)c2C)COCCCC3)cc(C)c1Cl,554.0620000000004,6.779760000000007,1.0,4.0
CHEMBL539481,active,6.309803919971486,Cc1cc2c(C(=O)NC(C)c3ccc(Cl)cc3)c(O)c(O)cc2c(O)c1-c1c(C)cc2c(C(=O)NC(C)c3ccc(Cl)cc3)c(O)c(O)cc2c1O,741.6240000000003,8.799239999999996,8.0,8.0
CHEMBL541427,active,6.154901959985743,Cc1cc2c(C(=O)NC3Cc4ccccc4C3)c(O)c(O)cc2c(O)c1-c1c(C)cc2c(C(=O)NC3Cc4ccccc4C3)c(O)c(O)cc2c1O,696.7560000000003,6.304840000000009,8.0,8.0
CHEMBL538616,active,6.494850021680094,Cc1cc2c(C(=O)NCC(C)c3ccccc3)c(O)c(O)cc2c(O)c1-c1c(C)cc2c(C(=O)NCC(C)c3ccccc3)c(O)c(O)cc2c1O,700.7880000000005,7.577440000000009,8.0,8.0
CHEMBL541004,active,6.1487416512809245,Cc1cc2c(C(=O)NCC3CCCCC3)c(O)c(O)cc2c(O)c1-c1c(C)cc2c(C(=O)NCC3CCCCC3)c(O)c(O)cc2c1O,656.7760000000002,7.13064000000001,8.0,8.0
CHEMBL552287,active,6.823908740944319,Cc1cc2c(C(=O)NCCc3ccccc3)c(O)c(O)cc2c(O)c1-c1c(C)cc2c(C(=O)NCCc3ccccc3)c(O)c(O)cc2c1O,672.7340000000005,6.45544000000001,8.0,8.0
CHEMBL1094366,active,6.366531544420414,Cc1cc2c(C(=O)NC[C@@H](C)c3ccccc3)c(O)c(O)cc2c(O)c1-c1c(C)cc2c(C(=O)NC[C@@H](C)c3ccccc3)c(O)c(O)cc2c1O,700.7880000000005,7.577440000000009,8.0,8.0
CHEMBL1094250,active,6.494850021680094,Cc1cc2c(C(=O)NC[C@H](C)c3ccccc3)c(O)c(O)cc2c(O)c1-c1c(C)cc2c(C(=O)NC[C@H](C)c3ccccc3)c(O)c(O)cc2c1O,700.7880000000005,7.577440000000009,8.0,8.0
CHEMBL51483,active,6.301029995663981,Cc1cc2c(C(C)C)c(O)c(O)c(C=O)c2c(O)c1-c1c(C)cc2c(C(C)C)c(O)c(O)c(C=O)c2c1O,518.5620000000004,6.382240000000009,6.0,8.0
CHEMBL551288,inactive,4.096910013008056,Cc1cc2c(C(C)C)c(O)c(O)cc2c(O)c1-c1c(C)cc2c(C(C)C)c(O)c(O)cc2c1O,462.5420000000002,6.757240000000008,6.0,6.0
CHEMBL552735,active,6.318758762624412,Cc1cc2c(CCc3ccccc3)c(O)c(O)cc2c(O)c1-c1c(C)cc2c(CCc3ccccc3)c(O)c(O)cc2c1O,586.6840000000004,8.080840000000004,6.0,6.0
CHEMBL1962390,active,6.24184537803261,Cc1cc2c(c(O)c1-c1c(C)cc3c(c1O)/C(=C/NCC(=O)O)C(=O)C(O)=C3C(C)C)/C(=C/NCC(=O)O)C(=O)C(O)=C2C(C)C,632.6660000000003,4.427440000000002,8.0,10.0
CHEMBL3951720,active,6.2247537402597635,Cc1cc2c(c(O)c1-c1c(C)cc3c(c1O)/C(=C/NCCCC(=O)O)C(=O)C(O)=C3C(C)C)/C(=C/NCCCC(=O)O)C(=O)C(O)=C2C(C)C,688.7740000000002,5.987840000000003,8.0,10.0
CHEMBL1962393,active,6.33913452199613,Cc1cc2c(c(O)c1-c1c(C)cc3c(c1O)/C(=C/NCCCCC(=O)O)C(=O)C(O)=C3C(C)C)/C(=C/NCCCCC(=O)O)C(=O)C(O)=C2C(C)C,716.8280000000001,6.7680400000000045,8.0,10.0
CHEMBL3931918,active,8.221848749616356,Cc1ccc(C(=O)N2Cc3ccccc3C[C@H]2CN2CCOCC2)c(-c2cc(C(=O)N(c3ccc(O)cc3)c3ccc4c(ccn4C)c3)c3n2CCCC3)c1,733.9129999999999,7.87492000000001,1.0,5.0
CHEMBL5201208,inactive,4.887730231582729,Cc1ccc(C(=O)N2N=C(c3ccc(NS(C)(=O)=O)cc3)CC2c2ccco2)cc1,423.4940000000002,3.9510200000000033,1.0,5.0
CHEMBL5757177,active,7.522878745280337,Cc1ccc(C(F)(F)F)cc1CN(C(=O)c1cc(-c2cc3c(cc2C(=O)N2Cc4ccccc4C[C@H]2CN2CCOCC2)OCO3)n2c1CCCC2)c1ccc(O)cc1,806.8819999999997,7.99922000000001,1.0,7.0
CHEMBL6033879,active,8.193820026016112,Cc1ccc(C2CC2)c(C2CCCN2C2CC=C(c3ccc(C(=O)NS(=O)(=O)c4ccc(NCC5CCOCC5)c([N+](=O)[O-])c4)c(Oc4cnc5[nH]ccc5c4)c3)CC2)c1,831.0079999999997,9.179420000000002,3.0,10.0
CHEMBL6024224,active,6.903089986991944,Cc1ccc(C2CC2)c(C2CCCN2c2ccc(-c3ccc(C(=O)NS(=O)(=O)c4ccc(NCC5CCOCC5)c([N+](=O)[O-])c4)c(Oc4cnc5[nH]ccc5c4)c3)cc2)c1,826.9759999999999,9.41492,3.0,10.0
CHEMBL5808360,active,8.397940008672037,Cc1ccc(CC(=O)N2CCc3cc(-c4cc(C(=O)N(C)c5ccc(O)cc5)c5n4CCCC5)c(C(=O)N4Cc5ccccc5C[C@H]4C)cc3C2)cc1,706.8870000000001,7.496420000000009,1.0,4.0
CHEMBL6052420,active,7.5376020021010435,Cc1ccc(CC(C)C(=O)N2Cc3cc(C(=O)N4Cc5ccccc5C[C@H]4C)c(-c4cc(C(=O)N(C)c5ccc(O)cc5)c5n4CCCC5)cc3C2)cc1,720.914,8.09002000000001,1.0,4.0
CHEMBL5856529,active,8.1249387366083,Cc1ccc(CN(C(=O)c2cc(-c3cc4c(cc3C(=O)N3Cc5ccccc5C[C@H]3CN3CCOCC3)OCO4)n3c2CCCC3)c2ccc(O)cc2)cc1,738.8850000000001,6.980420000000009,1.0,7.0
CHEMBL3917644,active,7.698970004336019,Cc1ccc(N(C(=O)c2cc(-c3cc(Cl)ccc3C(=O)N3Cc4ccccc4C[C@H]3CN3CCOCC3)n3c2CCCC3)c2ccc(O)cc2)cc1Cl,749.739,8.690020000000004,1.0,5.0
CHEMBL3952674,active,7.481486060122112,Cc1ccc(N(C(=O)c2cc(-c3cc(Cl)ccc3C(=O)N3Cc4ccccc4C[C@H]3CN3CCOCC3)n3c2COCC3)c2ccc(O)cc2)cc1F,735.2560000000002,7.36962000000001,1.0,6.0
CHEMBL3977790,active,8.096910013008056,Cc1ccc(N(C(=O)c2cc(-c3cc(F)ccc3C(=O)N3Cc4ccccc4C[C@H]3CN3CCOCC3)n3c2CCCC3)c2ccc(O)cc2)cc1F,716.8290000000002,7.6614200000000094,1.0,5.0
CHEMBL3940211,active,7.920818753952375,Cc1ccc(N(C(=O)c2cc(-c3cc(F)ccc3C(=O)N3Cc4ccccc4C[C@H]3CN3CCOCC3)n3c2COCC3)c2ccc(O)cc2)cc1F,718.8010000000003,6.855320000000009,1.0,6.0
CHEMBL3701300,active,8.356547323513812,Cc1ccc(N(C(=O)c2cc(-c3cc4c(cc3C(=O)N3Cc5ccccc5C[C@H]3CN3CCOCC3)OCO4)n(C)c2C)c2ccc(O)cc2)cc1F,716.8100000000004,6.7601400000000105,1.0,7.0
CHEMBL3983424,active,7.698970004336019,Cc1ccc(N(C(=O)c2cc(-c3cc4c(cc3C(=O)N3Cc5ccccc5C[C@H]3CN3CCOCC3)OCO4)n3c2CCCC3)c2ccc(O)cc2)cc1,724.8580000000002,7.11192000000001,1.0,7.0
CHEMBL3899673,active,7.5934598195660445,Cc1ccc(N(C(=O)c2cc(-c3cc4c(cc3C(=O)N3Cc5ccccc5C[C@H]3CN3CCOCC3)OCO4)n3c2CCCC3)c2ccc(O)cc2)cc1F,742.8480000000002,7.25102000000001,1.0,7.0
CHEMBL3938853,active,8.301029995663981,Cc1ccc(N(C(=O)c2cc(-c3cc4c(cc3C(=O)N3Cc5ccccc5C[C@H]3CN3CCOCC3)OCO4)n3c2COCC3)c2ccc(O)cc2)cc1F,744.8200000000003,6.4449200000000095,1.0,8.0
CHEMBL5834896,active,8.045757490560675,Cc1ccc(N(C(=O)c2cc(C)n(-c3cc(Br)ccc3C(=O)N3Cc4ccccc4C[C@H]3CN3CCN(C)CC3)c2)c2ccc(O)cc2)cc1,732.723,7.355240000000011,1.0,5.0
CHEMBL5863109,active,8.275724130399212,Cc1ccc(N(C(=O)c2cc(C)n(-c3cc(Cl)ccc3C(=O)N3Cc4ccccc4C[C@H]3CN3CCN(C)CC3)c2)c2ccc(O)cc2)cc1,688.2720000000003,7.246140000000009,1.0,5.0
CHEMBL6016149,active,8.4089353929735,Cc1ccc(N(C(=O)c2cc(C)n(-c3cc4c(cc3C(=O)N3Cc5ccccc5C[C@H]3CN3CCN(C)CC3)OCO4)c2)c2ccc(O)cc2)cc1,697.8360000000004,6.321440000000008,1.0,7.0
CHEMBL5861827,active,7.707743928643524,Cc1ccc(N(C(=O)c2cc(C)n(-c3cc4c(cc3C(=O)N3Cc5ccccc5C[C@H]3CN3CCOCC3)OCO4)c2)c2ccc(O)cc2)cc1,684.7930000000005,6.406240000000008,1.0,7.0
CHEMBL5745145,active,7.872895201635193,Cc1ccc(N(C(=O)c2cn(-c3cc(Br)ccc3C(=O)N3Cc4ccccc4C[C@H]3CN3CCN(C)CC3)c3ccccc23)c2ccc(O)cc2)cc1,768.7560000000001,8.20002000000001,1.0,5.0
CHEMBL5939713,active,8.3767507096021,Cc1ccc(N(C(=O)c2cn(-c3cc(Cl)ccc3C(=O)N3Cc4ccccc4C[C@H]3CN3CCN(C)CC3)c3ccccc23)c2ccc(O)cc2)cc1,724.3050000000003,8.09092000000001,1.0,5.0
CHEMBL5950606,inactive,5.0,Cc1ccc(N(C(=O)c2cn(-c3cc4c(cc3C(=O)N3Cc5ccccc5C[C@H]3CN3CCN(C)CC3)OCO4)c3ccccc23)C2CCNCC2)cc1,724.9060000000001,5.880920000000006,1.0,7.0
CHEMBL5880144,active,6.774690718274137,Cc1ccc(N(C(=O)c2cn(-c3cc4c(cc3C(=O)N3Cc5ccccc5C[C@H]3CN3CCN(C)CC3)OCO4)c3ccccc23)c2ccc(O)c(Cl)c2)cc1,768.3140000000003,7.819620000000009,1.0,7.0
CHEMBL5875901,active,8.455931955649724,Cc1ccc(N(C(=O)c2cn(-c3cc4c(cc3C(=O)N3Cc5ccccc5C[C@H]3CN3CCN(C)CC3)OCO4)c3ccccc23)c2ccc(O)cc2)cc1,733.8690000000004,7.166220000000009,1.0,7.0
CHEMBL6038995,active,8.267606240177031,Cc1ccc(N(C(=O)c2cn(-c3cc4c(cc3C(=O)N3Cc5ccccc5C[C@H]3CN3CCN(C)CC3)OCO4)c3ccccc23)c2ccc(O)cc2)cc1F,751.8590000000004,7.305320000000009,1.0,7.0
CHEMBL5830921,active,7.242603971206976,Cc1ccc(N(C(=O)c2cn(-c3cc4c(cc3C(=O)N3Cc5ccccc5C[C@H]3CN3CCN(C)CC3)OCO4)c3ccccc23)c2ccc3[nH]ccc3c2)cc1,756.9070000000003,7.941920000000009,1.0,6.0
CHEMBL6014963,active,7.098541678603888,Cc1ccc(N(C(=O)c2cn(-c3cc4c(cc3C(=O)N3Cc5ccccc5C[C@H]3CN3CCN(C)CC3)OCO4)c3ccccc23)c2ccc3[nH]ncc3c2)cc1,757.8950000000002,7.336920000000008,1.0,7.0
CHEMBL4063192,inactive,4.675306086138225,Cc1ccc(Nc2nnc(-c3c[nH]c4ccccc34)o2)cc1,290.3260000000001,4.269920000000003,2.0,4.0
CHEMBL5927352,active,8.292429823902063,Cc1ccc(OC(=O)N2CCc3cc(-c4cc(C(=O)N(C)c5ccc(O)cc5)c(C)n4C)c(C(=O)N4Cc5ccccc5C[C@H]4CN4CCOCC4)cc3C2)cc1,767.9269999999998,6.747540000000007,1.0,7.0
CHEMBL6017111,active,8.42021640338319,Cc1ccc(OC(=O)N2CCc3cc(-c4cc(C(=O)N(C)c5ccc(O)cc5)c5n4CCCC5)c(C(=O)N4Cc5ccccc5C[C@H]4CN4CCOCC4)cc3C2)cc1,793.9649999999997,7.2384200000000085,1.0,7.0
CHEMBL5874228,active,8.481486060122112,Cc1ccc(OC(=O)N2CCc3cc(-c4cc(C(=O)N(C)c5ccccc5)c(C)n4C)c(C(=O)N4Cc5ccccc5C[C@H]4C)cc3C2)cc1,666.8220000000001,7.729640000000009,0.0,4.0
CHEMBL6020264,active,8.602059991327963,Cc1ccc(OC(=O)N2CCc3cc(-c4cc(C(=O)N(C)c5ccccc5)c(C)n4C)c(C(=O)N4Cc5ccccc5C[C@H]4CN4CCOCC4)cc3C2)cc1,751.9279999999998,7.041940000000007,0.0,6.0
CHEMBL5740273,active,8.508638306165727,Cc1ccc(OC(=O)N2CCc3cc(-c4cc(C(=O)N(c5ccc(O)cc5)c5cc(C#N)n(C)c5C)c(C)n4C)c(C(=O)N4Cc5ccccc5C[C@H]4CN4CCOCC4)cc3C2)cc1,872.0389999999994,7.968040000000011,1.0,8.0
CHEMBL5961751,active,8.455931955649724,Cc1ccc(OC(=O)N2Cc3cc(C(=O)N4Cc5ccccc5C[C@H]4C)c(-c4cc(C(=O)N(C)c5ccc(O)cc5)c(C)n4C)cc3C2)cc1,668.7940000000001,7.39274000000001,1.0,5.0
CHEMBL5905897,active,8.244125144327509,Cc1ccc(OC(=O)N2Cc3cc(C(=O)N4Cc5ccccc5C[C@H]4C)c(-c4cc(C(=O)N(C)c5ccc(O)cc5)c5n4CCCC5)cc3C2)cc1,694.8319999999999,7.883620000000009,1.0,5.0
CHEMBL3701348,active,7.772113295386326,Cc1ccc(OC(=O)NCc2ccc(-c3cc(C(=O)N(C)c4ccc(O)cc4)c(C)n3C)c(C(=O)N3Cc4ccccc4C[C@H]3C)c2)cc1,656.7830000000002,7.166740000000008,2.0,5.0
CHEMBL509760,active,6.221848749616356,Cc1cccc(-n2nc(C(=O)N(c3ccccc3)c3ccccc3)cc2C)c1C(=O)N1Cc2ccccc2CC1CO,556.6660000000003,6.027040000000008,1.0,4.0
CHEMBL503783,active,6.4089353929735005,Cc1cccc(-n2nc(C(=O)N(c3ccccc3)c3ccccc3)cc2C)c1C(=O)N1Cc2ccccc2C[C@@H]1CO,556.6660000000003,6.027040000000008,1.0,4.0
CHEMBL508211,active,6.6777807052660805,Cc1cccc(-n2nc(C(=O)N(c3ccccc3)c3ccccc3)cc2C)c1C(=O)N1Cc2ccccc2C[C@H]1CO,556.6660000000003,6.027040000000008,1.0,4.0
CHEMBL5955049,active,7.522878745280337,Cc1cccc(C)c1C1CCCN1C1CC=C(c2ccc(C(=O)NS(=O)(=O)c3ccc(NCC4CCOCC4)c([N+](=O)[O-])c3)c(Oc3cnc4[nH]ccc4c3)c2)CC1,804.9699999999998,8.610440000000004,3.0,10.0
CHEMBL5783154,active,7.301029995663981,Cc1cccc(C)c1CN(C(=O)c1cc(-c2cc3c(cc2C(=O)N2Cc4ccccc4C[C@H]2CN2CCOCC2)OCO3)n2c1CCCC2)c1ccc(O)cc1,752.9119999999999,7.288840000000011,1.0,7.0
CHEMBL6020371,active,8.060480747381382,Cc1cccc(C2CCCN2C2CC=C(c3ccc(C(=O)NS(=O)(=O)c4ccc(NCC5CCOCC5)c([N+](=O)[O-])c4)c(Oc4cnc5[nH]ccc5c4)c3)CC2)c1,790.943,8.302020000000006,3.0,10.0
CHEMBL5788222,active,8.1249387366083,Cc1cccc(CN(C(=O)c2cc(-c3cc4c(cc3C(=O)N3Cc5ccccc5C[C@H]3CN3CCOCC3)OCO4)n3c2CCCC3)c2ccc(O)cc2)c1,738.8850000000001,6.98042000000001,1.0,7.0
CHEMBL6015564,active,7.301029995663981,Cc1cccc(Cl)c1CN(C(=O)c1cc(-c2cc3c(cc2C(=O)N2Cc4ccccc4C[C@H]2CN2CCOCC2)OCO3)n2c1CCCC2)c1ccc(O)cc1,773.3299999999998,7.633820000000011,1.0,7.0
CHEMBL5837845,active,7.522878745280337,Cc1cccc(F)c1CN(C(=O)c1cc(-c2cc3c(cc2C(=O)N2Cc4ccccc4C[C@H]2CN2CCOCC2)OCO3)n2c1CCCC2)c1ccc(O)cc1,756.8749999999999,7.119520000000011,1.0,7.0
CHEMBL3983630,active,7.585026652029182,Cc1cccc(N(C(=O)c2cc(-c3cc(Cl)ccc3C(=O)N3Cc4ccccc4C[C@H]3CN3CCOCC3)n3c2CCCC3)c2ccc(O)cc2)c1,715.294,8.036620000000012,1.0,5.0
CHEMBL5991247,active,8.259637310505756,Cc1cccc(OC(=O)N2CCc3cc(-c4cc(C(=O)N(C)c5ccc(O)cc5)c5n4CCCC5)c(C(=O)N4Cc5ccccc5C[C@H]4CN4CCOCC4)cc3C2)c1,793.9649999999997,7.2384200000000085,1.0,7.0
CHEMBL2171007,active,6.161780778092374,Cc1cccc(S(=O)(=O)Nc2ccc(N3CCN(c4cccc(-c5c(C(=O)NCCCN6CCN(C)CC6)c(C)n(C)c5-c5ccc(Cl)cc5)c4)CC3)cc2)c1,794.4659999999999,7.124040000000009,2.0,7.0
CHEMBL5992969,active,9.013228265733755,Cc1ccccc1C1CCCCCN1C1CC2(CCN(c3ccc(C(=O)NS(=O)(=O)c4ccc(NCC5CCOCC5)c([N+](=O)[O-])c4)c(Oc4cnc5[nH]ccc5c4)c3)CC2)C1,862.0659999999996,8.895320000000002,3.0,11.0
CHEMBL5791517,active,7.886056647693163,Cc1ccccc1C1CCCN1C1CC=C(c2ccc(C(=O)NS(=O)(=O)c3ccc(NCC4CCOCC4)c([N+](=O)[O-])c3)c(Oc3cnc4[nH]ccc4c3)c2)CC1,790.9429999999999,8.302020000000006,3.0,10.0
CHEMBL5902426,active,8.229147988357855,Cc1ccccc1C1CCCN1C1CCC(c2ccc(C(=O)NS(=O)(=O)c3ccc(NCC4CCOCC4)c([N+](=O)[O-])c3)c(Oc3cnc4[nH]ccc4c3)c2)CC1,792.9589999999998,8.392320000000005,3.0,10.0
CHEMBL5566790,active,8.070581074285707,Cc1ccccc1C1CCCN1c1ccc(-c2ccc(C(=O)NS(=O)(=O)c3ccc(NCC4CCOCC4)c([N+](=O)[O-])c3)c(Oc3cnc4[nH]ccc4c3)c2)cc1,786.9110000000001,8.537520000000004,3.0,10.0
CHEMBL6030598,active,8.301029995663981,Cc1ccccc1CN(C(=O)c1cc(-c2cc3c(cc2C(=O)N2Cc4ccccc4C[C@H]2CN2CCOCC2)OCO3)n2c1CCCC2)c1ccc(O)cc1,738.885,6.98042000000001,1.0,7.0
CHEMBL5742232,active,7.698970004336019,Cc1ccccc1N1CCCC1c1ccc(-c2ccc(C(=O)NS(=O)(=O)c3ccc(NCC4CCOCC4)c([N+](=O)[O-])c3)c(Oc3cnc4[nH]ccc4c3)c2)cc1,786.9110000000001,8.537520000000006,3.0,10.0
CHEMBL5911983,active,8.4089353929735,Cc1ccccc1OC(=O)N1CCc2cc(-c3cc(C(=O)N(C)c4ccc(O)cc4)c4n3CCCC4)c(C(=O)N3Cc4ccccc4C[C@H]3CN3CCOCC3)cc2C1,793.9649999999997,7.2384200000000085,1.0,7.0
CHEMBL5564290,active,9.958607314841775,Cc1ccccc1[C@@H]1CCCN1C1CC2(CCN(c3ccc(C(=O)NS(=O)(=O)c4ccc(NCC5CCOCC5)c([N+](=O)[O-])c4)c(Oc4cnc5[nH]ccc5c4)c3)CC2)C1,834.0119999999996,8.115120000000008,3.0,11.0
CHEMBL3417704,inactive,4.0,Cc1nn(C)c(COc2ccc(N3CCN(S(=O)(=O)N(C)C)CC3)cc2)c1-c1cccc2c(CCCOc3cccc4ccccc34)c(C(=O)O)n(CCN3CCOCC3)c12,850.0549999999998,6.052820000000007,1.0,9.0
CHEMBL5866210,inactive,4.698970004336019,Cc1nn(C)c2c1-c1c(F)ccc3c(CCCOc4ccc(F)c5ccccc45)c(C(=O)O)n(c13)CCCCOC2,559.613,6.801820000000006,1.0,4.0
CHEMBL5912404,inactive,4.698970004336019,Cc1nn(C)c2c1-c1c(F)ccc3c(CCCOc4cccc5c4CCC5)c(C(=O)O)n(c13)CCCCOC2,531.6280000000004,5.998220000000006,1.0,4.0
CHEMBL5872984,inactive,4.698970004336019,Cc1nn(C)c2c1-c1c(F)ccc3c(CCCOc4cccc5c4CCCC5)c(C(=O)O)n(c13)CCCCOC2,545.6550000000003,6.3883200000000055,1.0,4.0
CHEMBL6053159,inactive,4.698970004336019,Cc1nn(C)c2c1-c1c(F)ccc3c(CCCOc4cccc5cc(F)ccc45)c(C(=O)O)n(c13)CCCCOC2,559.613,6.801820000000006,1.0,4.0
CHEMBL5927519,inactive,4.698970004336019,Cc1nn(C)c2c1-c1c(F)ccc3c(CCCOc4cccc5ccccc45)c(C(=O)O)n(c13)C/C=C\COC2,539.6070000000002,6.438720000000006,1.0,4.0
CHEMBL5902873,inactive,4.698970004336019,Cc1nn(C)c2c1-c1c(F)ccc3c(CCCOc4cccc5ccccc45)c(C(=O)O)n(c13)CCCCOC2,541.6230000000003,6.662720000000006,1.0,4.0
CHEMBL3704780,active,8.522878745280337,Cc1nn(C)cc1N(C(=O)c1cc(-c2cc(Cl)ccc2C(=O)N2Cc3ccccc3C[C@H]2CN2CCOCC2)n(C)c1C)c1ccc(O)cc1,693.248,6.279240000000007,1.0,6.0
CHEMBL3704796,active,8.080921907623926,Cc1nn(C)cc1N(C(=O)c1cc(-c2cc(F)ccc2C(=O)N2Cc3ccccc3C[C@H]2CN2CCOCC2)n(C)c1C)c1ccc(O)cc1,676.7930000000002,5.764940000000006,1.0,6.0
CHEMBL2325760,active,8.42021640338319,Cc1oc(-c2ccc(Cl)cc2)c(-c2cccc(N3CCN(c4ccc(NS(=O)(=O)c5ccc(N[C@H](CCN(C)C)CSc6ccccc6)c([N+](=O)[O-])c5)cc4)CC3)c2)c1C(=O)O,895.5039999999998,9.83372,3.0,11.0
CHEMBL4075044,active,6.180456064458132,Clc1cccc(Nc2nnc(-c3c[nH]c4ccccc34)o2)c1,310.744,4.614900000000001,2.0,4.0
CHEMBL6034329,active,8.3767507096021,Cn1cc(-c2ccccc2[C@H]2CCCN2c2ccc(-c3ccc(C(=O)NS(=O)(=O)c4ccc(NCC5CCOCC5)c([N+](=O)[O-])c4)c(Oc4cnc5[nH]ccc5c4)c3)cc2)cn1,852.9739999999998,8.629600000000003,3.0,11.0
CHEMBL3896666,active,8.221848749616356,Cn1cc(N(C(=O)c2cc(-c3cc(Cl)ccc3C(=O)N3Cc4ccccc4C[C@H]3CN3CCOCC3)n3c2CCCC3)c2ccc(O)cc2)cn1,705.259,6.4617000000000075,1.0,6.0
CHEMBL6014680,active,7.920818753952375,Cn1cc2cccc(C3CCCN3c3ccc(-c4ccc(C(=O)NS(=O)(=O)c5ccc(NCC6CCOCC6)c([N+](=O)[O-])c5)c(Oc5cnc6[nH]ccc6c5)c4)cc3)c2n1,826.9359999999998,8.115800000000007,3.0,11.0
CHEMBL4218253,active,7.17134010346468,Cn1ccc(S(=O)(=O)NC(=O)c2ccc(N3CCN(CC4=C(c5ccc(Cl)cc5)CCC(C)(C)C4)CC3)cc2)n1,582.1700000000002,4.978100000000005,1.0,6.0
CHEMBL3918235,active,7.494850021680094,Cn1ccc2cc(N(C(=O)c3cc(-c4cc(Br)ccc4C(=O)N4Cc5ccccc5C[C@H]4CN4CCOCC4)n4c3CCCC4)c3ccc(O)cc3)ccc21,798.7819999999997,8.32900000000001,1.0,5.0
CHEMBL3961905,active,7.236572006437063,Cn1ccc2cc(N(C(=O)c3cc(-c4cc(C(F)(F)F)ccc4C(=O)N4Cc5ccccc5C[C@H]4CN4CCOCC4)n4c3CCCC4)c3ccc(O)cc3)ccc21,787.8829999999997,8.585300000000005,1.0,5.0
CHEMBL3901829,active,7.6777807052660805,Cn1ccc2cc(N(C(=O)c3cc(-c4cc(Cl)ccc4C(=O)N4Cc5ccccc5C[C@H]4CN4CCCOCC4)n4c3CCCC4)c3ccc(O)cc3)ccc21,768.358,8.610000000000005,1.0,5.0
CHEMBL3910202,active,7.468521082957745,Cn1ccc2cc(N(C(=O)c3cc(-c4cc(Cl)ccc4C(=O)N4Cc5ccccc5C[C@H]4CN4CCOCC4)n4c3CCCC4)c3ccc(O)c(F)c3)ccc21,772.3209999999999,8.359000000000005,1.0,5.0
CHEMBL3924899,active,7.568636235841013,Cn1ccc2cc(N(C(=O)c3cc(-c4cc(Cl)ccc4C(=O)N4Cc5ccccc5C[C@H]4CN4CCOCC4)n4c3CCCC4)c3ccc(O)cc3)ccc21,754.3309999999999,8.21990000000001,1.0,5.0
CHEMBL3889970,active,8.221848749616356,Cn1ccc2cc(N(C(=O)c3cc(-c4cc(Cl)ccc4C(=O)N4Cc5ccccc5C[C@H]4CN4CCOCC4)n4c3CCCC4)c3ccc(O)cc3)cnc21,755.3189999999998,7.614900000000011,1.0,6.0
CHEMBL3972831,active,7.657577319177793,Cn1ccc2cc(N(C(=O)c3cc(-c4cc(Cl)ccc4C(=O)N4Cc5ccccc5C[C@H]4CN4CCOCC4)n4c3COCC4)c3ccc(O)cc3)ccc21,756.303,7.413800000000011,1.0,6.0
CHEMBL3924162,active,7.619788758288394,Cn1ccc2cc(N(C(=O)c3cc(-c4cc(Cl)ccc4C(=O)N4Cc5ccccc5C[C@H]4CN4CCOCC4)n4ccccc34)c3ccc(O)cc3)ccc21,750.2990000000002,8.334800000000008,1.0,5.0
CHEMBL3919460,active,7.769551078621726,Cn1ccc2cc(N(C(=O)c3cc(-c4cc(F)ccc4C(=O)N4Cc5ccccc5C[C@H]4CN4CCOCC4)n4c3CCCC4)c3ccc(O)cc3)ccc21,737.876,7.705600000000009,1.0,5.0
CHEMBL3892886,active,7.346787486224656,Cn1ccc2cc(N(C(=O)c3cc(-c4cc(OC(F)(F)F)ccc4C(=O)N4Cc5ccccc5C[C@H]4CN4CCOCC4)n4c3CCCC4)c3ccc(O)cc3)ccc21,803.8819999999996,8.465100000000005,1.0,6.0
CHEMBL3921211,active,7.795880017344075,Cn1ccc2cc(N(C(=O)c3cc(-c4cc5c(cc4C(=O)N4Cc6ccccc6C[C@H]4CN4CCCOCC4)OCO5)n4c3CCCC4)c3ccc(O)cc3)ccc21,777.922,7.6853000000000105,1.0,7.0
CHEMBL3947942,active,7.468521082957745,Cn1ccc2cc(N(C(=O)c3cc(-c4cc5c(cc4C(=O)N4Cc6ccccc6C[C@H]4CN4CCOCC4)OCCCO5)n4c3CCCC4)c3ccc(O)cc3)ccc21,791.9489999999998,7.727800000000011,1.0,7.0
CHEMBL3911061,active,7.823908740944319,Cn1ccc2cc(N(C(=O)c3cc(-c4cc5c(cc4C(=O)N4Cc6ccccc6C[C@H]4CN4CCOCC4)OCCO5)n4c3CCCC4)c3ccc(O)cc3)ccc21,777.9219999999999,7.3377000000000105,1.0,7.0
CHEMBL3894500,active,7.721246399047171,Cn1ccc2cc(N(C(=O)c3cc(-c4cc5c(cc4C(=O)N4Cc6ccccc6C[C@H]4CN4CCOCC4)OCCO5)n4ccccc34)c3ccc(O)cc3)ccc21,773.8900000000002,7.45260000000001,1.0,7.0
CHEMBL3948972,active,7.958607314841775,Cn1ccc2cc(N(C(=O)c3cc(-c4cc5c(cc4C(=O)N4Cc6ccccc6C[C@H]4CN4CCOCC4)OCO5)n4c3CCC4)c3ccc(O)cc3)ccc21,749.868,6.90510000000001,1.0,7.0
CHEMBL3959149,active,7.732828271596986,Cn1ccc2cc(N(C(=O)c3cc(-c4cc5c(cc4C(=O)N4Cc6ccccc6C[C@H]4CN4CCOCC4)OCO5)n4c3CCCC4)c3ccc(O)cc3)ccc21,763.895,7.29520000000001,1.0,7.0
CHEMBL3946893,active,6.657577319177793,Cn1ccc2cc(N(C(=O)c3cc(-c4cc5c(cc4C(=O)N4Cc6ccccc6C[C@H]4CN4CCOCC4)OCO5)n4c3CN(C(=O)OC(C)(C)C)CC4)c3ccc(O)cc3)ccc21,864.9999999999999,7.7096000000000116,1.0,9.0
CHEMBL3971090,active,7.619788758288394,Cn1ccc2cc(N(C(=O)c3cc(-c4cc5c(cc4C(=O)N4Cc6ccccc6C[C@H]4CN4CCOCC4)OCO5)n4c3CNCC4)c3ccc(O)cc3)ccc21,764.883,6.062100000000008,2.0,8.0
CHEMBL3955751,active,7.7447274948966935,Cn1ccc2cc(N(C(=O)c3cc(-c4cc5c(cc4C(=O)N4Cc6ccccc6C[C@H]4CN4CCOCC4)OCO5)n4c3COCC4)c3ccc(O)cc3)ccc21,765.8670000000001,6.4891000000000085,1.0,8.0
CHEMBL3959528,active,7.886056647693163,Cn1ccc2cc(N(C(=O)c3cc(-c4cc5c(cc4C(=O)N4Cc6ccccc6C[C@H]4CN4CCOCC4)OCO5)n4ccccc34)c3ccc(O)cc3)ccc21,759.8630000000003,7.41010000000001,1.0,7.0
CHEMBL3980328,active,7.698970004336019,Cn1ccc2cc(N(C(=O)c3cc(-c4ccccc4C(=O)N4Cc5ccccc5C[C@H]4CN4CCOCC4)n4ccccc34)c3ccc(O)cc3)ccc21,715.8540000000004,7.681400000000008,1.0,5.0
CHEMBL3925867,active,7.7447274948966935,Cn1ccc2ccc(N(C(=O)c3cc(-c4cc(Cl)ccc4C(=O)N4Cc5ccccc5C[C@H]4CN4CCOCC4)n4c3CCCCC4)c3ccc(O)cc3)cc21,768.3579999999998,8.610000000000005,1.0,5.0
CHEMBL3928763,active,7.7447274948966935,Cn1ccc2ccc(N(C(=O)c3cc(-c4cc5c(cc4C(=O)N4Cc6ccccc6C[C@H]4CN4CCOCC4)OCO5)n4c3CCCCC4)c3ccc(O)cc3)cc21,777.9219999999999,7.6853000000000105,1.0,7.0
CHEMBL5941257,active,8.301029995663981,Cn1cnnc1CN(C(=O)c1cc(-c2cc3c(cc2C(=O)N2Cc4ccccc4C[C@H]2CN2CCOCC2)OCO3)n2c1CCCC2)c1ccc(O)cc1,729.8380000000001,4.800500000000005,1.0,9.0
CHEMBL3309310,active,8.0,Cn1ncc(CN2CCN(c3ccc(C(=O)NS(=O)(=O)c4ccc(N[C@H](CCN5CCOCC5)CSc5ccccc5)c(S(=O)(=O)C(F)(F)F)c4)cc3)CC2)c1-c1ccc(Cl)cc1,946.5400000000003,6.7700000000000085,2.0,12.0
CHEMBL3909703,active,7.886056647693163,Cn1ncc2cc(N(C(=O)c3cc(-c4cc(Cl)ccc4C(=O)N4Cc5ccccc5C[C@H]4CN4CCOCC4)n4c3CCCC4)c3ccc(O)cc3)ccc21,755.3189999999998,7.614900000000009,1.0,6.0
CHEMBL3911010,active,8.301029995663981,Cn1ncc2cc(N(C(=O)c3cc(-c4cc(Cl)ccc4C(=O)N4Cc5ccccc5C[C@H]4CN4CCOCC4)n4c3COCC4)c3ccc(O)cc3)ccc21,757.2909999999999,6.808800000000009,1.0,7.0
CHEMBL3915037,active,7.853871964321762,Cn1ncc2cc(N(C(=O)c3cc(-c4cc(F)ccc4C(=O)N4Cc5ccccc5C[C@H]4CN4CCOCC4)n4c3CCCC4)c3ccc(O)cc3)ccc21,738.864,7.100600000000008,1.0,6.0
CHEMBL3983908,active,7.795880017344075,Cn1ncc2cc(N(C(=O)c3cc(-c4cc5c(cc4C(=O)N4Cc6ccccc6C[C@H]4CN4CCOCC4)OCCO5)n4c3CCCC4)c3ccc(O)cc3)ccc21,778.91,6.732700000000008,1.0,8.0
CHEMBL3909288,active,8.522878745280337,Cn1ncc2cc(N(C(=O)c3cc(-c4cc5c(cc4C(=O)N4Cc6ccccc6C[C@H]4CN4CCOCC4)OCO5)n4c3CCCC4)c3ccc(O)cc3)ccc21,764.883,6.690200000000009,1.0,8.0
CHEMBL3311490,active,6.556737012541305,N#CC1(Cc2ccccc2-c2ccc(Cl)cc2)CCN(c2ccc(C(=O)NS(=O)(=O)c3ccc(N[C@H](CCN4CCOCC4)CSc4ccccc4)c(S(=O)(=O)C(F)(F)F)c3)cc2)CC1,966.5699999999997,9.067180000000002,2.0,11.0
CHEMBL4848284,active,6.096910013008056,N#CC1=C(C#N)c2ccc(N3CCSCC3)c3cccc(c23)C1=O,331.40000000000003,3.390060000000002,0.0,5.0
CHEMBL4849303,inactive,4.698970004336019,N#CC1=C(C#N)c2ccc(NC3CCCCC3)c3cccc(c23)C1=O,327.387,4.581460000000003,1.0,4.0
CHEMBL4861266,inactive,4.698970004336019,N#CC1=C(C#N)c2ccc(NCCO)c3cccc(c23)C1=O,289.29400000000004,2.24106,2.0,5.0
CHEMBL4862583,inactive,4.8297382846050425,N#CC1=C(C#N)c2ccc(NCc3ccccc3)c3cccc(c23)C1=O,335.3660000000001,4.448960000000002,1.0,4.0
CHEMBL4470807,active,6.154901959985743,N#CC1=C(C#N)c2ccc(Sc3ccc(Br)cc3)c3cccc(c23)C1=O,417.28700000000015,5.750560000000003,0.0,4.0
CHEMBL4436367,inactive,4.933674074637962,N#CC1=C(NCCC(=O)NCCCCCC(=O)NCCCCCCNc2cccc3c2C(=O)N(C2CCC(=O)NC2=O)C3=O)c2ccc(Sc3ccc(Br)cc3)c3cccc(c23)C1=O,946.9250000000002,7.030680000000006,5.0,11.0
CHEMBL4454922,inactive,4.979638717352292,N#CC1=C(NCCC(=O)NCCNc2cccc3c2C(=O)N(C2CCC(=O)NC2=O)C3=O)c2ccc(Sc3ccc(Br)cc3)c3cccc(c23)C1=O,777.6570000000002,4.793680000000003,4.0,10.0
CHEMBL4852727,inactive,4.8696662315049934,N#CC1=C(NCCC(N)=O)c2ccc(SC3CCCCC3)c3cccc(c23)C1=O,405.5230000000003,4.160580000000003,2.0,5.0
CHEMBL4872862,inactive,4.728158393463501,N#CC1=C(NCCN2CCOCC2)c2ccc(SC3CCCCC3)c3cccc(c23)C1=O,447.6040000000003,4.617380000000004,1.0,6.0
CHEMBL595134,active,6.301029995663981,N#CC1=C2C(=NC1=O)c1cccc3c(N4CCSCC4)ccc2c13,331.4000000000001,3.0130800000000013,0.0,4.0
CHEMBL1672082,active,6.4996262856466265,N#CC1=C2C(=NC1=O)c1cccc3c(Sc4ccc(N)cc4)ccc2c13,353.4060000000001,4.1932800000000015,1.0,4.0
CHEMBL5823455,active,7.795880017344075,N#CC1CCN(C2CC=C(c3ccc(C(=O)NS(=O)(=O)c4ccc(NCC5CCOCC5)c([N+](=O)[O-])c4)c(Oc4cnc5[nH]ccc5c4)c3)CC2)C1c1ccccc1C1CC1,841.991,8.620680000000004,3.0,11.0
CHEMBL3703614,active,8.346787486224656,N#C[C@@H](c1ccccc1-c1ccc(Cl)cc1)C1CCN(c2ccc(C(=O)NS(=O)(=O)c3ccc(N[C@H](CCN4CCOCC4)CSc4ccccc4)c(S(=O)(=O)C(F)(F)F)c3)cc2)CC1,966.5699999999997,9.23808,2.0,11.0
CHEMBL5826225,active,7.698970004336019,N#C[C@H]1C[C@@H]1c1ccccc1C1CCCN1C1CC=C(c2ccc(C(=O)NS(=O)(=O)c3ccc(NCC4CCOCC4)c([N+](=O)[O-])c3)c(Oc3cnc4[nH]ccc4c3)c2)CC1,841.9909999999996,8.620680000000004,3.0,11.0
CHEMBL5982871,active,8.522878745280337,N#C[C@H]1C[C@H]1c1ccccc1C1CCCN1C1CC=C(c2ccc(C(=O)NS(=O)(=O)c3ccc(NCC4CCOCC4)c([N+](=O)[O-])c3)c(Oc3cnc4[nH]ccc4c3)c2)CC1,841.9909999999996,8.620680000000004,3.0,11.0
CHEMBL5843415,active,6.3655227298392685,N#Cc1cc(S(=O)(=O)NC(=O)c2ccc(C3=CCC(N4CCCC4c4ccccc4C4CC4)CC3)cc2Oc2cnc3[nH]ccc3c2)ccc1NCC1CCOCC1,796.9939999999999,8.834480000000005,3.0,9.0
CHEMBL3899834,active,8.045757490560675,N#Cc1ccc(N(C(=O)c2cc(-c3cc(Cl)ccc3C(=O)N3Cc4ccccc4C[C@H]3CN3CCOCC3)n3c2CCCC3)c2ccc(O)cc2)cc1,726.277,7.59988000000001,1.0,6.0
CHEMBL6034421,active,6.7594507517174005,N#Cc1cccc(C2CCCN2C2CC=C(c3ccc(C(=O)NS(=O)(=O)c4ccc(NCC5CCOCC5)c([N+](=O)[O-])c4)c(Oc4cnc5[nH]ccc5c4)c3)CC2)c1,801.9259999999998,7.865280000000007,3.0,11.0
CHEMBL3894316,active,8.045757490560675,N#Cc1cccc(N(C(=O)c2cc(-c3cc(Cl)ccc3C(=O)N3Cc4ccccc4C[C@H]3CN3CCOCC3)n3c2CCCC3)c2ccc(O)cc2)c1,726.2769999999999,7.59988000000001,1.0,6.0
CHEMBL5998767,active,7.301029995663981,N#Cc1ccccc1CN(C(=O)c1cc(-c2cc3c(cc2C(=O)N2Cc4ccccc4C[C@H]2CN2CCOCC2)OCO3)n2c1CCCC2)c1ccc(O)cc1,749.8679999999998,6.543680000000009,1.0,8.0
CHEMBL3937283,active,7.431798275933005,N#Cc1ccccc1N(C(=O)c1cc(-c2cc(Cl)ccc2C(=O)N2Cc3ccccc3C[C@H]2CN2CCOCC2)n2c1CCCC2)c1ccc(O)cc1,726.2769999999998,7.59988000000001,1.0,6.0
CHEMBL3311330,active,7.721246399047171,N=C(NS(=O)(=O)c1ccc(N[C@H](CCN2CCOCC2)CSc2ccccc2)c(S(=O)(=O)C(F)(F)F)c1)c1ccc(N2CCN(Cc3ccccc3-c3ccc(Cl)cc3)CC2)cc1,941.5639999999997,8.221670000000008,3.0,11.0
CHEMBL6064098,active,9.096910013008056,NC(=O)C1CCC(c2ccccc2[C@H]2CCCN2c2ccc(-c3ccc(C(=O)NS(=O)(=O)c4ccc(NCC5CCOCC5)c([N+](=O)[O-])c4)c(Oc4cnc5[nH]ccc5c4)c3)cc2)CC1,898.0549999999996,8.9882,4.0,11.0
CHEMBL3703628,active,7.42021640338319,NCC(=O)N[C@@H](c1ccccc1-c1ccc(Cl)cc1)C1CCN(c2ccc(C(=O)NS(=O)(=O)c3ccc(N[C@H](CCN4CCOCC4)CSc4ccccc4)c(S(=O)(=O)C(F)(F)F)c3)cc2)CC1,1013.6269999999997,7.746900000000009,4.0,12.0
CHEMBL3311491,active,8.0,NCC1(Cc2ccccc2-c2ccc(Cl)cc2)CCN(c2ccc(C(=O)NS(=O)(=O)c3ccc(N[C@H](CCN4CCOCC4)CSc4ccccc4)c(S(=O)(=O)C(F)(F)F)c3)cc2)CC1,970.6019999999997,8.502300000000005,3.0,11.0
CHEMBL5924981,active,7.282329496997738,NC[C@@H]1Cc2ccccc2CN1C(=O)c1cc(N)ccc1-n1nc(C(=O)N(c2ccccc2)c2ccccc2)c2ccccc21,592.7030000000001,6.112000000000005,2.0,5.0
CHEMBL5831745,active,7.455931955649724,NC[C@@H]1Cc2ccccc2CN1C(=O)c1cc(NC(=O)COc2ccccc2)ccc1-n1nc(C(=O)N(c2ccccc2)c2ccccc2)c2ccccc21,726.8370000000002,7.547300000000007,2.0,6.0
CHEMBL5819768,active,7.79317412396815,NC[C@@H]1Cc2ccccc2CN1C(=O)c1cc(NC(=O)CSc2ccccc2)ccc1-n1cc(C(=O)N(c2ccccc2)c2ccc(O)cc2)c2ccccc21,757.9160000000002,8.571200000000005,3.0,6.0
CHEMBL6042065,active,7.665546248849069,NC[C@@H]1Cc2ccccc2CN1C(=O)c1cc(NC(=O)CSc2ccccc2)ccc1-n1nc(C(=O)N(c2ccccc2)c2ccccc2)c2ccccc21,742.9050000000001,8.260600000000005,2.0,6.0
CHEMBL5760477,active,7.151195298948196,NC[C@@H]1Cc2ccccc2CN1C(=O)c1cc(NCc2ccccc2)ccc1-n1nc(C(=O)N(c2ccccc2)c2ccccc2)c2ccccc21,682.8280000000001,8.141900000000007,2.0,5.0
CHEMBL5863038,active,6.543633966870957,NC[C@@H]1Cc2ccccc2CN1C(=O)c1cc2c(cc1-n1cc(C(=O)N(c3ccccc3)c3ccc(O)cc3)c3ccccc31)OCO2,636.7080000000001,6.569100000000007,2.0,6.0
CHEMBL5817613,active,7.498940737782249,NC[C@@H]1Cc2ccccc2CN1C(=O)c1cc2c(cc1-n1nc(C(=O)N(c3ccccc3)c3ccccc3)c3ccccc31)OCO2,621.6970000000001,6.258500000000006,1.0,6.0
CHEMBL5788955,active,7.931814138253839,NC[C@@H]1Cc2ccccc2CN1C(=O)c1ccc(Cl)cc1-n1cc(C(=O)N(c2ccccc2)c2ccc(O)cc2)c2ccccc21,627.1440000000002,7.493800000000007,2.0,4.0
CHEMBL5756948,active,7.723538195826756,NC[C@@H]1Cc2ccccc2CN1C(=O)c1ccccc1-n1cc(C(=O)N(c2ccccc2)c2ccc(O)cc2)c2ccccc21,592.6990000000002,6.840400000000007,2.0,4.0
CHEMBL6030240,active,7.045757490560675,NC[C@@H]1Cc2ccccc2CN1C(=O)c1ccccc1-n1cc(C(=O)N(c2ccccc2)c2ccccc2)c2ccccc21,576.7000000000002,7.1348000000000065,1.0,3.0
CHEMBL5928975,active,7.548213564475709,NC[C@@H]1Cc2ccccc2CN1C(=O)c1ccccc1-n1nc(C(=O)N(c2ccccc2)c2ccc(O)cc2)c2ccccc21,593.6870000000001,6.2354000000000065,2.0,5.0
CHEMBL6025146,active,6.075204004202088,NC[C@@H]1Cc2ccccc2CN1C(=O)c1ccccc1-n1nc(C(=O)N(c2ccccc2)c2ccccc2)c2ccc(C(=O)O)cc21,621.6970000000001,6.228000000000006,2.0,5.0
CHEMBL5882975,active,7.273272790973428,NC[C@@H]1Cc2ccccc2CN1C(=O)c1ccccc1-n1nc(C(=O)N(c2ccccc2)c2ccccc2)c2ccccc21,577.6880000000001,6.529800000000006,1.0,4.0
CHEMBL3703610,active,7.795880017344075,N[C@@H](c1ccccc1-c1ccc(Cl)cc1)C1CCN(c2ccc(C(=O)NS(=O)(=O)c3ccc(N[C@H](CCN4CCN(CCO)CC4)CSc4ccccc4)c(S(=O)(=O)C(F)(F)F)c3)cc2)CC1,999.6439999999996,7.90840000000001,4.0,12.0
CHEMBL3703626,active,7.522878745280337,N[C@@H](c1ccccc1-c1ccc(Cl)cc1)C1CCN(c2ccc(C(=O)NS(=O)(=O)c3ccc(N[C@H](CCN4CCOCC4)CSc4ccccc4)c(S(=O)(=O)C(F)(F)F)c3)cc2)CC1,956.5749999999997,8.630700000000004,3.0,11.0
CHEMBL2312470,active,7.698970004336019,Nc1ccc(Sc2ccc3c4c(cccc24)C2=NC(=O)C(NCCCc4ccccc4)=C23)cc1,461.59000000000026,5.849600000000005,2.0,4.0
CHEMBL5809484,active,10.119186407719209,Nc1ncc(Oc2cc(N3CCC4(CC3)CC(N3CCC[C@H]3c3ccccc3C3CC3)C4)ccc2C(=O)NS(=O)(=O)c2ccc(NCC3CCOCC3)c([N+](=O)[O-])c2)cc1Cl,870.4729999999998,8.438400000000007,3.0,12.0
CHEMBL4460727,active,6.267606240177032,O=C(CCCCC(=O)NCCN1C(=O)c2cccc3c(Sc4ccc(Br)cc4)ccc(c23)C1=O)NCCCCCCNc1cccc2c1C(=O)N(C1CCC(=O)NC1=O)C2=O,909.8599999999994,6.216000000000005,4.0,10.0
CHEMBL4568556,inactive,4.999132278468773,O=C(CCCCC(=O)NCCN1C(=O)c2cccc3c(Sc4ccc(Br)cc4)ccc(c23)C1=O)NCCCCNc1cccc2c1C(=O)N(C1CCC(=O)NC1=O)C2=O,881.8059999999996,5.435800000000003,4.0,10.0
CHEMBL4455274,inactive,4.817870785947002,O=C(CCCCC(=O)NCCN1C(=O)c2cccc3c(Sc4ccc(Br)cc4)ccc(c23)C1=O)NCCNc1cccc2c1C(=O)N(C1CCC(=O)NC1=O)C2=O,853.7519999999997,4.6556000000000015,4.0,10.0
CHEMBL4476628,inactive,4.870632404277014,O=C(CCCCCNc1cccc2c1C(=O)N(C1CCC(=O)NC1=O)C2=O)NCCCCCCNC(=O)CCCCC(=O)NCCN1C(=O)c2cccc3c(Sc4ccc(Br)cc4)ccc(c23)C1=O,1023.0199999999998,6.892600000000007,5.0,11.0
CHEMBL5827545,active,8.568636235841012,O=C(NS(=O)(=O)c1cc([N+](=O)[O-])c2[nH]c(-c3ccncc3)nc2c1)c1ccc(N2CCN(CC3=C(c4ccc(Cl)cc4)CC4(CCC4)CC3)CC2)cc1Oc1cnc2[nH]ccc2c1,884.4189999999995,8.903800000000002,3.0,11.0
CHEMBL6055136,active,8.301029995663981,O=C(NS(=O)(=O)c1cc([N+](=O)[O-])c2[nH]c(C3CC3)nc2c1)c1ccc(N2CCN(CC3=C(c4ccc(Cl)cc4)CC4(CCC4)CC3)CC2)cc1Oc1cnc2[nH]ccc2c1,847.3979999999997,8.719200000000004,3.0,10.0
CHEMBL5815622,active,8.67778070526608,O=C(NS(=O)(=O)c1cc([N+](=O)[O-])c2c(cnn2CC2CCOCC2)c1)c1ccc(N2CCN(CC3=C(c4ccc(Cl)cc4)CC4(CCC4)CC3)CC2)cc1Oc1cnc2[nH]ccc2c1,905.4779999999997,8.741800000000007,2.0,11.0
CHEMBL5821856,active,8.853871964321762,O=C(NS(=O)(=O)c1cc([N+](=O)[O-])c2cn(C3CCOCC3)nc2c1)c1ccc(N2CCN(CC3=C(c4ccc(Cl)cc4)CC4(CCC4)CC3)CC2)cc1Oc1cnc2[nH]ccc2c1,891.4509999999997,8.666700000000008,2.0,11.0
CHEMBL5953504,active,8.886056647693163,O=C(NS(=O)(=O)c1cc([N+](=O)[O-])c2cn(CC3CCOCC3)nc2c1)c1ccc(N2CCN(CC3=C(c4ccc(Cl)cc4)CC4(CCC4)CC3)CC2)cc1Oc1cnc2[nH]ccc2c1,905.4779999999997,8.741800000000007,2.0,11.0
CHEMBL5776346,active,8.619788758288394,O=C(NS(=O)(=O)c1cc([N+](=O)[O-])c2cnn(C3CCOCC3)c2c1)c1ccc(N2CCN(CC3=C(c4ccc(Cl)cc4)CC4(CCC4)CC3)CC2)cc1Oc1cnc2[nH]ccc2c1,891.4509999999998,8.666700000000008,2.0,11.0
CHEMBL5923329,active,8.795880017344075,O=C(NS(=O)(=O)c1cc([N+](=O)[O-])c2cnn(CC3CCOCC3)c2c1)c1ccc(N2CCN(CC3=C(c4ccc(Cl)cc4)CC4(CCC4)CC3)CC2)cc1Oc1cnc2[nH]ccc2c1,905.4779999999997,8.741800000000007,2.0,11.0
CHEMBL5958618,active,8.67778070526608,O=C(NS(=O)(=O)c1cc([N+](=O)[O-])c2nn(CC3CCOCC3)cc2c1)c1ccc(N2CCN(CC3=C(c4ccc(Cl)cc4)CC4(CCC4)CC3)CC2)cc1Oc1cnc2[nH]ccc2c1,905.4779999999997,8.741800000000005,2.0,11.0
CHEMBL6010999,active,6.903089986991944,O=C(NS(=O)(=O)c1ccc(N2CC3(CCOCC3)C2)c([N+](=O)[O-])c1)c1ccc(-c2ccc(N3CCCC3c3ccccc3Cl)cc2)cc1Oc1cnc2[nH]ccc2c1,819.3400000000001,8.660800000000005,2.0,10.0
CHEMBL6063527,active,7.920818753952375,O=C(NS(=O)(=O)c1ccc(NC(=O)N2CCOCC2)c([N+](=O)[O-])c1)c1ccc(C2=CCC(N3CCCC3c3ccccc3C3CC3)CC2)cc1Oc1cnc2[nH]ccc2c1,831.9519999999999,7.896600000000008,3.0,10.0
CHEMBL5890440,active,6.252588192113577,O=C(NS(=O)(=O)c1ccc(NC(CCN2CCOCC2)CSc2ccccc2)c(S(=O)(=O)C(F)(F)F)c1)c1ccc(C2=CCC(N3CCCC3c3ccccc3C3CC3)CC2)cc1,923.1579999999997,9.044300000000003,2.0,10.0
CHEMBL5978974,active,6.0,O=C(NS(=O)(=O)c1ccc(NC(CCN2CCOCC2)CSc2ccccc2)c(S(=O)(=O)C(F)(F)F)c1)c1ccc(C2=CCC(N3CCCC3c3ccccc3C3CC3)CC2)cc1Oc1cnc2[nH]ccc2c1,1055.2799999999995,10.712899999999994,3.0,12.0
CHEMBL5802150,active,6.054531414868181,O=C(NS(=O)(=O)c1ccc(NC(CCN2CCOCC2)CSc2ccccc2)c([N+](=O)[O-])c1)c1ccc(C2=CCC(N3CCCC3c3ccccc3C3CC3)CC2)cc1,836.0929999999996,8.659000000000006,2.0,10.0
CHEMBL5988601,active,6.872895201635193,O=C(NS(=O)(=O)c1ccc(NC(CCN2CCOCC2)CSc2ccccc2)c([N+](=O)[O-])c1)c1ccc(C2=CCC(N3CCCC3c3ccccc3C3CC3)CC2)cc1Oc1cnc2[nH]ccc2c1,968.2149999999995,10.327599999999997,3.0,12.0
CHEMBL5824581,active,7.853871964321762,O=C(NS(=O)(=O)c1ccc(NC2CC3(C2)CN(C2CCOCC2)C3)c([N+](=O)[O-])c1)c1ccc(-c2ccc(N3CCC[C@@H]3c3ccccc3C3CC3)cc2)cc1Oc1cnc2[nH]ccc2c1,894.0669999999998,9.323300000000001,3.0,11.0
CHEMBL5962842,active,8.050609993355087,O=C(NS(=O)(=O)c1ccc(NC2CCN(C(CF)CF)C2)c([N+](=O)[O-])c1)c1ccc(C2=CCC(N3CCCC3c3ccccc3C3CC3)CC2)cc1Oc1cnc2[nH]ccc2c1,866.0039999999997,8.826300000000005,3.0,10.0
CHEMBL5760818,active,7.619788758288394,O=C(NS(=O)(=O)c1ccc(NC2CCN(C3COC3)CC2)c([N+](=O)[O-])c1)c1ccc(-c2ccc(N3CCCC3c3ccccc3Cl)cc2)cc1Oc1cnc2[nH]ccc2c1,848.3820000000001,8.319100000000006,3.0,11.0
CHEMBL5926155,active,7.481486060122112,O=C(NS(=O)(=O)c1ccc(NC2CN(C3CCOCC3)C2)c([N+](=O)[O-])c1)c1ccc(-c2ccc(N3CCCC3c3ccccc3Cl)cc2)cc1Oc1cnc2[nH]ccc2c1,848.3820000000001,8.319100000000006,3.0,11.0
CHEMBL6041868,active,8.244125144327509,O=C(NS(=O)(=O)c1ccc(NCC2(F)CCC(O)CC2)c([N+](=O)[O-])c1)c1ccc(C2=CCC(N3CCC[C@@H]3c3ccccc3C3CC3)CC2)cc1Oc1cnc2[nH]ccc2c1,848.9979999999997,9.087600000000004,4.0,10.0
CHEMBL5842983,active,8.371611069949688,O=C(NS(=O)(=O)c1ccc(NCC2(F)CCC(O)CC2)c([N+](=O)[O-])c1)c1ccc(C2=CCC(N3CCC[C@H]3c3ccccc3C3CC3)CC2)cc1Oc1cnc2[nH]ccc2c1,848.9979999999997,9.087600000000004,4.0,10.0
CHEMBL5794896,active,8.823908740944319,O=C(NS(=O)(=O)c1ccc(NCC2(F)CCN(C3COC3)CC2)c([N+](=O)[O-])c1)c1ccc(-c2ccc(N3CCC[C@@H]3c3ccccc3C3CC3)cc2)cc1Oc1cnc2[nH]ccc2c1,886.0189999999998,8.882800000000005,3.0,11.0
CHEMBL5825277,active,8.494850021680094,O=C(NS(=O)(=O)c1ccc(NCC2(F)CCN(C3COC3)CC2)c([N+](=O)[O-])c1)c1ccc(C2=CCC(N3CCC[C@H]3c3ccccc3C3CC3)CC2)cc1Oc1cnc2[nH]ccc2c1,890.0509999999997,8.647300000000007,3.0,11.0
CHEMBL5928484,active,8.67778070526608,O=C(NS(=O)(=O)c1ccc(NCC2(F)CCOCC2)c([N+](=O)[O-])c1)c1ccc(-c2ccc(N3CCC[C@@H]3c3ccccc3C3CC3)cc2)cc1Oc1cnc2[nH]ccc2c1,830.939,9.1986,3.0,10.0
CHEMBL5945870,active,7.920818753952375,O=C(NS(=O)(=O)c1ccc(NCC2(F)CCOCC2)c([N+](=O)[O-])c1)c1ccc(-c2ccc(N3CCC[C@H]3c3ccccc3C3CC3)cc2)cc1Oc1cnc2[nH]ccc2c1,830.939,9.1986,3.0,10.0
CHEMBL5971190,active,8.309803919971486,O=C(NS(=O)(=O)c1ccc(NCC2(F)CCOCC2)c([N+](=O)[O-])c1)c1ccc(C2=CCC(N3CCCC3c3ccccc3C3CC3)CC2)cc1Oc1cnc2[nH]ccc2c1,834.9709999999999,8.963100000000004,3.0,10.0
CHEMBL5972666,active,8.346787486224656,O=C(NS(=O)(=O)c1ccc(NCC2(F)CCOCC2)c([N+](=O)[O-])c1)c1ccc(C2=CCC(N3CCC[C@@H]3c3ccccc3C3CC3)CC2)cc1Oc1cnc2[nH]ccc2c1,834.9709999999999,8.963100000000004,3.0,10.0
CHEMBL5856844,active,8.468521082957745,O=C(NS(=O)(=O)c1ccc(NCC2(F)CCOCC2)c([N+](=O)[O-])c1)c1ccc(C2=CCC(N3CCC[C@H]3c3ccccc3C3CC3)CC2)cc1Oc1cnc2[nH]ccc2c1,834.9709999999999,8.963100000000004,3.0,10.0
CHEMBL5896999,active,9.008773924307505,O=C(NS(=O)(=O)c1ccc(NCC2(F)CCOCC2)c([N+](=O)[O-])c1)c1ccc(N2CCC3(CC2)CC(N2CCC[C@@H]2c2ccccc2C2CC2)C3)cc1Oc1cnc2[nH]ccc2c1,878.0399999999998,8.776200000000006,3.0,11.0
CHEMBL5972266,active,10.494850021680094,O=C(NS(=O)(=O)c1ccc(NCC2(F)CCOCC2)c([N+](=O)[O-])c1)c1ccc(N2CCC3(CC2)CC(N2CCC[C@H]2c2ccccc2C2CC2)C3)cc1Oc1cnc2[nH]ccc2c1,878.0399999999998,8.776200000000006,3.0,11.0
CHEMBL5869539,active,7.721246399047171,O=C(NS(=O)(=O)c1ccc(NCC2(O)COC2)c([N+](=O)[O-])c1)c1ccc(-c2ccc(N3CCCC3c3ccccc3Cl)cc2)cc1Oc1cnc2[nH]ccc2c1,795.2740000000002,7.217200000000006,4.0,11.0
CHEMBL5785112,active,10.356547323513812,O=C(NS(=O)(=O)c1ccc(NCC2C3COCC23)c([N+](=O)[O-])c1)c1ccc(N2CCC3(CC2)CC(N2CCC[C@H]2c2ccccc2C2CC2)C3)cc1Oc1cnc2[nH]ccc2c1,858.0339999999998,8.149900000000008,3.0,11.0
CHEMBL6035625,active,10.271646217978772,O=C(NS(=O)(=O)c1ccc(NCC2CC(O)CO2)c([N+](=O)[O-])c1)c1ccc(N2CCC3(CC2)CC(N2CCC[C@H]2c2ccccc2C2CC2)C3)cc1Oc1cnc2[nH]ccc2c1,862.0219999999998,7.407300000000008,4.0,12.0
CHEMBL5931376,active,10.236572006437063,O=C(NS(=O)(=O)c1ccc(NCC2CCC(O)(C(F)(F)F)CC2)c([N+](=O)[O-])c1)c1ccc(N2CCC3(CC2)CC(N2CCC[C@H]2c2ccccc2C2CC2)C3)cc1Oc1cnc2[nH]ccc2c1,942.0739999999993,9.7411,4.0,11.0
CHEMBL5824698,active,8.167491087293763,O=C(NS(=O)(=O)c1ccc(NCC2CCC(O)CC2)c([N+](=O)[O-])c1)c1ccc(C2=CCC(N3CCC[C@@H]3c3ccccc3C3CC3)CC2)cc1Oc1cnc2[nH]ccc2c1,831.0079999999999,8.995500000000005,4.0,10.0
CHEMBL5976824,active,8.481486060122112,O=C(NS(=O)(=O)c1ccc(NCC2CCC(O)CC2)c([N+](=O)[O-])c1)c1ccc(C2=CCC(N3CCC[C@H]3c3ccccc3C3CC3)CC2)cc1Oc1cnc2[nH]ccc2c1,831.0079999999999,8.995500000000005,4.0,10.0
CHEMBL5933907,active,8.2839966563652,O=C(NS(=O)(=O)c1ccc(NCC2CCN(C3COC3)CC2)c([N+](=O)[O-])c1)c1ccc(C2=CCC(N3CCCC3c3ccccc3C3CC3)CC2)cc1Oc1cnc2[nH]ccc2c1,872.0609999999997,8.555200000000008,3.0,11.0
CHEMBL6032884,active,8.337242168318426,O=C(NS(=O)(=O)c1ccc(NCC2CCN(C3COC3)CC2)c([N+](=O)[O-])c1)c1ccc(C2=CCC(N3CCC[C@@H]3c3ccccc3C3CC3)CC2)cc1Oc1cnc2[nH]ccc2c1,872.0609999999997,8.555200000000008,3.0,11.0
CHEMBL5940140,active,8.443697499232712,O=C(NS(=O)(=O)c1ccc(NCC2CCN(C3COC3)CC2)c([N+](=O)[O-])c1)c1ccc(C2=CCC(N3CCC[C@H]3c3ccccc3C3CC3)CC2)cc1Oc1cnc2[nH]ccc2c1,872.0609999999997,8.555200000000008,3.0,11.0
CHEMBL6020098,active,6.452225294612178,O=C(NS(=O)(=O)c1ccc(NCC2CCOCC2)c(Cl)c1)c1ccc(C2=CCC(N3CCCC3c3ccccc3C3CC3)CC2)cc1Oc1cnc2[nH]ccc2c1,806.4289999999999,9.6162,3.0,8.0
CHEMBL5775373,active,6.598599459218455,O=C(NS(=O)(=O)c1ccc(NCC2CCOCC2)c(S(=O)(=O)C(F)(F)F)c1)c1ccc(C2=CCC(N3CCCC3c3ccccc3C3CC3)CC2)cc1Oc1cnc2[nH]ccc2c1,904.0459999999995,9.256300000000003,3.0,10.0
CHEMBL6060414,active,6.1220530483708115,O=C(NS(=O)(=O)c1ccc(NCC2CCOCC2)c([N+](=O)[O-])c1)c1ccc(-c2cc3cc(N4CCCC4c4ccccc4)ccc3s2)cc1Oc1cnc2[nH]ccc2c1,828.9730000000003,9.4438,3.0,11.0
CHEMBL5742800,active,10.346787486224656,O=C(NS(=O)(=O)c1ccc(NCC2CCOCC2)c([N+](=O)[O-])c1)c1ccc(-c2cc3cc(N4CCC[C@@H]4c4ccccc4)ccc3s2)cc1Oc1cnc2[nH]ccc2c1,828.9730000000003,9.4438,3.0,11.0
CHEMBL5558230,active,6.688246138944246,O=C(NS(=O)(=O)c1ccc(NCC2CCOCC2)c([N+](=O)[O-])c1)c1ccc(-c2cc3n(n2)C(c2ccc(Cl)cc2)CCN3)cc1Oc1cnc2[nH]ccc2c1,783.2669999999999,7.142500000000006,4.0,11.0
CHEMBL5919132,active,7.309803919971486,O=C(NS(=O)(=O)c1ccc(NCC2CCOCC2)c([N+](=O)[O-])c1)c1ccc(-c2cc3nc(N4CCCC4c4ccccc4)ccn3n2)cc1Oc1cnc2[nH]ccc2c1,813.8970000000002,7.271800000000007,3.0,12.0
CHEMBL5780829,active,6.0,O=C(NS(=O)(=O)c1ccc(NCC2CCOCC2)c([N+](=O)[O-])c1)c1ccc(-c2ccc(C3CCC(=O)N3c3ccccc3C3CC3)cc2)cc1Oc1cnc2[nH]ccc2c1,826.932,8.633100000000004,3.0,10.0
CHEMBL5754545,active,6.617982957425132,O=C(NS(=O)(=O)c1ccc(NCC2CCOCC2)c([N+](=O)[O-])c1)c1ccc(-c2ccc(C3CCCN3Cc3ccccc3)cc2)cc1Oc1cnc2[nH]ccc2c1,786.9110000000002,8.224700000000007,3.0,10.0
CHEMBL5568324,active,7.259637310505756,O=C(NS(=O)(=O)c1ccc(NCC2CCOCC2)c([N+](=O)[O-])c1)c1ccc(-c2ccc(C3CCCN3c3ccccc3)cc2)cc1Oc1cnc2[nH]ccc2c1,772.8840000000002,8.229100000000006,3.0,10.0
CHEMBL5876808,active,7.229147988357855,O=C(NS(=O)(=O)c1ccc(NCC2CCOCC2)c([N+](=O)[O-])c1)c1ccc(-c2ccc(C3CCCN3c3ccccc3C3CC3)cc2)cc1Oc1cnc2[nH]ccc2c1,812.9490000000001,9.106500000000002,3.0,10.0
CHEMBL5900945,active,7.5376020021010435,O=C(NS(=O)(=O)c1ccc(NCC2CCOCC2)c([N+](=O)[O-])c1)c1ccc(-c2ccc(C3CCCN3c3ccccc3[N+](=O)[O-])cc2)cc1Oc1cnc2[nH]ccc2c1,817.8810000000002,8.137300000000007,3.0,12.0
CHEMBL5568336,active,8.09151498112135,O=C(NS(=O)(=O)c1ccc(NCC2CCOCC2)c([N+](=O)[O-])c1)c1ccc(-c2ccc(CCN3CCCC3c3ccccc3C3CC3)cc2)cc1Oc1cnc2[nH]ccc2c1,841.003,9.144600000000002,3.0,10.0
CHEMBL5752506,active,7.6020599913279625,O=C(NS(=O)(=O)c1ccc(NCC2CCOCC2)c([N+](=O)[O-])c1)c1ccc(-c2ccc(CCN3CCC[C@@H]3c3ccccc3C3CC3)cc2)cc1Oc1cnc2[nH]ccc2c1,841.003,9.144600000000002,3.0,10.0
CHEMBL6037553,active,8.09151498112135,O=C(NS(=O)(=O)c1ccc(NCC2CCOCC2)c([N+](=O)[O-])c1)c1ccc(-c2ccc(CCN3CCC[C@H]3c3ccccc3C3CC3)cc2)cc1Oc1cnc2[nH]ccc2c1,841.003,9.144600000000002,3.0,10.0
CHEMBL5793276,active,6.85078088734462,O=C(NS(=O)(=O)c1ccc(NCC2CCOCC2)c([N+](=O)[O-])c1)c1ccc(-c2ccc(CN3CCCC3c3ccc(Cl)cc3)cc2)cc1Oc1cnc2[nH]ccc2c1,821.3560000000002,8.878100000000003,3.0,10.0
CHEMBL5828646,active,7.309803919971486,O=C(NS(=O)(=O)c1ccc(NCC2CCOCC2)c([N+](=O)[O-])c1)c1ccc(-c2ccc(CN3CCCC3c3ccccc3)cc2)cc1Oc1cnc2[nH]ccc2c1,786.9110000000003,8.224700000000007,3.0,10.0
CHEMBL5523489,active,7.070581074285707,O=C(NS(=O)(=O)c1ccc(NCC2CCOCC2)c([N+](=O)[O-])c1)c1ccc(-c2ccc(CN3CCCC3c3ccccc3C3CC3)cc2)cc1Oc1cnc2[nH]ccc2c1,826.9760000000001,9.102100000000002,3.0,10.0
CHEMBL5566112,active,7.0,O=C(NS(=O)(=O)c1ccc(NCC2CCOCC2)c([N+](=O)[O-])c1)c1ccc(-c2ccc(CN3CCCC3c3ccccc3C3CC3)o2)cc1Oc1cnc2[nH]ccc2c1,816.9370000000001,8.695100000000005,3.0,11.0
CHEMBL6057930,active,7.080921907623926,O=C(NS(=O)(=O)c1ccc(NCC2CCOCC2)c([N+](=O)[O-])c1)c1ccc(-c2ccc(CN3CCCC3c3ccccc3Cl)cc2)cc1Oc1cnc2[nH]ccc2c1,821.3560000000002,8.878100000000003,3.0,10.0
CHEMBL5923137,active,7.0,O=C(NS(=O)(=O)c1ccc(NCC2CCOCC2)c([N+](=O)[O-])c1)c1ccc(-c2ccc(CN3CCC[C@@H]3c3cccc(C4CC4)c3)cc2)cc1Oc1cnc2[nH]ccc2c1,826.9760000000001,9.102100000000002,3.0,10.0
CHEMBL5845601,active,7.024568191490737,O=C(NS(=O)(=O)c1ccc(NCC2CCOCC2)c([N+](=O)[O-])c1)c1ccc(-c2ccc(CN3CCC[C@H]3c3cccc(C4CC4)c3)cc2)cc1Oc1cnc2[nH]ccc2c1,826.9760000000001,9.102100000000002,3.0,10.0
CHEMBL5884281,active,7.3872161432802645,O=C(NS(=O)(=O)c1ccc(NCC2CCOCC2)c([N+](=O)[O-])c1)c1ccc(-c2ccc(N3C(=O)CC3c3ccccc3)cc2)cc1Oc1cnc2[nH]ccc2c1,772.8400000000003,7.365600000000007,3.0,10.0
CHEMBL5804914,active,8.229147988357855,O=C(NS(=O)(=O)c1ccc(NCC2CCOCC2)c([N+](=O)[O-])c1)c1ccc(-c2ccc(N3C(=O)COCC3c3ccccc3C3CC3)cc2)cc1Oc1cnc2[nH]ccc2c1,842.9309999999999,7.869500000000008,3.0,11.0
CHEMBL5752551,active,7.2076083105017466,O=C(NS(=O)(=O)c1ccc(NCC2CCOCC2)c([N+](=O)[O-])c1)c1ccc(-c2ccc(N3CC(C4CC4)CC3c3ccccc3C3CC3)cc2)cc1Oc1cnc2[nH]ccc2c1,853.0139999999999,9.742599999999998,3.0,10.0
CHEMBL5834695,active,8.275724130399212,O=C(NS(=O)(=O)c1ccc(NCC2CCOCC2)c([N+](=O)[O-])c1)c1ccc(-c2ccc(N3CC(Cl)CC3c3ccccc3C3CC3)cc2)cc1Oc1cnc2[nH]ccc2c1,847.3939999999999,9.3238,3.0,10.0
CHEMBL6002785,active,7.962573502059376,O=C(NS(=O)(=O)c1ccc(NCC2CCOCC2)c([N+](=O)[O-])c1)c1ccc(-c2ccc(N3CC(F)(F)C[C@@H]3c3ccccc3C3CC3)cc2)cc1Oc1cnc2[nH]ccc2c1,848.929,9.351700000000001,3.0,10.0
CHEMBL5781680,active,7.886056647693163,O=C(NS(=O)(=O)c1ccc(NCC2CCOCC2)c([N+](=O)[O-])c1)c1ccc(-c2ccc(N3CC(F)=CC3c3ccccc3C3CC3)cc2)cc1Oc1cnc2[nH]ccc2c1,828.923,9.179700000000002,3.0,10.0
CHEMBL5889012,active,8.537602002101044,O=C(NS(=O)(=O)c1ccc(NCC2CCOCC2)c([N+](=O)[O-])c1)c1ccc(-c2ccc(N3CC(F)CC3c3ccccc3C3CC3)cc2)cc1Oc1cnc2[nH]ccc2c1,830.939,9.054500000000003,3.0,10.0
CHEMBL5565358,active,7.619788758288394,O=C(NS(=O)(=O)c1ccc(NCC2CCOCC2)c([N+](=O)[O-])c1)c1ccc(-c2ccc(N3CC(N4CCCC4c4ccccc4C4CC4)C3)cc2)cc1Oc1cnc2[nH]ccc2c1,868.0289999999999,8.790700000000006,3.0,11.0
CHEMBL5850888,active,7.0,O=C(NS(=O)(=O)c1ccc(NCC2CCOCC2)c([N+](=O)[O-])c1)c1ccc(-c2ccc(N3CC(c4ccccc4)CC3c3ccccc3C3CC3)cc2)cc1Oc1cnc2[nH]ccc2c1,889.047,10.500199999999992,3.0,10.0
CHEMBL5822503,active,7.522878745280337,O=C(NS(=O)(=O)c1ccc(NCC2CCOCC2)c([N+](=O)[O-])c1)c1ccc(-c2ccc(N3CC4CCCC4C3c3ccccc3)cc2)cc1Oc1cnc2[nH]ccc2c1,812.9490000000002,8.865200000000003,3.0,10.0
CHEMBL5757008,active,7.721246399047171,O=C(NS(=O)(=O)c1ccc(NCC2CCOCC2)c([N+](=O)[O-])c1)c1ccc(-c2ccc(N3CC4CCCC4C3c3ccccc3C3CC3)cc2)cc1Oc1cnc2[nH]ccc2c1,853.014,9.742599999999998,3.0,10.0
CHEMBL5563244,active,6.786482243003695,O=C(NS(=O)(=O)c1ccc(NCC2CCOCC2)c([N+](=O)[O-])c1)c1ccc(-c2ccc(N3CCC(c4ccccc4)C3)cc2)cc1Oc1cnc2[nH]ccc2c1,772.8840000000002,7.881500000000008,3.0,10.0
CHEMBL5557096,active,6.212539525481585,O=C(NS(=O)(=O)c1ccc(NCC2CCOCC2)c([N+](=O)[O-])c1)c1ccc(-c2ccc(N3CCC3c3ccccc3)cc2)cc1Oc1cnc2[nH]ccc2c1,758.8570000000003,7.8390000000000075,3.0,10.0
CHEMBL5785783,active,8.045757490560675,O=C(NS(=O)(=O)c1ccc(NCC2CCOCC2)c([N+](=O)[O-])c1)c1ccc(-c2ccc(N3CCCC3(c3ccccc3)C(F)(F)F)cc2)cc1Oc1cnc2[nH]ccc2c1,840.8810000000004,8.945600000000004,3.0,10.0
CHEMBL5805898,active,7.0,O=C(NS(=O)(=O)c1ccc(NCC2CCOCC2)c([N+](=O)[O-])c1)c1ccc(-c2ccc(N3CCCC3C3=C(C4CC4)CCCC3)cc2)cc1Oc1cnc2[nH]ccc2c1,816.9809999999998,9.137000000000002,3.0,10.0
CHEMBL6006767,active,7.251811972993799,O=C(NS(=O)(=O)c1ccc(NCC2CCOCC2)c([N+](=O)[O-])c1)c1ccc(-c2ccc(N3CCCC3C3CC3)cc2)cc1Oc1cnc2[nH]ccc2c1,736.8510000000001,7.266400000000007,3.0,10.0
CHEMBL5527871,active,6.882728704344236,O=C(NS(=O)(=O)c1ccc(NCC2CCOCC2)c([N+](=O)[O-])c1)c1ccc(-c2ccc(N3CCCC3C3CCCCC3)cc2)cc1Oc1cnc2[nH]ccc2c1,778.9319999999999,8.436700000000007,3.0,10.0
CHEMBL6059224,active,7.468521082957745,O=C(NS(=O)(=O)c1ccc(NCC2CCOCC2)c([N+](=O)[O-])c1)c1ccc(-c2ccc(N3CCCC3Cc3cccc(C4CCCC4)c3)cc2)cc1Oc1cnc2[nH]ccc2c1,855.0299999999999,9.756699999999999,3.0,10.0
CHEMBL5563903,active,6.289882634888183,O=C(NS(=O)(=O)c1ccc(NCC2CCOCC2)c([N+](=O)[O-])c1)c1ccc(-c2ccc(N3CCCC3Cc3ccccc3C3CC3)cc2)cc1Oc1cnc2[nH]ccc2c1,826.976,8.976500000000003,3.0,10.0
CHEMBL5557529,active,7.732828271596986,O=C(NS(=O)(=O)c1ccc(NCC2CCOCC2)c([N+](=O)[O-])c1)c1ccc(-c2ccc(N3CCCC3c3c(F)cccc3Cl)cc2)cc1Oc1cnc2[nH]ccc2c1,825.3190000000002,9.021600000000001,3.0,10.0
CHEMBL5878519,active,6.876148359032914,O=C(NS(=O)(=O)c1ccc(NCC2CCOCC2)c([N+](=O)[O-])c1)c1ccc(-c2ccc(N3CCCC3c3ccc(C4CC4)cc3)cc2)cc1Oc1cnc2[nH]ccc2c1,812.9490000000001,9.106500000000002,3.0,10.0
CHEMBL5560407,active,6.853871964321762,O=C(NS(=O)(=O)c1ccc(NCC2CCOCC2)c([N+](=O)[O-])c1)c1ccc(-c2ccc(N3CCCC3c3ccc(Cl)cc3)cc2)cc1Oc1cnc2[nH]ccc2c1,807.3290000000002,8.882500000000004,3.0,10.0
CHEMBL5751353,active,6.379863945026242,O=C(NS(=O)(=O)c1ccc(NCC2CCOCC2)c([N+](=O)[O-])c1)c1ccc(-c2ccc(N3CCCC3c3cccc(C(F)(F)F)c3)cc2)cc1Oc1cnc2[nH]ccc2c1,840.8810000000003,9.2479,3.0,10.0
CHEMBL5560077,active,6.913640169325252,O=C(NS(=O)(=O)c1ccc(NCC2CCOCC2)c([N+](=O)[O-])c1)c1ccc(-c2ccc(N3CCCC3c3cccc(Cl)c3)cc2)cc1Oc1cnc2[nH]ccc2c1,807.3290000000002,8.882500000000004,3.0,10.0
CHEMBL5858367,active,6.548213564475709,O=C(NS(=O)(=O)c1ccc(NCC2CCOCC2)c([N+](=O)[O-])c1)c1ccc(-c2ccc(N3CCCC3c3cccc(Cl)c3C3CC3)cc2)cc1Oc1cnc2[nH]ccc2c1,847.394,9.759899999999996,3.0,10.0
CHEMBL5959671,active,7.376750709602099,O=C(NS(=O)(=O)c1ccc(NCC2CCOCC2)c([N+](=O)[O-])c1)c1ccc(-c2ccc(N3CCCC3c3cccc4c3OCC4)cc2)cc1Oc1cnc2[nH]ccc2c1,814.921,8.164000000000007,3.0,11.0
CHEMBL5815551,active,7.309803919971486,O=C(NS(=O)(=O)c1ccc(NCC2CCOCC2)c([N+](=O)[O-])c1)c1ccc(-c2ccc(N3CCCC3c3cccc4ccncc34)cc2)cc1Oc1cnc2[nH]ccc2c1,823.9320000000001,8.777300000000004,3.0,11.0
CHEMBL5858004,active,7.060480747381382,O=C(NS(=O)(=O)c1ccc(NCC2CCOCC2)c([N+](=O)[O-])c1)c1ccc(-c2ccc(N3CCCC3c3ccccc3)c(F)c2)cc1Oc1cnc2[nH]ccc2c1,790.8740000000003,8.368200000000005,3.0,10.0
CHEMBL5559481,active,8.031517051446064,O=C(NS(=O)(=O)c1ccc(NCC2CCOCC2)c([N+](=O)[O-])c1)c1ccc(-c2ccc(N3CCCC3c3ccccc3)cc2)cc1Oc1cnc2[nH]ccc2c1,772.8840000000002,8.229100000000006,3.0,10.0
CHEMBL5561570,active,7.5376020021010435,O=C(NS(=O)(=O)c1ccc(NCC2CCOCC2)c([N+](=O)[O-])c1)c1ccc(-c2ccc(N3CCCC3c3ccccc3-c3ccccc3)cc2)cc1Oc1cnc2[nH]ccc2c1,848.9820000000002,9.896099999999997,3.0,10.0
CHEMBL5557944,active,7.624336386039115,O=C(NS(=O)(=O)c1ccc(NCC2CCOCC2)c([N+](=O)[O-])c1)c1ccc(-c2ccc(N3CCCC3c3ccccc3C3CC3)c(F)c2)cc1Oc1cnc2[nH]ccc2c1,830.9390000000001,9.245600000000001,3.0,10.0
CHEMBL5542692,active,8.142667503568731,O=C(NS(=O)(=O)c1ccc(NCC2CCOCC2)c([N+](=O)[O-])c1)c1ccc(-c2ccc(N3CCCC3c3ccccc3C3CC3)cc2)cc1Oc1cnc2[nH]ccc2c1,812.9490000000001,9.106500000000002,3.0,10.0
CHEMBL5568064,active,7.0,O=C(NS(=O)(=O)c1ccc(NCC2CCOCC2)c([N+](=O)[O-])c1)c1ccc(-c2ccc(N3CCCC3c3ccccc3C3CC3)cc2Cl)cc1Oc1cnc2[nH]ccc2c1,847.394,9.759899999999996,3.0,10.0
CHEMBL5567807,active,8.094204119632131,O=C(NS(=O)(=O)c1ccc(NCC2CCOCC2)c([N+](=O)[O-])c1)c1ccc(-c2ccc(N3CCCC3c3ccccc3C3CC3)cc2F)cc1Oc1cnc2[nH]ccc2c1,830.9390000000001,9.245600000000001,3.0,10.0
CHEMBL5532350,active,8.387216143280265,O=C(NS(=O)(=O)c1ccc(NCC2CCOCC2)c([N+](=O)[O-])c1)c1ccc(-c2ccc(N3CCCC3c3ccccc3C3CC3)cn2)cc1Oc1cnc2[nH]ccc2c1,813.937,8.501500000000005,3.0,11.0
CHEMBL5532439,active,8.006563769502389,O=C(NS(=O)(=O)c1ccc(NCC2CCOCC2)c([N+](=O)[O-])c1)c1ccc(-c2ccc(N3CCCC3c3ccccc3C3CCC3)cc2)cc1Oc1cnc2[nH]ccc2c1,826.976,9.496599999999999,3.0,10.0
CHEMBL5562934,active,8.008773924307505,O=C(NS(=O)(=O)c1ccc(NCC2CCOCC2)c([N+](=O)[O-])c1)c1ccc(-c2ccc(N3CCCC3c3ccccc3C3CCCC3)cc2)cc1Oc1cnc2[nH]ccc2c1,841.0029999999999,9.886699999999998,3.0,10.0
CHEMBL5558697,active,7.3979400086720375,O=C(NS(=O)(=O)c1ccc(NCC2CCOCC2)c([N+](=O)[O-])c1)c1ccc(-c2ccc(N3CCCC3c3ccccc3C3CCCCC3)cc2)cc1Oc1cnc2[nH]ccc2c1,855.0299999999999,10.276799999999996,3.0,10.0
CHEMBL5909819,active,9.2518119729938,O=C(NS(=O)(=O)c1ccc(NCC2CCOCC2)c([N+](=O)[O-])c1)c1ccc(-c2ccc(N3CCCC3c3ccccc3C3CCNCC3)cc2)cc1Oc1cnc2[nH]ccc2c1,856.0179999999999,8.696100000000007,4.0,11.0
CHEMBL6021289,active,8.42021640338319,O=C(NS(=O)(=O)c1ccc(NCC2CCOCC2)c([N+](=O)[O-])c1)c1ccc(-c2ccc(N3CCCC3c3ccccc3C3CCOCC3)cc2)cc1Oc1cnc2[nH]ccc2c1,857.002,9.123100000000003,3.0,11.0
CHEMBL6039686,active,7.6777807052660805,O=C(NS(=O)(=O)c1ccc(NCC2CCOCC2)c([N+](=O)[O-])c1)c1ccc(-c2ccc(N3CCCC3c3ccccc3CC3CC3)cc2)cc1Oc1cnc2[nH]ccc2c1,826.976,9.181600000000001,3.0,10.0
CHEMBL6016027,active,6.347753658996677,O=C(NS(=O)(=O)c1ccc(NCC2CCOCC2)c([N+](=O)[O-])c1)c1ccc(-c2ccc(N3CCCC3c3ccccc3Cl)c(Cl)c2)cc1Oc1cnc2[nH]ccc2c1,841.7740000000001,9.535899999999998,3.0,10.0
CHEMBL5542608,active,7.795880017344075,O=C(NS(=O)(=O)c1ccc(NCC2CCOCC2)c([N+](=O)[O-])c1)c1ccc(-c2ccc(N3CCCC3c3ccccc3Cl)cc2)cc1Oc1cnc2[nH]ccc2c1,807.3290000000002,8.882500000000004,3.0,10.0
CHEMBL5518078,active,7.823908740944319,O=C(NS(=O)(=O)c1ccc(NCC2CCOCC2)c([N+](=O)[O-])c1)c1ccc(-c2ccc(N3CCCC3c3ccccc3F)cc2)cc1Oc1cnc2[nH]ccc2c1,790.8740000000003,8.368200000000005,3.0,10.0
CHEMBL5907442,active,8.356547323513812,O=C(NS(=O)(=O)c1ccc(NCC2CCOCC2)c([N+](=O)[O-])c1)c1ccc(-c2ccc(N3CCCC3c3ccccc3N3CCC(O)CC3)cc2)cc1Oc1cnc2[nH]ccc2c1,872.0169999999999,8.190200000000008,4.0,12.0
CHEMBL5994332,active,8.769551078621726,O=C(NS(=O)(=O)c1ccc(NCC2CCOCC2)c([N+](=O)[O-])c1)c1ccc(-c2ccc(N3CCCC3c3ccccc3N3CCC3)cc2)cc1Oc1cnc2[nH]ccc2c1,827.9639999999999,8.439200000000007,3.0,11.0
CHEMBL5982217,active,9.327902142064282,O=C(NS(=O)(=O)c1ccc(NCC2CCOCC2)c([N+](=O)[O-])c1)c1ccc(-c2ccc(N3CCCC3c3ccccc3N3CCNCC3)cc2)cc1Oc1cnc2[nH]ccc2c1,857.0059999999999,7.638700000000009,4.0,12.0
CHEMBL5806788,active,8.42021640338319,O=C(NS(=O)(=O)c1ccc(NCC2CCOCC2)c([N+](=O)[O-])c1)c1ccc(-c2ccc(N3CCCC3c3ccccc3N3CCOCC3)cc2)cc1Oc1cnc2[nH]ccc2c1,857.9899999999999,8.065700000000009,3.0,12.0
CHEMBL5808483,active,7.0,O=C(NS(=O)(=O)c1ccc(NCC2CCOCC2)c([N+](=O)[O-])c1)c1ccc(-c2ccc(N3CCCC3c3ccccc3Oc3ccccc3)cc2)cc1Oc1cnc2[nH]ccc2c1,864.9810000000002,10.021399999999996,3.0,11.0
CHEMBL5532222,active,7.779891911959945,O=C(NS(=O)(=O)c1ccc(NCC2CCOCC2)c([N+](=O)[O-])c1)c1ccc(-c2ccc(N3CCCC3c3cccnc3)cc2)cc1Oc1cnc2[nH]ccc2c1,773.8720000000002,7.624100000000007,3.0,11.0
CHEMBL5938623,active,7.366531544420414,O=C(NS(=O)(=O)c1ccc(NCC2CCOCC2)c([N+](=O)[O-])c1)c1ccc(-c2ccc(N3CCCC3c3ccnn3C3CC3)cc2)cc1Oc1cnc2[nH]ccc2c1,802.914,7.7605000000000075,3.0,11.0
CHEMBL6022796,active,7.823908740944319,O=C(NS(=O)(=O)c1ccc(NCC2CCOCC2)c([N+](=O)[O-])c1)c1ccc(-c2ccc(N3CCCC3c3cnccc3C3CC3)cc2)cc1Oc1cnc2[nH]ccc2c1,813.937,8.501500000000007,3.0,11.0
CHEMBL5567852,active,7.288192770958809,O=C(NS(=O)(=O)c1ccc(NCC2CCOCC2)c([N+](=O)[O-])c1)c1ccc(-c2ccc(N3CCCCC3c3ccccc3)cc2)cc1Oc1cnc2[nH]ccc2c1,786.9110000000003,8.619200000000005,3.0,10.0
CHEMBL5823408,active,7.481486060122112,O=C(NS(=O)(=O)c1ccc(NCC2CCOCC2)c([N+](=O)[O-])c1)c1ccc(-c2ccc(N3CCCCC3c3ccccc3C3CC3)cc2)cc1Oc1cnc2[nH]ccc2c1,826.9760000000001,9.496599999999999,3.0,10.0
CHEMBL5849462,active,7.508638306165727,O=C(NS(=O)(=O)c1ccc(NCC2CCOCC2)c([N+](=O)[O-])c1)c1ccc(-c2ccc(N3CCCCCC3c3ccccc3)cc2)cc1Oc1cnc2[nH]ccc2c1,800.9380000000002,9.009300000000001,3.0,10.0
CHEMBL5881366,active,7.0,O=C(NS(=O)(=O)c1ccc(NCC2CCOCC2)c([N+](=O)[O-])c1)c1ccc(-c2ccc(N3CCCN3c3ccccc3C3CC3)cc2)cc1Oc1cccc(Nc2ncccn2)c1,867.001,9.054000000000004,3.0,13.0
CHEMBL5908080,active,7.769551078621726,O=C(NS(=O)(=O)c1ccc(NCC2CCOCC2)c([N+](=O)[O-])c1)c1ccc(-c2ccc(N3CCCN3c3ccccc3C3CC3)cc2)cc1Oc1cnc2[nH]ccc2c1,813.937,8.396700000000006,3.0,11.0
CHEMBL5960930,active,8.638272163982407,O=C(NS(=O)(=O)c1ccc(NCC2CCOCC2)c([N+](=O)[O-])c1)c1ccc(-c2ccc(N3CCC[C@@H]3c3ccccc3-c3ccncc3)cc2)cc1Oc1cnc2[nH]ccc2c1,849.9700000000001,9.2911,3.0,11.0
CHEMBL5980660,active,8.455931955649724,O=C(NS(=O)(=O)c1ccc(NCC2CCOCC2)c([N+](=O)[O-])c1)c1ccc(-c2ccc(N3CCC[C@@H]3c3ccccc3C3=CCN(C4CC4)CC3)cc2)cc1Oc1cnc2[nH]ccc2c1,894.0669999999998,9.4806,3.0,11.0
CHEMBL5742365,active,8.18045606445813,O=C(NS(=O)(=O)c1ccc(NCC2CCOCC2)c([N+](=O)[O-])c1)c1ccc(-c2ccc(N3CCC[C@@H]3c3ccccc3C3=CCN(Cc4ccccc4)CC3)cc2)cc1Oc1cnc2[nH]ccc2c1,944.1269999999998,10.518399999999994,3.0,11.0
CHEMBL5557016,active,7.774432286560529,O=C(NS(=O)(=O)c1ccc(NCC2CCOCC2)c([N+](=O)[O-])c1)c1ccc(-c2ccc(N3CCC[C@@H]3c3ccccc3C3CC3)cc2)cc1Oc1cnc2[nH]ccc2c1,812.9490000000001,9.106500000000002,3.0,10.0
CHEMBL5821827,active,7.552841968657781,O=C(NS(=O)(=O)c1ccc(NCC2CCOCC2)c([N+](=O)[O-])c1)c1ccc(-c2ccc(N3CCC[C@@H]3c3ccccc3C3CCC(F)(F)CC3)cc2)cc1Oc1cnc2[nH]ccc2c1,891.01,10.521999999999993,3.0,10.0
CHEMBL5740818,active,7.721246399047171,O=C(NS(=O)(=O)c1ccc(NCC2CCOCC2)c([N+](=O)[O-])c1)c1ccc(-c2ccc(N3CCC[C@@H]3c3ccccc3C3CCN(CCC(F)(F)F)CC3)cc2)cc1Oc1cnc2[nH]ccc2c1,952.0689999999998,10.360899999999996,3.0,11.0
CHEMBL6017993,active,9.2518119729938,O=C(NS(=O)(=O)c1ccc(NCC2CCOCC2)c([N+](=O)[O-])c1)c1ccc(-c2ccc(N3CCC[C@@H]3c3ccccc3C3CCN(CCO)CC3)cc2)cc1Oc1cnc2[nH]ccc2c1,900.0709999999998,8.400800000000007,4.0,12.0
CHEMBL5997261,active,9.309803919971486,O=C(NS(=O)(=O)c1ccc(NCC2CCOCC2)c([N+](=O)[O-])c1)c1ccc(-c2ccc(N3CCC[C@@H]3c3ccccc3C3CCS(=O)(=O)CC3)cc2)cc1Oc1cnc2[nH]ccc2c1,905.068,8.521300000000007,3.0,12.0
CHEMBL6009922,active,8.42021640338319,O=C(NS(=O)(=O)c1ccc(NCC2CCOCC2)c([N+](=O)[O-])c1)c1ccc(-c2ccc(N3CCC[C@@H]3c3ccccc3Cl)cc2)cc1Oc1cnc2[nH]ccc2c1,807.3290000000002,8.882500000000004,3.0,10.0
CHEMBL5543056,active,8.721246399047171,O=C(NS(=O)(=O)c1ccc(NCC2CCOCC2)c([N+](=O)[O-])c1)c1ccc(-c2ccc(N3CCC[C@H]3c3ccccc3C3CC3)cc2)cc1Oc1cnc2[nH]ccc2c1,812.9490000000001,9.106500000000002,3.0,10.0
CHEMBL5822566,active,7.443697499232712,O=C(NS(=O)(=O)c1ccc(NCC2CCOCC2)c([N+](=O)[O-])c1)c1ccc(-c2ccc(N3CCC[C@H]3c3ccccc3Cl)cc2)cc1Oc1cnc2[nH]ccc2c1,807.3290000000002,8.882500000000004,3.0,10.0
CHEMBL5860255,active,7.657577319177793,O=C(NS(=O)(=O)c1ccc(NCC2CCOCC2)c([N+](=O)[O-])c1)c1ccc(-c2ccc(N3CCOCC3c3ccccc3C3CC3)cc2)cc1Oc1cnc2[nH]ccc2c1,828.948,8.342900000000007,3.0,11.0
CHEMBL5907451,active,7.0,O=C(NS(=O)(=O)c1ccc(NCC2CCOCC2)c([N+](=O)[O-])c1)c1ccc(-c2ccc(N3CCc4scc(-c5ccccc5)c4C3)cc2)cc1Oc1cnc2[nH]ccc2c1,840.984,9.178800000000003,3.0,11.0
CHEMBL5795254,active,9.356547323513812,O=C(NS(=O)(=O)c1ccc(NCC2CCOCC2)c([N+](=O)[O-])c1)c1ccc(-c2ccc(N3C[C@@H](F)C[C@@H]3c3ccccc3C3CC3)cc2)cc1Oc1cnc2[nH]ccc2c1,830.939,9.054500000000003,3.0,10.0
CHEMBL5882599,active,7.5376020021010435,O=C(NS(=O)(=O)c1ccc(NCC2CCOCC2)c([N+](=O)[O-])c1)c1ccc(-c2ccc(N3C[C@@H](F)C[C@H]3c3ccccc3C3CC3)cc2)cc1Oc1cnc2[nH]ccc2c1,830.939,9.054500000000003,3.0,10.0
CHEMBL5756700,active,8.075720713938118,O=C(NS(=O)(=O)c1ccc(NCC2CCOCC2)c([N+](=O)[O-])c1)c1ccc(-c2ccc(N3C[C@H](F)C[C@@H]3c3ccccc3C3CC3)cc2)cc1Oc1cnc2[nH]ccc2c1,830.939,9.054500000000003,3.0,10.0
CHEMBL6017527,active,8.236572006437063,O=C(NS(=O)(=O)c1ccc(NCC2CCOCC2)c([N+](=O)[O-])c1)c1ccc(-c2ccc(N3C[C@H](F)C[C@H]3c3ccccc3C3CC3)cc2)cc1Oc1cnc2[nH]ccc2c1,830.939,9.054500000000003,3.0,10.0
CHEMBL5831887,active,7.060480747381382,O=C(NS(=O)(=O)c1ccc(NCC2CCOCC2)c([N+](=O)[O-])c1)c1ccc(-c2ccc3[nH]c(N4CCCC4c4ccccc4C4CC4)nc3c2)cc1Oc1cnc2[nH]ccc2c1,852.9739999999999,8.982800000000003,4.0,11.0
CHEMBL5542383,active,7.0,O=C(NS(=O)(=O)c1ccc(NCC2CCOCC2)c([N+](=O)[O-])c1)c1ccc(-c2cccc(CN3CCCC3c3ccccc3C3CC3)c2)cc1Oc1cnc2[nH]ccc2c1,826.976,9.102100000000002,3.0,10.0
CHEMBL5841259,active,7.494850021680094,O=C(NS(=O)(=O)c1ccc(NCC2CCOCC2)c([N+](=O)[O-])c1)c1ccc(-c2cccc(N3CCCC3c3ccccc3C3CC3)c2)cc1Oc1cnc2[nH]ccc2c1,812.9490000000001,9.106500000000002,3.0,10.0
CHEMBL5759943,active,8.638272163982407,O=C(NS(=O)(=O)c1ccc(NCC2CCOCC2)c([N+](=O)[O-])c1)c1ccc(-c2cnn(C3CC(N4CCC[C@H]4c4ccccc4C4CC4)C3)c2)cc1Oc1cnc2[nH]ccc2c1,857.0059999999997,8.502100000000008,3.0,11.0
CHEMBL5559354,active,8.886056647693163,O=C(NS(=O)(=O)c1ccc(NCC2CCOCC2)c([N+](=O)[O-])c1)c1ccc(C2=CCC(CN3CCCC3c3ccccc3C3CC3)CC2)cc1Oc1cnc2[nH]ccc2c1,831.0079999999999,9.118600000000004,3.0,10.0
CHEMBL5805324,active,8.4089353929735,O=C(NS(=O)(=O)c1ccc(NCC2CCOCC2)c([N+](=O)[O-])c1)c1ccc(C2=CCC(CN3CCC[C@H]3c3ccccc3C3CC3)CC2)cc1Oc1cnc2[nH]ccc2c1,831.0079999999999,9.118600000000004,3.0,10.0
CHEMBL5766474,active,7.443697499232712,O=C(NS(=O)(=O)c1ccc(NCC2CCOCC2)c([N+](=O)[O-])c1)c1ccc(C2=CCC(N3CC(Cl)CC3c3ccccc3C3CC3)CC2)cc1Oc1cnc2[nH]ccc2c1,851.4259999999998,9.088300000000002,3.0,10.0
CHEMBL5947397,active,7.200659450546418,O=C(NS(=O)(=O)c1ccc(NCC2CCOCC2)c([N+](=O)[O-])c1)c1ccc(C2=CCC(N3CC(F)(F)CC3c3ccccc3C3CC3)CC2)cc1Oc1cnc2[nH]ccc2c1,852.9609999999998,9.116200000000003,3.0,10.0
CHEMBL5795683,active,7.823908740944319,O=C(NS(=O)(=O)c1ccc(NCC2CCOCC2)c([N+](=O)[O-])c1)c1ccc(C2=CCC(N3CC(F)CC3c3ccccc3C3CC3)CC2)cc1Oc1cnc2[nH]ccc2c1,834.9709999999998,8.819000000000006,3.0,10.0
CHEMBL5935001,active,7.958607314841775,O=C(NS(=O)(=O)c1ccc(NCC2CCOCC2)c([N+](=O)[O-])c1)c1ccc(C2=CCC(N3CC(O)CC3c3ccccc3)CC2)cc1Oc1cnc2[nH]ccc2c1,792.915,6.9644000000000075,4.0,11.0
CHEMBL5816689,active,7.346787486224656,O=C(NS(=O)(=O)c1ccc(NCC2CCOCC2)c([N+](=O)[O-])c1)c1ccc(C2=CCC(N3CC4CCCC4C3c3ccccc3C3CC3)CC2)cc1Oc1cnc2[nH]ccc2c1,857.0459999999998,9.507100000000001,3.0,10.0
CHEMBL5854884,active,7.7447274948966935,O=C(NS(=O)(=O)c1ccc(NCC2CCOCC2)c([N+](=O)[O-])c1)c1ccc(C2=CCC(N3CC=CC3c3ccccc3C3CC3)CC2)cc1Oc1cnc2[nH]ccc2c1,814.9649999999999,8.647000000000006,3.0,10.0
CHEMBL5809113,active,6.962573502059376,O=C(NS(=O)(=O)c1ccc(NCC2CCOCC2)c([N+](=O)[O-])c1)c1ccc(C2=CCC(N3CCC(c4ccccc4C4CC4)C3)CC2)cc1Oc1cnc2[nH]ccc2c1,816.9809999999999,8.523400000000008,3.0,10.0
CHEMBL5758771,active,7.036212172654444,O=C(NS(=O)(=O)c1ccc(NCC2CCOCC2)c([N+](=O)[O-])c1)c1ccc(C2=CCC(N3CCC(c4ccccc4Cl)C3)CC2)cc1Oc1cnc2[nH]ccc2c1,811.361,8.299400000000006,3.0,10.0
CHEMBL5999290,active,7.823908740944319,O=C(NS(=O)(=O)c1ccc(NCC2CCOCC2)c([N+](=O)[O-])c1)c1ccc(C2=CCC(N3CCC3c3ccccc3)CC2)cc1Oc1cnc2[nH]ccc2c1,762.8890000000001,7.6035000000000075,3.0,10.0
CHEMBL6057270,active,7.161150909262744,O=C(NS(=O)(=O)c1ccc(NCC2CCOCC2)c([N+](=O)[O-])c1)c1ccc(C2=CCC(N3CCCC3C#Cc3ccccc3)CC2)cc1Oc1cnc2[nH]ccc2c1,800.9380000000001,7.672600000000008,3.0,10.0
CHEMBL5848464,active,7.721246399047171,O=C(NS(=O)(=O)c1ccc(NCC2CCOCC2)c([N+](=O)[O-])c1)c1ccc(C2=CCC(N3CCCC3C3CCCC3)CC2)cc1Oc1cnc2[nH]ccc2c1,768.9369999999999,7.811100000000009,3.0,10.0
CHEMBL5901849,active,8.136677139879543,O=C(NS(=O)(=O)c1ccc(NCC2CCOCC2)c([N+](=O)[O-])c1)c1ccc(C2=CCC(N3CCCC3C3CCCCC3)CC2)cc1Oc1cnc2[nH]ccc2c1,782.9639999999998,8.201200000000007,3.0,10.0
CHEMBL5908012,active,7.619788758288394,O=C(NS(=O)(=O)c1ccc(NCC2CCOCC2)c([N+](=O)[O-])c1)c1ccc(C2=CCC(N3CCCC3Cc3ccccc3)CC2)cc1Oc1cnc2[nH]ccc2c1,790.9430000000001,7.863600000000009,3.0,10.0
CHEMBL5775752,active,7.958607314841775,O=C(NS(=O)(=O)c1ccc(NCC2CCOCC2)c([N+](=O)[O-])c1)c1ccc(C2=CCC(N3CCCC3Cc3ccccc3C3CC3)CC2)cc1Oc1cnc2[nH]ccc2c1,831.0079999999999,8.741000000000005,3.0,10.0
CHEMBL5820024,active,7.036212172654444,O=C(NS(=O)(=O)c1ccc(NCC2CCOCC2)c([N+](=O)[O-])c1)c1ccc(C2=CCC(N3CCCC3c3c(Cl)cccc3Br)CC2)cc1Oc1cnc2[nH]ccc2c1,890.2570000000001,9.4095,3.0,10.0
CHEMBL5983625,active,7.318758762624412,O=C(NS(=O)(=O)c1ccc(NCC2CCOCC2)c([N+](=O)[O-])c1)c1ccc(C2=CCC(N3CCCC3c3c(Cl)cccc3C3CC3)CC2)cc1Oc1cnc2[nH]ccc2c1,851.4259999999999,9.5244,3.0,10.0
CHEMBL5791810,active,7.107905397309519,O=C(NS(=O)(=O)c1ccc(NCC2CCOCC2)c([N+](=O)[O-])c1)c1ccc(C2=CCC(N3CCCC3c3c(Cl)cccc3Cl)CC2)cc1Oc1cnc2[nH]ccc2c1,845.806,9.300400000000002,3.0,10.0
CHEMBL5932341,active,7.920818753952375,O=C(NS(=O)(=O)c1ccc(NCC2CCOCC2)c([N+](=O)[O-])c1)c1ccc(C2=CCC(N3CCCC3c3c(F)cccc3C3CC3)CC2)cc1Oc1cnc2[nH]ccc2c1,834.971,9.010100000000003,3.0,10.0
CHEMBL5770314,active,7.2839966563652006,O=C(NS(=O)(=O)c1ccc(NCC2CCOCC2)c([N+](=O)[O-])c1)c1ccc(C2=CCC(N3CCCC3c3cc(C4CC4)ccc3Cl)CC2)cc1Oc1cnc2[nH]ccc2c1,851.4259999999999,9.5244,3.0,10.0
CHEMBL5747296,active,7.769551078621726,O=C(NS(=O)(=O)c1ccc(NCC2CCOCC2)c([N+](=O)[O-])c1)c1ccc(C2=CCC(N3CCCC3c3cc(C4CC4)ccc3F)CC2)cc1Oc1cnc2[nH]ccc2c1,834.971,9.010100000000003,3.0,10.0
CHEMBL6049964,active,7.568636235841013,O=C(NS(=O)(=O)c1ccc(NCC2CCOCC2)c([N+](=O)[O-])c1)c1ccc(C2=CCC(N3CCCC3c3cc(C4CC4)cs3)CC2)cc1Oc1cnc2[nH]ccc2c1,823.01,8.932500000000005,3.0,11.0
CHEMBL6021718,active,7.096910013008056,O=C(NS(=O)(=O)c1ccc(NCC2CCOCC2)c([N+](=O)[O-])c1)c1ccc(C2=CCC(N3CCCC3c3cc(Cl)ccc3C3CC3)CC2)cc1Oc1cnc2[nH]ccc2c1,851.4259999999999,9.5244,3.0,10.0
CHEMBL5862976,active,7.3872161432802645,O=C(NS(=O)(=O)c1ccc(NCC2CCOCC2)c([N+](=O)[O-])c1)c1ccc(C2=CCC(N3CCCC3c3cc(F)ccc3C3CC3)CC2)cc1Oc1cnc2[nH]ccc2c1,834.971,9.010100000000003,3.0,10.0
CHEMBL5896435,active,7.031517051446065,O=C(NS(=O)(=O)c1ccc(NCC2CCOCC2)c([N+](=O)[O-])c1)c1ccc(C2=CCC(N3CCCC3c3cc4ccccc4s3)CC2)cc1Oc1cnc2[nH]ccc2c1,833.0050000000001,9.208300000000001,3.0,11.0
CHEMBL6058975,active,7.6777807052660805,O=C(NS(=O)(=O)c1ccc(NCC2CCOCC2)c([N+](=O)[O-])c1)c1ccc(C2=CCC(N3CCCC3c3ccc(C4CC4)cc3)CC2)cc1Oc1cnc2[nH]ccc2c1,816.981,8.871000000000006,3.0,10.0
CHEMBL5892515,active,7.229147988357855,O=C(NS(=O)(=O)c1ccc(NCC2CCOCC2)c([N+](=O)[O-])c1)c1ccc(C2=CCC(N3CCCC3c3ccc(Cl)cc3C3CC3)CC2)cc1Oc1cnc2[nH]ccc2c1,851.4259999999999,9.5244,3.0,10.0
CHEMBL5969360,active,7.638272163982407,O=C(NS(=O)(=O)c1ccc(NCC2CCOCC2)c([N+](=O)[O-])c1)c1ccc(C2=CCC(N3CCCC3c3ccc(F)cc3C3CC3)CC2)cc1Oc1cnc2[nH]ccc2c1,834.971,9.010100000000003,3.0,10.0
CHEMBL5819835,active,7.236572006437063,O=C(NS(=O)(=O)c1ccc(NCC2CCOCC2)c([N+](=O)[O-])c1)c1ccc(C2=CCC(N3CCCC3c3ccc(F)cc3Cl)CC2)cc1Oc1cnc2[nH]ccc2c1,829.3510000000001,8.786100000000005,3.0,10.0
CHEMBL5841782,active,8.102372908709558,O=C(NS(=O)(=O)c1ccc(NCC2CCOCC2)c([N+](=O)[O-])c1)c1ccc(C2=CCC(N3CCCC3c3cccc(C4CC4)c3)CC2)cc1Oc1cnc2[nH]ccc2c1,816.981,8.871000000000006,3.0,10.0
CHEMBL5833010,active,7.853871964321762,O=C(NS(=O)(=O)c1ccc(NCC2CCOCC2)c([N+](=O)[O-])c1)c1ccc(C2=CCC(N3CCCC3c3cccc(Cl)c3C3CC3)CC2)cc1Oc1cnc2[nH]ccc2c1,851.4259999999999,9.5244,3.0,10.0
CHEMBL6018319,active,6.931814138253839,O=C(NS(=O)(=O)c1ccc(NCC2CCOCC2)c([N+](=O)[O-])c1)c1ccc(C2=CCC(N3CCCC3c3cccc(Cl)c3Cl)CC2)cc1Oc1cnc2[nH]ccc2c1,845.806,9.300400000000002,3.0,10.0
CHEMBL5835008,active,7.036212172654444,O=C(NS(=O)(=O)c1ccc(NCC2CCOCC2)c([N+](=O)[O-])c1)c1ccc(C2=CCC(N3CCCC3c3cccc(F)c3C3CC3)CC2)cc1Oc1cnc2[nH]ccc2c1,834.971,9.010100000000003,3.0,10.0
CHEMBL5862498,active,6.653647025549361,O=C(NS(=O)(=O)c1ccc(NCC2CCOCC2)c([N+](=O)[O-])c1)c1ccc(C2=CCC(N3CCCC3c3cccc(F)c3Cl)CC2)cc1Oc1cnc2[nH]ccc2c1,829.3510000000001,8.786100000000005,3.0,10.0
CHEMBL5879749,active,6.8696662315049934,O=C(NS(=O)(=O)c1ccc(NCC2CCOCC2)c([N+](=O)[O-])c1)c1ccc(C2=CCC(N3CCCC3c3cccc4c3OC(F)(F)O4)CC2)cc1Oc1cnc2[nH]ccc2c1,856.9050000000002,8.315100000000006,3.0,12.0
CHEMBL5787141,active,7.568636235841013,O=C(NS(=O)(=O)c1ccc(NCC2CCOCC2)c([N+](=O)[O-])c1)c1ccc(C2=CCC(N3CCCC3c3cccc4c3OCO4)CC2)cc1Oc1cnc2[nH]ccc2c1,820.9250000000001,7.722300000000008,3.0,12.0
CHEMBL5815573,active,7.050609993355087,O=C(NS(=O)(=O)c1ccc(NCC2CCOCC2)c([N+](=O)[O-])c1)c1ccc(C2=CCC(N3CCCC3c3cccc4ccccc34)CC2)cc1Oc1cnc2[nH]ccc2c1,826.9760000000001,9.146800000000002,3.0,10.0
CHEMBL5928106,active,6.8326826652518236,O=C(NS(=O)(=O)c1ccc(NCC2CCOCC2)c([N+](=O)[O-])c1)c1ccc(C2=CCC(N3CCCC3c3cccc4ccsc34)CC2)cc1Oc1cnc2[nH]ccc2c1,833.0050000000001,9.208300000000001,3.0,11.0
CHEMBL5741586,active,7.2076083105017466,O=C(NS(=O)(=O)c1ccc(NCC2CCOCC2)c([N+](=O)[O-])c1)c1ccc(C2=CCC(N3CCCC3c3ccccc3-c3cccs3)CC2)cc1Oc1cnc2[nH]ccc2c1,859.0430000000001,9.7221,3.0,11.0
CHEMBL5932525,active,7.236572006437063,O=C(NS(=O)(=O)c1ccc(NCC2CCOCC2)c([N+](=O)[O-])c1)c1ccc(C2=CCC(N3CCCC3c3ccccc3-c3ccoc3)CC2)cc1Oc1cnc2[nH]ccc2c1,842.9750000000001,9.2536,3.0,11.0
CHEMBL5905439,active,7.853871964321762,O=C(NS(=O)(=O)c1ccc(NCC2CCOCC2)c([N+](=O)[O-])c1)c1ccc(C2=CCC(N3CCCC3c3ccccc3Br)CC2)cc1Oc1cnc2[nH]ccc2c1,855.8120000000001,8.756100000000004,3.0,10.0
CHEMBL5920168,active,7.508638306165727,O=C(NS(=O)(=O)c1ccc(NCC2CCOCC2)c([N+](=O)[O-])c1)c1ccc(C2=CCC(N3CCCC3c3ccccc3C(F)(F)F)CC2)cc1Oc1cnc2[nH]ccc2c1,844.9130000000002,9.012400000000003,3.0,10.0
CHEMBL6007862,active,7.721246399047171,O=C(NS(=O)(=O)c1ccc(NCC2CCOCC2)c([N+](=O)[O-])c1)c1ccc(C2=CCC(N3CCCC3c3ccccc3C3=CCNCC3)CC2)cc1Oc1cnc2[nH]ccc2c1,858.0339999999999,8.370300000000007,4.0,11.0
CHEMBL5774230,active,6.773400094792643,O=C(NS(=O)(=O)c1ccc(NCC2CCOCC2)c([N+](=O)[O-])c1)c1ccc(C2=CCC(N3CCCC3c3ccccc3C3CC3)CC2)cc1-n1ncc2nc3[nH]ccc3cc21,841.0069999999998,8.417600000000006,3.0,10.0
CHEMBL5564159,active,8.958607314841775,O=C(NS(=O)(=O)c1ccc(NCC2CCOCC2)c([N+](=O)[O-])c1)c1ccc(C2=CCC(N3CCCC3c3ccccc3C3CC3)CC2)cc1Oc1cnc2[nH]ccc2c1,816.981,8.871000000000006,3.0,10.0
CHEMBL5834233,active,7.5376020021010435,O=C(NS(=O)(=O)c1ccc(NCC2CCOCC2)c([N+](=O)[O-])c1)c1ccc(C2=CCC(N3CCCC3c3ccccc3C3CCC3)CC2)cc1Oc1cnc2[nH]ccc2c1,831.0079999999999,9.261100000000003,3.0,10.0
CHEMBL5912154,active,7.031517051446065,O=C(NS(=O)(=O)c1ccc(NCC2CCOCC2)c([N+](=O)[O-])c1)c1ccc(C2=CCC(N3CCCC3c3ccccc3C3CCCC3)CC2)cc1Oc1cnc2[nH]ccc2c1,845.0349999999999,9.651200000000001,3.0,10.0
CHEMBL5940828,active,7.853871964321762,O=C(NS(=O)(=O)c1ccc(NCC2CCOCC2)c([N+](=O)[O-])c1)c1ccc(C2=CCC(N3CCCC3c3ccccc3C3CCNCC3)CC2)cc1Oc1cnc2[nH]ccc2c1,860.0499999999998,8.460600000000007,4.0,11.0
CHEMBL5814085,active,7.102372908709558,O=C(NS(=O)(=O)c1ccc(NCC2CCOCC2)c([N+](=O)[O-])c1)c1ccc(C2=CCC(N3CCCC3c3ccccc3CC(F)(F)F)CC2)cc1Oc1cnc2[nH]ccc2c1,858.9400000000002,9.098400000000002,3.0,10.0
CHEMBL5748708,active,7.221848749616356,O=C(NS(=O)(=O)c1ccc(NCC2CCOCC2)c([N+](=O)[O-])c1)c1ccc(C2=CCC(N3CCCC3c3ccccc3CC3CC3)CC2)cc1Oc1cnc2[nH]ccc2c1,831.0079999999999,8.946100000000005,3.0,10.0
CHEMBL5954289,active,7.2441251443275085,O=C(NS(=O)(=O)c1ccc(NCC2CCOCC2)c([N+](=O)[O-])c1)c1ccc(C2=CCC(N3CCCC3c3ccccc3Cc3ccccc3)CC2)cc1Oc1cnc2[nH]ccc2c1,867.041,9.584399999999999,3.0,10.0
CHEMBL5936446,active,7.585026652029182,O=C(NS(=O)(=O)c1ccc(NCC2CCOCC2)c([N+](=O)[O-])c1)c1ccc(C2=CCC(N3CCCC3c3ccccc3Cl)CC2)cc1Oc1cnc2[nH]ccc2c1,811.3610000000001,8.647000000000006,3.0,10.0
CHEMBL5874645,active,7.292429823902063,O=C(NS(=O)(=O)c1ccc(NCC2CCOCC2)c([N+](=O)[O-])c1)c1ccc(C2=CCC(N3CCCC3c3ccccc3OC(F)(F)F)CC2)cc1Oc1cnc2[nH]ccc2c1,860.9120000000003,8.892200000000003,3.0,11.0
CHEMBL5957647,active,7.3872161432802645,O=C(NS(=O)(=O)c1ccc(NCC2CCOCC2)c([N+](=O)[O-])c1)c1ccc(C2=CCC(N3CCCC3c3ccccc3OC(F)F)CC2)cc1Oc1cnc2[nH]ccc2c1,842.9220000000003,8.595000000000006,3.0,11.0
CHEMBL5971182,active,7.7447274948966935,O=C(NS(=O)(=O)c1ccc(NCC2CCOCC2)c([N+](=O)[O-])c1)c1ccc(C2=CCC(N3CCCC3c3ccccc3OC3CC3)CC2)cc1Oc1cnc2[nH]ccc2c1,832.98,8.534800000000008,3.0,11.0
CHEMBL5968888,active,6.958607314841775,O=C(NS(=O)(=O)c1ccc(NCC2CCOCC2)c([N+](=O)[O-])c1)c1ccc(C2=CCC(N3CCCC3c3ccccc3Oc3ccccc3)CC2)cc1Oc1cnc2[nH]ccc2c1,869.0130000000001,9.785899999999998,3.0,11.0
CHEMBL5890286,active,7.2076083105017466,O=C(NS(=O)(=O)c1ccc(NCC2CCOCC2)c([N+](=O)[O-])c1)c1ccc(C2=CCC(N3CCCC3c3ccccc3[C@@H]3CC3(F)F)CC2)cc1Oc1cnc2[nH]ccc2c1,852.9610000000001,9.116200000000003,3.0,10.0
CHEMBL5869282,active,7.494850021680094,O=C(NS(=O)(=O)c1ccc(NCC2CCOCC2)c([N+](=O)[O-])c1)c1ccc(C2=CCC(N3CCCC3c3ccccc3[C@H]3CC3(F)F)CC2)cc1Oc1cnc2[nH]ccc2c1,852.9610000000001,9.116200000000003,3.0,10.0
CHEMBL5976895,active,7.522878745280337,O=C(NS(=O)(=O)c1ccc(NCC2CCOCC2)c([N+](=O)[O-])c1)c1ccc(C2=CCC(N3CCCC3c3ccccn3)CC2)cc1Oc1cnc2[nH]ccc2c1,777.9040000000001,7.388600000000008,3.0,11.0
CHEMBL5997904,active,7.275724130399211,O=C(NS(=O)(=O)c1ccc(NCC2CCOCC2)c([N+](=O)[O-])c1)c1ccc(C2=CCC(N3CCCC3c3cccnc3)CC2)cc1Oc1cnc2[nH]ccc2c1,777.9040000000001,7.388600000000008,3.0,11.0
CHEMBL5881143,active,7.013228265733755,O=C(NS(=O)(=O)c1ccc(NCC2CCOCC2)c([N+](=O)[O-])c1)c1ccc(C2=CCC(N3CCCC3c3ccn(C4CC4)n3)CC2)cc1Oc1cnc2[nH]ccc2c1,806.9459999999999,7.525000000000008,3.0,11.0
CHEMBL5998503,active,6.906578314837765,O=C(NS(=O)(=O)c1ccc(NCC2CCOCC2)c([N+](=O)[O-])c1)c1ccc(C2=CCC(N3CCCC3c3ccncc3)CC2)cc1Oc1cnc2[nH]ccc2c1,777.9040000000001,7.388600000000008,3.0,11.0
CHEMBL6058162,active,7.142667503568731,O=C(NS(=O)(=O)c1ccc(NCC2CCOCC2)c([N+](=O)[O-])c1)c1ccc(C2=CCC(N3CCCC3c3csc4ccccc34)CC2)cc1Oc1cnc2[nH]ccc2c1,833.0050000000001,9.208300000000001,3.0,11.0
CHEMBL6063626,active,7.522878745280337,O=C(NS(=O)(=O)c1ccc(NCC2CCOCC2)c([N+](=O)[O-])c1)c1ccc(C2=CCC(N3CCCC3c3sccc3C3CC3)CC2)cc1Oc1cnc2[nH]ccc2c1,823.01,8.932500000000005,3.0,11.0
CHEMBL5947024,active,6.645891560852599,O=C(NS(=O)(=O)c1ccc(NCC2CCOCC2)c([N+](=O)[O-])c1)c1ccc(C2=CCC(N3Cc4ccccc4C3c3ccccc3)CC2)cc1Oc1cnc2[nH]ccc2c1,824.96,8.761700000000005,3.0,10.0
CHEMBL5967423,active,7.017728766960431,O=C(NS(=O)(=O)c1ccc(NCC2CCOCC2)c([N+](=O)[O-])c1)c1ccc(C2=CCC(N3Cc4ccccc4C3c3ccccc3C3CC3)CC2)cc1Oc1cnc2[nH]ccc2c1,865.0249999999999,9.6391,3.0,10.0
CHEMBL5783061,active,7.1938200260161125,O=C(NS(=O)(=O)c1ccc(NCC2CCOCC2)c([N+](=O)[O-])c1)c1ccc(C2=CCN(C(=O)C3CCCN3c3ccccc3)CC2)cc1Oc1cnc2[nH]ccc2c1,805.9139999999999,6.505300000000007,3.0,11.0
CHEMBL6018977,active,8.721246399047171,O=C(NS(=O)(=O)c1ccc(NCC2CCOCC2)c([N+](=O)[O-])c1)c1ccc(C2=CCN(CC3=C(c4ccc(Cl)cc4)CC4(CC3)COC4)CC2)cc1Oc1cnc2[nH]ccc2c1,879.4359999999997,8.617400000000005,3.0,11.0
CHEMBL5925473,active,8.619788758288394,O=C(NS(=O)(=O)c1ccc(NCC2CCOCC2)c([N+](=O)[O-])c1)c1ccc(C2=CCN(CC3=C(c4ccc(Cl)cc4)CC4(CCC4)CC3)CC2)cc1Oc1cnc2[nH]ccc2c1,877.4639999999996,9.771099999999997,3.0,10.0
CHEMBL5919993,active,7.022276394711152,O=C(NS(=O)(=O)c1ccc(NCC2CCOCC2)c([N+](=O)[O-])c1)c1ccc(C2=CCN(CC3CCCN3c3ccccc3)CC2)cc1Oc1cnc2[nH]ccc2c1,791.931,6.978700000000008,3.0,11.0
CHEMBL5819969,active,6.0,O=C(NS(=O)(=O)c1ccc(NCC2CCOCC2)c([N+](=O)[O-])c1)c1ccc(C2CCC(N3CCC(c4cccc(Cl)c4)C3)CC2)cc1Oc1cnc2[nH]ccc2c1,813.377,8.389700000000007,3.0,10.0
CHEMBL5975953,active,7.443697499232712,O=C(NS(=O)(=O)c1ccc(NCC2CCOCC2)c([N+](=O)[O-])c1)c1ccc(C2CCC(N3CCCC3/C=C/c3ccccc3)CC2)cc1Oc1cnc2[nH]ccc2c1,804.9700000000001,8.424600000000007,3.0,10.0
CHEMBL5977830,active,7.180456064458132,O=C(NS(=O)(=O)c1ccc(NCC2CCOCC2)c([N+](=O)[O-])c1)c1ccc(C2CCC(N3CCCC3/C=C/c3ccccc3C3CC3)CC2)cc1Oc1cnc2[nH]ccc2c1,845.035,9.302000000000003,3.0,10.0
CHEMBL5531998,active,9.05551732784983,O=C(NS(=O)(=O)c1ccc(NCC2CCOCC2)c([N+](=O)[O-])c1)c1ccc(C2CCC(N3CCCC3c3ccccc3C3CC3)CC2)cc1Oc1cnc2[nH]ccc2c1,818.997,8.961300000000005,3.0,10.0
CHEMBL5766318,active,7.568636235841013,O=C(NS(=O)(=O)c1ccc(NCC2CCOCC2)c([N+](=O)[O-])c1)c1ccc(C2CCC(N3CCCC3c3ccccc3Cl)CC2)cc1Oc1cnc2[nH]ccc2c1,813.3770000000001,8.737300000000005,3.0,10.0
CHEMBL5765475,active,6.97061622231479,O=C(NS(=O)(=O)c1ccc(NCC2CCOCC2)c([N+](=O)[O-])c1)c1ccc(C2CCC(N3CCCC3c3ccccc3Oc3ccccc3)CC2)cc1Oc1cnc2[nH]ccc2c1,871.0290000000001,9.876199999999997,3.0,11.0
CHEMBL5869985,active,6.062983892535185,O=C(NS(=O)(=O)c1ccc(NCC2CCOCC2)c([N+](=O)[O-])c1)c1ccc(C2CCC(N3CCC[C@@H]3c3cccc(C4CC4)c3)CC2)cc1Oc1cnc2[nH]ccc2c1,818.997,8.961300000000005,3.0,10.0
CHEMBL6043986,active,6.064492734175287,O=C(NS(=O)(=O)c1ccc(NCC2CCOCC2)c([N+](=O)[O-])c1)c1ccc(C2CCC(N3CCC[C@@H]3c3ccccc3C3CC3)CC2)cc1Oc1cnc2[nH]ccc2c1,818.997,8.961300000000005,3.0,10.0
CHEMBL5924557,active,7.823908740944319,O=C(NS(=O)(=O)c1ccc(NCC2CCOCC2)c([N+](=O)[O-])c1)c1ccc(C2CCC(N3CCC[C@H]3c3ccc(C4CC4)cc3)CC2)cc1Oc1cnc2[nH]ccc2c1,818.997,8.961300000000005,3.0,10.0
CHEMBL5976482,active,7.638272163982407,O=C(NS(=O)(=O)c1ccc(NCC2CCOCC2)c([N+](=O)[O-])c1)c1ccc(C2CCC(N3CCC[C@H]3c3ccc(Cl)cc3)CC2)cc1Oc1cnc2[nH]ccc2c1,813.3770000000001,8.737300000000005,3.0,10.0
CHEMBL6059159,active,8.397940008672037,O=C(NS(=O)(=O)c1ccc(NCC2CCOCC2)c([N+](=O)[O-])c1)c1ccc(C2CCC(N3CCC[C@H]3c3cccc(C4CC4)c3)CC2)cc1Oc1cnc2[nH]ccc2c1,818.997,8.961300000000005,3.0,10.0
CHEMBL5867556,active,7.657577319177793,O=C(NS(=O)(=O)c1ccc(NCC2CCOCC2)c([N+](=O)[O-])c1)c1ccc(C2CCC(N3CCC[C@H]3c3cccc(Cl)c3)CC2)cc1Oc1cnc2[nH]ccc2c1,813.3770000000001,8.737300000000005,3.0,10.0
CHEMBL5818476,active,7.920818753952375,O=C(NS(=O)(=O)c1ccc(NCC2CCOCC2)c([N+](=O)[O-])c1)c1ccc(C2CCC(N3CCC[C@H]3c3ccccc3)CC2)cc1Oc1cnc2[nH]ccc2c1,778.9320000000001,8.083900000000009,3.0,10.0
CHEMBL6009632,active,8.187086643357144,O=C(NS(=O)(=O)c1ccc(NCC2CCOCC2)c([N+](=O)[O-])c1)c1ccc(C2CCC(N3CCC[C@H]3c3ccccc3C3CC3)CC2)cc1Oc1cnc2[nH]ccc2c1,818.997,8.961300000000005,3.0,10.0
CHEMBL5906171,active,6.0,O=C(NS(=O)(=O)c1ccc(NCC2CCOCC2)c([N+](=O)[O-])c1)c1ccc(C2CCC(NC(c3ccccc3)c3ccccc3)CC2)cc1Oc1cnc2[nH]ccc2c1,814.965,8.626000000000007,4.0,10.0
CHEMBL6022853,active,8.356547323513812,O=C(NS(=O)(=O)c1ccc(NCC2CCOCC2)c([N+](=O)[O-])c1)c1ccc(C2CCN(CC3=C(c4ccc(Cl)cc4)CC4(CCC4)CC3)CC2)cc1Oc1cnc2[nH]ccc2c1,879.4799999999997,9.861399999999998,3.0,10.0
CHEMBL5946813,active,7.585026652029182,O=C(NS(=O)(=O)c1ccc(NCC2CCOCC2)c([N+](=O)[O-])c1)c1ccc(CC2CCC(N3CCCC3c3ccccc3C3CC3)CC2)cc1Oc1cnc2[nH]ccc2c1,833.0239999999999,9.036400000000004,3.0,10.0
CHEMBL5561459,active,7.327902142064283,O=C(NS(=O)(=O)c1ccc(NCC2CCOCC2)c([N+](=O)[O-])c1)c1ccc(Cc2ccc(CN3CCCC3c3ccccc3C3CC3)cc2)cc1Oc1cnc2[nH]ccc2c1,841.003,9.025900000000004,3.0,10.0
CHEMBL5559280,active,7.958607314841775,O=C(NS(=O)(=O)c1ccc(NCC2CCOCC2)c([N+](=O)[O-])c1)c1ccc(Cc2ccc(N3CCCC3c3ccccc3C3CC3)cc2)cc1Oc1cnc2[nH]ccc2c1,826.9760000000001,9.030300000000004,3.0,10.0
CHEMBL5780703,active,7.958607314841775,O=C(NS(=O)(=O)c1ccc(NCC2CCOCC2)c([N+](=O)[O-])c1)c1ccc(Cc2ccc(N3CCC[C@@H]3c3ccccc3C3CC3)cc2)cc1Oc1cnc2[nH]ccc2c1,826.9760000000001,9.030300000000004,3.0,10.0
CHEMBL5568386,active,8.036212172654444,O=C(NS(=O)(=O)c1ccc(NCC2CCOCC2)c([N+](=O)[O-])c1)c1ccc(N2CC(CN3CCCC3c3ccccc3C3CC3)C2)cc1Oc1cnc2[nH]ccc2c1,805.9580000000001,7.371300000000009,3.0,11.0
CHEMBL5559198,active,8.045757490560675,O=C(NS(=O)(=O)c1ccc(NCC2CCOCC2)c([N+](=O)[O-])c1)c1ccc(N2CC(N3CC(N4CCCC4c4ccccc4C4CC4)C3)C2)cc1Oc1cnc2[nH]ccc2c1,847.0109999999997,6.807900000000007,3.0,12.0
CHEMBL5565924,active,8.10790539730952,O=C(NS(=O)(=O)c1ccc(NCC2CCOCC2)c([N+](=O)[O-])c1)c1ccc(N2CC3(CC(CN4CCCC4c4ccccc4C4CC4)C3)C2)cc1Oc1cnc2[nH]ccc2c1,846.0229999999998,8.151500000000008,3.0,11.0
CHEMBL5560955,active,9.920818753952375,O=C(NS(=O)(=O)c1ccc(NCC2CCOCC2)c([N+](=O)[O-])c1)c1ccc(N2CC3(CC(N4CCCC4c4ccccc4C4CC4)C3)C2)cc1Oc1cnc2[nH]ccc2c1,831.9959999999999,7.903900000000009,3.0,11.0
CHEMBL6017239,active,8.853871964321762,O=C(NS(=O)(=O)c1ccc(NCC2CCOCC2)c([N+](=O)[O-])c1)c1ccc(N2CC3(CC(N4CCC[C@@H]4c4ccccc4C4CC4)C3)C2)cc1Oc1cnc2[nH]ccc2c1,831.9959999999999,7.903900000000009,3.0,11.0
CHEMBL5836554,active,10.3767507096021,O=C(NS(=O)(=O)c1ccc(NCC2CCOCC2)c([N+](=O)[O-])c1)c1ccc(N2CC3(CC(N4CCC[C@H]4c4ccccc4C4CC4)C3)C2)cc1Oc1cnc2[nH]ccc2c1,831.9959999999999,7.903900000000009,3.0,11.0
CHEMBL5926296,active,6.97061622231479,O=C(NS(=O)(=O)c1ccc(NCC2CCOCC2)c([N+](=O)[O-])c1)c1ccc(N2CC3(CCC(N4CCC[C@@H]4c4ccccc4C4CC4)CC3)C2)cc1Oc1cnc2[nH]ccc2c1,860.0499999999997,8.684100000000006,3.0,11.0
CHEMBL5881285,active,7.468521082957745,O=C(NS(=O)(=O)c1ccc(NCC2CCOCC2)c([N+](=O)[O-])c1)c1ccc(N2CC3(CCC(N4CCC[C@H]4c4ccccc4C4CC4)CC3)C2)cc1Oc1cnc2[nH]ccc2c1,860.0499999999997,8.684100000000006,3.0,11.0
CHEMBL5899288,active,8.585026652029182,O=C(NS(=O)(=O)c1ccc(NCC2CCOCC2)c([N+](=O)[O-])c1)c1ccc(N2CC3(CN(CC4CCCN4c4ccccc4C4CC4)C3)C2)cc1Oc1cnc2[nH]ccc2c1,847.0109999999997,6.8890000000000065,3.0,12.0
CHEMBL5561898,active,7.585026652029182,O=C(NS(=O)(=O)c1ccc(NCC2CCOCC2)c([N+](=O)[O-])c1)c1ccc(N2CC3CC(N4CCC[C@H]4c4ccccc4C4CC4)CC3C2)cc1Oc1cnc2[nH]ccc2c1,846.0229999999999,8.149900000000008,3.0,11.0
CHEMBL5562740,active,8.050609993355087,O=C(NS(=O)(=O)c1ccc(NCC2CCOCC2)c([N+](=O)[O-])c1)c1ccc(N2CCC(C3CC(N4CCCC4c4ccccc4C4CC4)C3)CC2)cc1Oc1cnc2[nH]ccc2c1,874.0769999999997,8.930100000000005,3.0,11.0
CHEMBL5871667,active,8.050609993355087,O=C(NS(=O)(=O)c1ccc(NCC2CCOCC2)c([N+](=O)[O-])c1)c1ccc(N2CCC(C3CC(N4CCC[C@H]4c4ccccc4C4CC4)C3)CC2)cc1Oc1cnc2[nH]ccc2c1,874.0769999999997,8.930100000000005,3.0,11.0
CHEMBL5564702,active,8.555174800490253,O=C(NS(=O)(=O)c1ccc(NCC2CCOCC2)c([N+](=O)[O-])c1)c1ccc(N2CCC(CN3CCCC3c3ccccc3C3CC3)CC2)cc1Oc1cnc2[nH]ccc2c1,834.012,8.151500000000008,3.0,11.0
CHEMBL5893602,active,8.657577319177793,O=C(NS(=O)(=O)c1ccc(NCC2CCOCC2)c([N+](=O)[O-])c1)c1ccc(N2CCC(CN3CCC[C@H]3c3ccccc3C3CC3)CC2)cc1Oc1cnc2[nH]ccc2c1,834.012,8.151500000000008,3.0,11.0
CHEMBL5984992,active,7.823908740944319,O=C(NS(=O)(=O)c1ccc(NCC2CCOCC2)c([N+](=O)[O-])c1)c1ccc(N2CCC(N3CCCC3c3cccc(Cl)c3)CC2)cc1Oc1cnc2[nH]ccc2c1,814.3650000000001,7.679900000000008,3.0,11.0
CHEMBL5943875,active,7.698970004336019,O=C(NS(=O)(=O)c1ccc(NCC2CCOCC2)c([N+](=O)[O-])c1)c1ccc(N2CCC(N3CCCC3c3ccccc3)CC2)cc1Oc1cnc2[nH]ccc2c1,779.9200000000002,7.0265000000000075,3.0,11.0
CHEMBL5566724,active,8.387746093903562,O=C(NS(=O)(=O)c1ccc(NCC2CCOCC2)c([N+](=O)[O-])c1)c1ccc(N2CCC(N3CCCC3c3ccccc3C3CC3)CC2)cc1Oc1cnc2[nH]ccc2c1,819.985,7.903900000000009,3.0,11.0
CHEMBL6048355,active,7.795880017344075,O=C(NS(=O)(=O)c1ccc(NCC2CCOCC2)c([N+](=O)[O-])c1)c1ccc(N2CCC(N3CCCC3c3ccccc3Cl)CC2)cc1Oc1cnc2[nH]ccc2c1,814.3650000000001,7.679900000000008,3.0,11.0
CHEMBL5562147,active,8.193820026016112,O=C(NS(=O)(=O)c1ccc(NCC2CCOCC2)c([N+](=O)[O-])c1)c1ccc(N2CCC3(CC2)CC(CN2CCCC2c2ccccc2C2CC2)C3)cc1Oc1cnc2[nH]ccc2c1,874.0769999999998,8.931700000000005,3.0,11.0
CHEMBL5888815,active,8.193820026016112,O=C(NS(=O)(=O)c1ccc(NCC2CCOCC2)c([N+](=O)[O-])c1)c1ccc(N2CCC3(CC2)CC(CN2CCC[C@H]2c2ccccc2C2CC2)C3)cc1Oc1cnc2[nH]ccc2c1,874.0769999999998,8.931700000000005,3.0,11.0
CHEMBL5974384,active,8.823908740944319,O=C(NS(=O)(=O)c1ccc(NCC2CCOCC2)c([N+](=O)[O-])c1)c1ccc(N2CCC3(CC2)CC(N2C(c4ccccc4C4CC4)CC4CC42)C3)cc1Oc1cnc2[nH]ccc2c1,872.0609999999999,8.682500000000006,3.0,11.0
CHEMBL5865162,active,8.958607314841775,O=C(NS(=O)(=O)c1ccc(NCC2CCOCC2)c([N+](=O)[O-])c1)c1ccc(N2CCC3(CC2)CC(N2CC(C4CC4)CC2c2ccccc2C2CC2)C3)cc1Oc1cnc2[nH]ccc2c1,900.1149999999998,9.320200000000003,3.0,11.0
CHEMBL5959586,active,8.161150909262744,O=C(NS(=O)(=O)c1ccc(NCC2CCOCC2)c([N+](=O)[O-])c1)c1ccc(N2CCC3(CC2)CC(N2CC(F)(F)CC2c2ccccc2C2CC2)C3)cc1Oc1cnc2[nH]ccc2c1,896.03,8.929300000000005,3.0,11.0
CHEMBL5921534,active,7.494850021680094,O=C(NS(=O)(=O)c1ccc(NCC2CCOCC2)c([N+](=O)[O-])c1)c1ccc(N2CCC3(CC2)CC(N2CC(c4ccccc4)=CC2c2ccccc2C2CC2)C3)cc1Oc1cnc2[nH]ccc2c1,934.132,9.987499999999999,3.0,11.0
CHEMBL6057391,active,9.2518119729938,O=C(NS(=O)(=O)c1ccc(NCC2CCOCC2)c([N+](=O)[O-])c1)c1ccc(N2CCC3(CC2)CC(N2CC4(CC4)CC2c2ccccc2C2CC2)C3)cc1Oc1cnc2[nH]ccc2c1,886.0879999999997,9.074200000000005,3.0,11.0
CHEMBL5987746,active,8.795880017344075,O=C(NS(=O)(=O)c1ccc(NCC2CCOCC2)c([N+](=O)[O-])c1)c1ccc(N2CCC3(CC2)CC(N2CC4CCCC4C2c2ccccc2C2CC2)C3)cc1Oc1cnc2[nH]ccc2c1,900.1149999999998,9.320200000000003,3.0,11.0
CHEMBL5841055,active,7.920818753952375,O=C(NS(=O)(=O)c1ccc(NCC2CCOCC2)c([N+](=O)[O-])c1)c1ccc(N2CCC3(CC2)CC(N2CCCC2c2cc(C4CC4)ccc2C2CC2)C3)cc1Oc1cnc2[nH]ccc2c1,900.1149999999997,9.561500000000002,3.0,11.0
CHEMBL5780722,active,8.958607314841775,O=C(NS(=O)(=O)c1ccc(NCC2CCOCC2)c([N+](=O)[O-])c1)c1ccc(N2CCC3(CC2)CC(N2CCCC2c2cc(Cl)ccc2C2CC2)C3)cc1Oc1cnc2[nH]ccc2c1,894.4949999999998,9.337500000000002,3.0,11.0
CHEMBL5754014,active,8.823908740944319,O=C(NS(=O)(=O)c1ccc(NCC2CCOCC2)c([N+](=O)[O-])c1)c1ccc(N2CCC3(CC2)CC(N2CCCC2c2ccc(C4CC4)cc2C2CC2)C3)cc1Oc1cnc2[nH]ccc2c1,900.1149999999997,9.561500000000002,3.0,11.0
CHEMBL5766570,active,9.0,O=C(NS(=O)(=O)c1ccc(NCC2CCOCC2)c([N+](=O)[O-])c1)c1ccc(N2CCC3(CC2)CC(N2CCCC2c2cccc(C4CC4)c2)C3)cc1Oc1cnc2[nH]ccc2c1,860.0499999999998,8.684100000000006,3.0,11.0
CHEMBL5557867,active,10.309803919971486,O=C(NS(=O)(=O)c1ccc(NCC2CCOCC2)c([N+](=O)[O-])c1)c1ccc(N2CCC3(CC2)CC(N2CCCC2c2ccccc2C2CC2)C3)cc1Oc1cnc2[nH]ccc2c1,860.0499999999998,8.684100000000006,3.0,11.0
CHEMBL5970525,active,8.958607314841775,O=C(NS(=O)(=O)c1ccc(NCC2CCOCC2)c([N+](=O)[O-])c1)c1ccc(N2CCC3(CC2)CC(N2CCCC2c2ccccc2C2CCC2)C3)cc1Oc1cnc2[nH]ccc2c1,874.0769999999998,9.074200000000005,3.0,11.0
CHEMBL5928650,active,8.67778070526608,O=C(NS(=O)(=O)c1ccc(NCC2CCOCC2)c([N+](=O)[O-])c1)c1ccc(N2CCC3(CC2)CC(N2CCCC2c2ccccc2CO)C3)cc1Oc1cnc2[nH]ccc2c1,850.011,7.299000000000009,4.0,12.0
CHEMBL5875749,active,9.494850021680094,O=C(NS(=O)(=O)c1ccc(NCC2CCOCC2)c([N+](=O)[O-])c1)c1ccc(N2CCC3(CC2)CC(N2CCCC2c2ccccc2N2CCCC2)C3)cc1Oc1cnc2[nH]ccc2c1,889.0919999999996,8.406900000000007,3.0,12.0
CHEMBL5861737,active,7.638272163982407,O=C(NS(=O)(=O)c1ccc(NCC2CCOCC2)c([N+](=O)[O-])c1)c1ccc(N2CCC3(CC2)CC(N2CCCC2c2sccc2-c2ccccc2Cl)C3)cc1Oc1cnc2[nH]ccc2c1,936.5569999999999,10.188599999999996,3.0,12.0
CHEMBL5836711,active,9.55284196865778,O=C(NS(=O)(=O)c1ccc(NCC2CCOCC2)c([N+](=O)[O-])c1)c1ccc(N2CCC3(CC2)CC(N2CCCCCC2c2ccccc2C2CC2)C3)cc1Oc1cnc2[nH]ccc2c1,888.1039999999997,9.464300000000001,3.0,11.0
CHEMBL5757679,active,7.568636235841013,O=C(NS(=O)(=O)c1ccc(NCC2CCOCC2)c([N+](=O)[O-])c1)c1ccc(N2CCC3(CC2)CC(N2CCCN2c2ccccc2C2CC2)C3)cc1Oc1cnc2[nH]ccc2c1,861.0379999999998,7.974300000000009,3.0,12.0
CHEMBL6062678,active,8.327902142064282,O=C(NS(=O)(=O)c1ccc(NCC2CCOCC2)c([N+](=O)[O-])c1)c1ccc(N2CCC3(CC2)CC(N2CCC[C@@H]2c2cccc(Cl)c2)C3)cc1Oc1cnc2[nH]ccc2c1,854.43,8.460100000000006,3.0,11.0
CHEMBL5880669,active,8.782516055786093,O=C(NS(=O)(=O)c1ccc(NCC2CCOCC2)c([N+](=O)[O-])c1)c1ccc(N2CCC3(CC2)CC(N2CCC[C@@H]2c2cccc(Cl)c2C2CC2)C3)cc1Oc1cnc2[nH]ccc2c1,894.4949999999998,9.337500000000002,3.0,11.0
CHEMBL5564343,active,8.920818753952375,O=C(NS(=O)(=O)c1ccc(NCC2CCOCC2)c([N+](=O)[O-])c1)c1ccc(N2CCC3(CC2)CC(N2CCC[C@@H]2c2ccccc2C2CC2)C3)cc1Oc1cnc2[nH]ccc2c1,860.0499999999998,8.684100000000006,3.0,11.0
CHEMBL6045065,active,8.356547323513812,O=C(NS(=O)(=O)c1ccc(NCC2CCOCC2)c([N+](=O)[O-])c1)c1ccc(N2CCC3(CC2)CC(N2CCC[C@@H]2c2ccccc2Cl)C3)cc1Oc1cnc2[nH]ccc2c1,854.43,8.460100000000006,3.0,11.0
CHEMBL5554998,active,8.113509274827518,O=C(NS(=O)(=O)c1ccc(NCC2CCOCC2)c([N+](=O)[O-])c1)c1ccc(N2CCC3(CC2)CC(N2CCC[C@H]2c2ccc(Cl)cc2)C3)cc1Oc1cnc2[nH]ccc2c1,854.43,8.460100000000006,3.0,11.0
CHEMBL5557109,active,8.318758762624412,O=C(NS(=O)(=O)c1ccc(NCC2CCOCC2)c([N+](=O)[O-])c1)c1ccc(N2CCC3(CC2)CC(N2CCC[C@H]2c2cccc(Cl)c2)C3)cc1Oc1cnc2[nH]ccc2c1,854.43,8.460100000000006,3.0,11.0
CHEMBL5562355,active,9.366531544420413,O=C(NS(=O)(=O)c1ccc(NCC2CCOCC2)c([N+](=O)[O-])c1)c1ccc(N2CCC3(CC2)CC(N2CCC[C@H]2c2ccccc2Br)C3)cc1Oc1cnc2[nH]ccc2c1,898.881,8.569200000000007,3.0,11.0
CHEMBL5555281,active,10.4089353929735,O=C(NS(=O)(=O)c1ccc(NCC2CCOCC2)c([N+](=O)[O-])c1)c1ccc(N2CCC3(CC2)CC(N2CCC[C@H]2c2ccccc2C2CC2)C3)cc1Oc1cnc2[nH]ccc2c1,860.0499999999998,8.684100000000006,3.0,11.0
CHEMBL5555045,active,8.056011124926227,O=C(NS(=O)(=O)c1ccc(NCC2CCOCC2)c([N+](=O)[O-])c1)c1ccc(N2CCC3(CC2)CC(N2CCC[C@H]2c2ccccc2C2CCC2)C3)cc1Oc1cnc2[nH]ccc2c1,874.0769999999998,9.074200000000005,3.0,11.0
CHEMBL5565335,active,9.474955192963154,O=C(NS(=O)(=O)c1ccc(NCC2CCOCC2)c([N+](=O)[O-])c1)c1ccc(N2CCC3(CC2)CC(N2CCC[C@H]2c2ccccc2Cl)C3)cc1Oc1cnc2[nH]ccc2c1,854.43,8.460100000000006,3.0,11.0
CHEMBL5523480,active,8.659555885159882,O=C(NS(=O)(=O)c1ccc(NCC2CCOCC2)c([N+](=O)[O-])c1)c1ccc(N2CCC3(CC2)CC(N2CCC[C@H]2c2ccccc2N2CCCC2)C3)cc1Oc1cnc2[nH]ccc2c1,889.0919999999996,8.406900000000007,3.0,12.0
CHEMBL5839129,active,7.823908740944319,O=C(NS(=O)(=O)c1ccc(NCC2CCOCC2)c([N+](=O)[O-])c1)c1ccc(N2CCC3(CC2)CC(c2ccccc2-c2ccccc2C2CC2)C3)cc1Oc1cnc2[nH]ccc2c1,867.041,9.929199999999998,3.0,10.0
CHEMBL5978292,active,6.826813731587726,O=C(NS(=O)(=O)c1ccc(NCC2CCOCC2)c([N+](=O)[O-])c1)c1ccc(N2CCC3(CCC(N4CCC[C@@H]4c4ccccc4C4CC4)CC3)CC2)cc1Oc1cnc2[nH]ccc2c1,888.1039999999996,9.464300000000001,3.0,11.0
CHEMBL5891780,active,7.886056647693163,O=C(NS(=O)(=O)c1ccc(NCC2CCOCC2)c([N+](=O)[O-])c1)c1ccc(N2CCC3(CCC(N4CCC[C@H]4c4ccccc4C4CC4)CC3)CC2)cc1Oc1cnc2[nH]ccc2c1,888.1039999999996,9.464300000000001,3.0,11.0
CHEMBL5799858,active,7.161150909262744,O=C(NS(=O)(=O)c1ccc(NCC2CCOCC2)c([N+](=O)[O-])c1)c1ccc(N2CCC3(CCCN(c4ccccc4C4CC4)C3)CC2)cc1Oc1cnc2[nH]ccc2c1,819.9849999999999,7.985000000000008,3.0,11.0
CHEMBL6013081,active,7.481486060122112,O=C(NS(=O)(=O)c1ccc(NCC2CCOCC2)c([N+](=O)[O-])c1)c1ccc(N2CCC3(CCCN3c3ccccc3Br)CC2)cc1Oc1cnc2[nH]ccc2c1,844.7890000000001,7.622500000000008,3.0,11.0
CHEMBL5758712,active,7.229147988357855,O=C(NS(=O)(=O)c1ccc(NCC2CCOCC2)c([N+](=O)[O-])c1)c1ccc(N2CCC3(CCCN3c3ccccc3C3CC3)CC2)cc1Oc1cnc2[nH]ccc2c1,805.958,7.737400000000008,3.0,11.0
CHEMBL5812634,active,8.4089353929735,O=C(NS(=O)(=O)c1ccc(NCC2CCOCC2)c([N+](=O)[O-])c1)c1ccc(N2CCC3(CC[C@@H](N4CCC[C@@H]4c4ccccc4C4CC4)C3)CC2)cc1Oc1cnc2[nH]ccc2c1,874.0769999999997,9.074200000000005,3.0,11.0
CHEMBL5854815,active,9.67778070526608,O=C(NS(=O)(=O)c1ccc(NCC2CCOCC2)c([N+](=O)[O-])c1)c1ccc(N2CCC3(CC[C@@H](N4CCC[C@H]4c4ccccc4C4CC4)C3)CC2)cc1Oc1cnc2[nH]ccc2c1,874.0769999999997,9.074200000000005,3.0,11.0
CHEMBL5987502,active,7.0,O=C(NS(=O)(=O)c1ccc(NCC2CCOCC2)c([N+](=O)[O-])c1)c1ccc(N2CCC[C@@H](CN3CCC[C@@H]3c3ccccc3C3CC3)C2)cc1Oc1cnc2[nH]ccc2c1,834.012,8.151500000000008,3.0,11.0
CHEMBL5828187,active,7.0,O=C(NS(=O)(=O)c1ccc(NCC2CCOCC2)c([N+](=O)[O-])c1)c1ccc(N2CCC[C@@H](CN3CCC[C@H]3c3ccccc3C3CC3)C2)cc1Oc1cnc2[nH]ccc2c1,834.012,8.151500000000008,3.0,11.0
CHEMBL5992308,active,7.0,O=C(NS(=O)(=O)c1ccc(NCC2CCOCC2)c([N+](=O)[O-])c1)c1ccc(N2CCC[C@H](CN3CCC[C@@H]3c3ccccc3C3CC3)C2)cc1Oc1cnc2[nH]ccc2c1,834.012,8.151500000000008,3.0,11.0
CHEMBL5752307,active,7.0,O=C(NS(=O)(=O)c1ccc(NCC2CCOCC2)c([N+](=O)[O-])c1)c1ccc(N2CCC[C@H](CN3CCC[C@H]3c3ccccc3C3CC3)C2)cc1Oc1cnc2[nH]ccc2c1,834.012,8.151500000000008,3.0,11.0
CHEMBL5915070,active,9.119186407719209,O=C(NS(=O)(=O)c1ccc(NCC2CCOCC2)c([N+](=O)[O-])c1)c1ccc(N2CCN(CC3=C(c4ccc(Cl)cc4)CC4(CC3)COC4)CC2)cc1Oc1cnc2[nH]ccc2c1,882.4399999999997,7.6503000000000085,3.0,12.0
CHEMBL5862961,active,8.920818753952375,O=C(NS(=O)(=O)c1ccc(NCC2CCOCC2)c([N+](=O)[O-])c1)c1ccc(N2CCN(CC3=C(c4ccc(Cl)cc4)CC4(CCC4)CC3)CC2)cc1Oc1cnc2[nH]ccc2c1,880.4679999999996,8.804000000000006,3.0,11.0
CHEMBL4551344,active,6.528708288941061,O=C(NS(=O)(=O)c1ccc(NCC2CCOCC2)c([N+](=O)[O-])c1)c1ccc(N2CCN(Cc3ccc(C(F)(F)F)cc3-c3ccc(Cl)cc3)CC2)cc1Oc1cnc2[nH]ccc2c1,904.368,8.882000000000003,3.0,11.0
CHEMBL5903784,active,6.180456064458132,O=C(NS(=O)(=O)c1ccc(NCC2CCOCC2)c([N+](=O)[O-])c1)c1ccc(Nc2ccc(N3CCC[C@H]3c3ccccc3C3CC3)cc2)cc1Oc1cnc2[nH]ccc2c1,827.964,9.183100000000001,4.0,11.0
CHEMBL5893176,active,7.040958607678906,O=C(NS(=O)(=O)c1ccc(NCC2CCOCC2)c([N+](=O)[O-])c1)c1ccc(OC2CCC(N3CCCC3c3ccccc3C3CC3)CC2)cc1Oc1cnc2[nH]ccc2c1,834.9959999999999,8.625100000000007,3.0,11.0
CHEMBL6059089,active,7.5376020021010435,O=C(NS(=O)(=O)c1ccc(NCC2CCOCC2)c([N+](=O)[O-])c1)c1ccc([C@H]2CC[C@@H](N3CC(N4CCC[C@@H]4c4ccccc4C4CC4)C3)CC2)cc1Oc1cnc2[nH]ccc2c1,874.0769999999997,8.645500000000007,3.0,11.0
CHEMBL5856671,active,8.769551078621726,O=C(NS(=O)(=O)c1ccc(NCC2CCOCC2)c([N+](=O)[O-])c1)c1ccc([C@H]2CC[C@@H](N3CC(N4CCC[C@H]4c4ccccc4C4CC4)C3)CC2)cc1Oc1cnc2[nH]ccc2c1,874.0769999999997,8.645500000000007,3.0,11.0
CHEMBL5842246,active,7.568636235841013,O=C(NS(=O)(=O)c1ccc(NCC2CN(C3CC3)CCO2)c([N+](=O)[O-])c1)c1ccc(C2=CCC(N3CCCC3c3ccccc3C3CC3)CC2)cc1Oc1cnc2[nH]ccc2c1,858.0339999999998,8.307600000000008,3.0,11.0
CHEMBL5975083,active,8.346787486224656,O=C(NS(=O)(=O)c1ccc(NCC2CN(C3COC3)CCO2)c([N+](=O)[O-])c1)c1ccc(C2=CCC(N3CCCC3c3ccccc3C3CC3)CC2)cc1Oc1cnc2[nH]ccc2c1,874.0329999999997,7.544000000000009,3.0,12.0
CHEMBL5929201,active,8.309803919971486,O=C(NS(=O)(=O)c1ccc(NCC2CN(C3COC3)CCO2)c([N+](=O)[O-])c1)c1ccc(C2CCC(N3CCCC3c3ccccc3C3CC3)CC2)cc1Oc1cnc2[nH]ccc2c1,876.0489999999998,7.63430000000001,3.0,12.0
CHEMBL5818747,active,8.022276394711152,O=C(NS(=O)(=O)c1ccc(NCC2CNCCO2)c([N+](=O)[O-])c1)c1ccc(C2=CCC(N3CCCC3c3ccccc3C3CC3)CC2)cc1Oc1cnc2[nH]ccc2c1,817.9689999999999,7.432800000000008,4.0,11.0
CHEMBL5995747,active,8.67778070526608,O=C(NS(=O)(=O)c1ccc(NCC2COCCO2)c([N+](=O)[O-])c1)c1ccc(C2=CCN(CC3=C(c4ccc(Cl)cc4)CC4(CC3)COC4)CC2)cc1Oc1cnc2[nH]ccc2c1,881.4079999999997,7.606200000000008,3.0,12.0
CHEMBL5872170,active,8.853871964321762,O=C(NS(=O)(=O)c1ccc(NCC2COCCO2)c([N+](=O)[O-])c1)c1ccc(C2=CCN(CC3=C(c4ccc(Cl)cc4)CC4(CCC4)CC3)CC2)cc1Oc1cnc2[nH]ccc2c1,879.4359999999996,8.759900000000005,3.0,11.0
CHEMBL5753919,active,8.619788758288394,O=C(NS(=O)(=O)c1ccc(NCC2COCCO2)c([N+](=O)[O-])c1)c1ccc(N2CCN(CC3=C(c4ccc(Cl)cc4)CC4(CC3)COC4)CC2)cc1Oc1cnc2[nH]ccc2c1,884.4119999999997,6.639100000000007,3.0,13.0
CHEMBL5896213,active,8.886056647693163,O=C(NS(=O)(=O)c1ccc(NCC2COCCO2)c([N+](=O)[O-])c1)c1ccc(N2CCN(CC3=C(c4ccc(Cl)cc4)CC4(CCC4)CC3)CC2)cc1Oc1cnc2[nH]ccc2c1,882.4399999999996,7.792800000000009,3.0,12.0
CHEMBL5836404,active,9.886056647693163,O=C(NS(=O)(=O)c1ccc(NCCC2CCOCC2)c([N+](=O)[O-])c1)c1ccc(N2CCC3(CC2)CC(N2CCC[C@H]2c2ccccc2C2CC2)C3)cc1Oc1cnc2[nH]ccc2c1,874.0769999999999,9.074200000000005,3.0,11.0
CHEMBL5848534,active,8.040958607678906,O=C(NS(=O)(=O)c1ccc(NCCN2CCOCC2)c([N+](=O)[O-])c1)c1ccc(-c2ccc(N3CCC[C@@H]3c3ccccc3C3CC3)cc2)cc1Oc1cnc2[nH]ccc2c1,827.964,8.012100000000009,3.0,11.0
CHEMBL6023708,active,9.823908740944319,O=C(NS(=O)(=O)c1ccc(NCCN2CCOCC2)c([N+](=O)[O-])c1)c1ccc(N2CCC3(CC2)CC(N2CCC[C@H]2c2ccccc2C2CC2)C3)cc1Oc1cnc2[nH]ccc2c1,875.0649999999998,7.589700000000009,3.0,12.0
CHEMBL5893372,active,9.886056647693163,O=C(NS(=O)(=O)c1ccc(NCCN2CCOCC2=O)c([N+](=O)[O-])c1)c1ccc(N2CCC3(CC2)CC(N2CCC[C@H]2c2ccccc2C2CC2)C3)cc1Oc1cnc2[nH]ccc2c1,889.0479999999998,7.116300000000009,3.0,12.0
CHEMBL371861,active,7.031517051446065,O=C(NS(=O)(=O)c1ccc(NCCSc2ccccc2)c([N+](=O)[O-])c1)c1ccc(-c2ccc(F)cc2)cc1,551.6210000000002,5.723800000000004,2.0,7.0
CHEMBL5782710,active,7.7447274948966935,O=C(NS(=O)(=O)c1ccc(NC[C@@H]2CCN(C3CCOCC3)C2)c([N+](=O)[O-])c1)c1ccc(C2=CCC(N3CCCC3c3ccccc3C3CC3)CC2)cc1Oc1cnc2[nH]ccc2c1,886.0879999999997,8.945300000000005,3.0,11.0
CHEMBL5828543,active,7.769551078621726,O=C(NS(=O)(=O)c1ccc(NC[C@@H]2CCN(C3COC3)C2)c([N+](=O)[O-])c1)c1ccc(C2=CCC(N3CCCC3c3ccccc3C3CC3)CC2)cc1Oc1cnc2[nH]ccc2c1,858.0339999999998,8.165100000000008,3.0,11.0
CHEMBL5858258,active,8.602059991327963,O=C(NS(=O)(=O)c1ccc(NC[C@@H]2CN(C3COC3)CCO2)c([N+](=O)[O-])c1)c1ccc(C2=CCC(N3CCCC3c3ccccc3C3CC3)CC2)cc1Oc1cnc2[nH]ccc2c1,874.0329999999997,7.544000000000009,3.0,12.0
CHEMBL5828583,active,8.309803919971486,O=C(NS(=O)(=O)c1ccc(NC[C@@H]2COCCO2)c([N+](=O)[O-])c1)c1ccc(-c2ccc(N3CCC[C@@H]3c3ccccc3C3CC3)cc2)cc1Oc1cnc2[nH]ccc2c1,814.921,8.095300000000009,3.0,11.0
CHEMBL5762148,active,7.4089353929735005,O=C(NS(=O)(=O)c1ccc(NC[C@@H]2COCCO2)c([N+](=O)[O-])c1)c1ccc(-c2ccc(N3CCC[C@H]3c3ccccc3C3CC3)cc2)cc1Oc1cnc2[nH]ccc2c1,814.921,8.095300000000009,3.0,11.0
CHEMBL5756316,active,8.207608310501746,O=C(NS(=O)(=O)c1ccc(NC[C@@H]2COCCO2)c([N+](=O)[O-])c1)c1ccc(C2=CCC(N3CCCC3c3ccccc3C3CC3)CC2)cc1Oc1cnc2[nH]ccc2c1,818.953,7.859800000000009,3.0,11.0
CHEMBL5841596,active,8.292429823902063,O=C(NS(=O)(=O)c1ccc(NC[C@@H]2COCCO2)c([N+](=O)[O-])c1)c1ccc(C2=CCC(N3CCC[C@@H]3c3ccccc3C3CC3)CC2)cc1Oc1cnc2[nH]ccc2c1,818.953,7.859800000000009,3.0,11.0
CHEMBL5916255,active,8.207608310501746,O=C(NS(=O)(=O)c1ccc(NC[C@@H]2COCCO2)c([N+](=O)[O-])c1)c1ccc(C2=CCC(N3CCC[C@H]3c3ccccc3C3CC3)CC2)cc1Oc1cnc2[nH]ccc2c1,818.953,7.859800000000009,3.0,11.0
CHEMBL5805930,active,8.275724130399212,O=C(NS(=O)(=O)c1ccc(NC[C@@H]2COCCO2)c([N+](=O)[O-])c1)c1ccc(C2CCC(N3CCCC3c3ccccc3C3CC3)CC2)cc1Oc1cnc2[nH]ccc2c1,820.9689999999999,7.950100000000009,3.0,11.0
CHEMBL5995925,active,8.3767507096021,O=C(NS(=O)(=O)c1ccc(NC[C@@H]2COCCO2)c([N+](=O)[O-])c1)c1ccc(C2CCC(N3CCC[C@H]3c3ccccc3C3CC3)CC2)cc1Oc1cnc2[nH]ccc2c1,820.9689999999999,7.950100000000009,3.0,11.0
CHEMBL5991241,active,10.301029995663981,O=C(NS(=O)(=O)c1ccc(NC[C@@H]2COCCO2)c([N+](=O)[O-])c1)c1ccc(N2CC3(CC(N4CCC[C@H]4c4ccccc4C4CC4)C3)C2)cc1Oc1cnc2[nH]ccc2c1,833.9679999999998,6.892700000000008,3.0,12.0
CHEMBL5965443,active,10.154901959985743,O=C(NS(=O)(=O)c1ccc(NC[C@@H]2COCCO2)c([N+](=O)[O-])c1)c1ccc(N2CCC3(CC2)CC(N2CCC[C@H]2c2ccccc2C2CC2)C3)cc1Oc1cnc2[nH]ccc2c1,862.0219999999998,7.672900000000008,3.0,12.0
CHEMBL5982940,active,8.366531544420413,O=C(NS(=O)(=O)c1ccc(NC[C@H]2CCN(C3COC3)C2)c([N+](=O)[O-])c1)c1ccc(C2=CCC(N3CCCC3c3ccccc3C3CC3)CC2)cc1Oc1cnc2[nH]ccc2c1,858.0339999999998,8.165100000000008,3.0,11.0
CHEMBL5948076,active,8.356547323513812,O=C(NS(=O)(=O)c1ccc(NC[C@H]2CC[C@@H](O)CC2)c([N+](=O)[O-])c1)c1ccc(C2=CCC(N3CCC[C@H]3c3ccccc3C3CC3)CC2)cc1Oc1cnc2[nH]ccc2c1,831.0079999999999,8.995500000000005,4.0,10.0
CHEMBL5854104,active,8.229147988357855,O=C(NS(=O)(=O)c1ccc(NC[C@H]2CC[C@H](O)CC2)c([N+](=O)[O-])c1)c1ccc(C2=CCC(N3CCC[C@H]3c3ccccc3C3CC3)CC2)cc1Oc1cnc2[nH]ccc2c1,831.0079999999999,8.995500000000005,4.0,10.0
CHEMBL5932713,active,8.207608310501746,O=C(NS(=O)(=O)c1ccc(NC[C@H]2CN(C3COC3)CCO2)c([N+](=O)[O-])c1)c1ccc(C2=CCC(N3CCCC3c3ccccc3C3CC3)CC2)cc1Oc1cnc2[nH]ccc2c1,874.0329999999997,7.544000000000009,3.0,12.0
CHEMBL5787701,active,8.593459819566045,O=C(NS(=O)(=O)c1ccc(NC[C@H]2COCCO2)c([N+](=O)[O-])c1)c1ccc(-c2ccc(N3CCC[C@@H]3c3ccccc3C3CC3)cc2)cc1Oc1cnc2[nH]ccc2c1,814.921,8.095300000000009,3.0,11.0
CHEMBL6006690,active,7.437707135543525,O=C(NS(=O)(=O)c1ccc(NC[C@H]2COCCO2)c([N+](=O)[O-])c1)c1ccc(-c2ccc(N3CCC[C@H]3c3ccccc3C3CC3)cc2)cc1Oc1cnc2[nH]ccc2c1,814.921,8.095300000000009,3.0,11.0
CHEMBL5906030,active,8.193820026016112,O=C(NS(=O)(=O)c1ccc(NC[C@H]2COCCO2)c([N+](=O)[O-])c1)c1ccc(C2=CCC(N3CCCC3c3ccccc3C3CC3)CC2)cc1Oc1cnc2[nH]ccc2c1,818.953,7.859800000000009,3.0,11.0
CHEMBL5975530,active,8.346787486224656,O=C(NS(=O)(=O)c1ccc(NC[C@H]2COCCO2)c([N+](=O)[O-])c1)c1ccc(C2=CCC(N3CCC[C@H]3c3ccccc3C3CC3)CC2)cc1Oc1cnc2[nH]ccc2c1,818.953,7.859800000000009,3.0,11.0
CHEMBL5860139,active,8.301029995663981,O=C(NS(=O)(=O)c1ccc(NC[C@H]2COCCO2)c([N+](=O)[O-])c1)c1ccc(C2CCC(N3CCCC3c3ccccc3C3CC3)CC2)cc1Oc1cnc2[nH]ccc2c1,820.9689999999999,7.950100000000009,3.0,11.0
CHEMBL5966228,active,8.508638306165727,O=C(NS(=O)(=O)c1ccc(NC[C@H]2COCCO2)c([N+](=O)[O-])c1)c1ccc(C2CCC(N3CCC[C@H]3c3ccccc3C3CC3)CC2)cc1Oc1cnc2[nH]ccc2c1,820.9689999999999,7.950100000000009,3.0,11.0
CHEMBL5956838,active,10.327902142064282,O=C(NS(=O)(=O)c1ccc(NC[C@H]2COCCO2)c([N+](=O)[O-])c1)c1ccc(N2CC3(CC(N4CCC[C@H]4c4ccccc4C4CC4)C3)C2)cc1Oc1cnc2[nH]ccc2c1,833.9679999999998,6.892700000000008,3.0,12.0
CHEMBL5980890,active,10.387216143280265,O=C(NS(=O)(=O)c1ccc(NC[C@H]2COCCO2)c([N+](=O)[O-])c1)c1ccc(N2CCC3(CC2)CC(N2CCC[C@H]2c2ccccc2C2CC2)C3)cc1Oc1cnc2[nH]ccc2c1,862.0219999999998,7.672900000000008,3.0,12.0
CHEMBL5567397,active,8.698970004336019,O=C(NS(=O)(=O)c1ccc(NC[C@H]2COCCO2)c([N+](=O)[O-])c1)c1ccc(N2CCN(CC3=C(c4ccc(Cl)cc4)CC4(CCC4)CC3)CC2)cc1Oc1cnc2[nH]ccc2c1,882.4399999999996,7.792800000000009,3.0,12.0
CHEMBL3703602,active,9.096910013008056,O=C(NS(=O)(=O)c1ccc(N[C@H](CCN(CCO)CCO)CSc2ccccc2)c(S(=O)(=O)C(F)(F)F)c1)c1ccc(N2CCC([C@@H](O)c3ccccc3-c3ccc(Cl)cc3)CC2)cc1,975.574,7.61870000000001,5.0,12.0
CHEMBL3703604,active,8.698970004336019,O=C(NS(=O)(=O)c1ccc(N[C@H](CCN(CCOP(=O)(O)O)CCOP(=O)(O)O)CSc2ccccc2)c(S(=O)(=O)C(F)(F)F)c1)c1ccc(N2CCC([C@@H](O)c3ccccc3-c3ccc(Cl)cc3)CC2)cc1,1135.5320000000002,7.852700000000013,7.0,14.0
CHEMBL6034449,active,8.0,O=C(NS(=O)(=O)c1ccc(N[C@H](CCN2CCC(O)CC2)CSc2ccccc2)c(S(=O)(=O)C(F)(F)F)c1)c1ccc(N2CCN(CC3=C(C45CC(C(F)F)(C4)C5)CC4(CCC4)CC3)CC2)cc1,1006.2389999999991,8.726600000000007,3.0,11.0
CHEMBL3703598,active,9.0,O=C(NS(=O)(=O)c1ccc(N[C@H](CCN2CCN(CCO)CC2)CSc2ccccc2)c(S(=O)(=O)C(F)(F)F)c1)c1ccc(N2CCC([C@@H](O)c3ccccc3-c3ccc(Cl)cc3)CC2)cc1,1000.628,7.942000000000012,4.0,12.0
CHEMBL3703607,active,9.154901959985743,O=C(NS(=O)(=O)c1ccc(N[C@H](CCN2CCN(CCOP(=O)(O)O)CC2)CSc2ccccc2)c(S(=O)(=O)C(F)(F)F)c1)c1ccc(N2CCC([C@@H](O)c3ccccc3-c3ccc(Cl)cc3)CC2)cc1,1080.6070000000004,8.059000000000012,5.0,13.0
CHEMBL3703603,active,9.0,O=C(NS(=O)(=O)c1ccc(N[C@H](CCN2CCN(C[C@H](O)CF)CC2)CSc2ccccc2)c(S(=O)(=O)C(F)(F)F)c1)c1ccc(N2CCC([C@@H](O)c3ccccc3-c3ccc(Cl)cc3)CC2)cc1,1032.645,8.28010000000001,4.0,12.0
CHEMBL3311482,active,6.329754146925876,O=C(NS(=O)(=O)c1ccc(N[C@H](CCN2CCOCC2)CSc2ccccc2)c(S(=O)(=O)C(F)(F)F)c1)c1ccc(N2CC3(CN(Cc4ccccc4-c4ccc(Cl)cc4)C3)C2)cc1,954.5589999999997,8.036500000000009,2.0,11.0
CHEMBL3311486,active,7.187086643357144,O=C(NS(=O)(=O)c1ccc(N[C@H](CCN2CCOCC2)CSc2ccccc2)c(S(=O)(=O)C(F)(F)F)c1)c1ccc(N2CCC(C(=O)c3ccccc3-c3ccc(Cl)cc3)CC2)cc1,955.5429999999999,8.813600000000005,2.0,11.0
CHEMBL3311493,active,7.229147988357855,O=C(NS(=O)(=O)c1ccc(N[C@H](CCN2CCOCC2)CSc2ccccc2)c(S(=O)(=O)C(F)(F)F)c1)c1ccc(N2CCC(CO)(Cc3ccccc3-c3ccc(Cl)cc3)CC2)cc1,971.5859999999998,8.535900000000007,3.0,11.0
CHEMBL3311485,active,6.6020599913279625,O=C(NS(=O)(=O)c1ccc(N[C@H](CCN2CCOCC2)CSc2ccccc2)c(S(=O)(=O)C(F)(F)F)c1)c1ccc(N2CCC(Oc3ccccc3-c3ccc(Cl)cc3)CC2)cc1,943.5319999999999,8.762100000000004,2.0,11.0
CHEMBL3309283,active,7.060480747381382,O=C(NS(=O)(=O)c1ccc(N[C@H](CCN2CCOCC2)CSc2ccccc2)c(S(=O)(=O)C(F)(F)F)c1)c1ccc(N2CCC(S(=O)(=O)c3ccccc3-c3ccc(Cl)cc3)CC2)cc1,991.598,8.157000000000009,2.0,12.0
CHEMBL3311487,active,7.214670164989233,O=C(NS(=O)(=O)c1ccc(N[C@H](CCN2CCOCC2)CSc2ccccc2)c(S(=O)(=O)C(F)(F)F)c1)c1ccc(N2CCC(Sc3ccccc3-c3ccc(Cl)cc3)CC2)cc1,959.5999999999999,9.4754,2.0,11.0
CHEMBL3703612,active,8.522878745280337,O=C(NS(=O)(=O)c1ccc(N[C@H](CCN2CCOCC2)CSc2ccccc2)c(S(=O)(=O)C(F)(F)F)c1)c1ccc(N2CCC([C@@H](O)c3ccccc3-c3ccc(Cl)cc3)CC2)cc1,957.559,8.664300000000006,3.0,11.0
CHEMBL3703611,active,6.5968794788241825,O=C(NS(=O)(=O)c1ccc(N[C@H](CCN2CCOCC2)CSc2ccccc2)c(S(=O)(=O)C(F)(F)F)c1)c1ccc(N2CCC([C@H](O)c3ccccc3-c3ccc(Cl)cc3)CC2)cc1,957.559,8.664300000000006,3.0,11.0
CHEMBL3311489,active,6.2636034977233574,O=C(NS(=O)(=O)c1ccc(N[C@H](CCN2CCOCC2)CSc2ccccc2)c(S(=O)(=O)C(F)(F)F)c1)c1ccc(N2CCC([S@+]([O-])c3ccccc3-c3ccc(Cl)cc3)CC2)cc1,975.5989999999999,8.490900000000007,2.0,11.0
CHEMBL3311488,active,6.644931793651149,O=C(NS(=O)(=O)c1ccc(N[C@H](CCN2CCOCC2)CSc2ccccc2)c(S(=O)(=O)C(F)(F)F)c1)c1ccc(N2CCC([S@@+]([O-])c3ccccc3-c3ccc(Cl)cc3)CC2)cc1,975.5989999999999,8.490900000000007,2.0,11.0
CHEMBL3311329,active,7.903089986991944,O=C(NS(=O)(=O)c1ccc(N[C@H](CCN2CCOCC2)CSc2ccccc2)c(S(=O)(=O)C(F)(F)F)c1)c1ccc(N2CCN(Cc3ccccc3-c3ccc(Cl)cc3)CC2)cc1,942.5479999999998,8.036500000000009,2.0,11.0
CHEMBL3311479,active,6.568636235841013,O=C(NS(=O)(=O)c1ccc(N[C@H](CCN2CCOCC2)CSc2ccccc2)c(S(=O)(=O)C(F)(F)F)c1)c1ccc(N2CCN(Cc3ccccc3-c3ccc(Cl)cc3)CC2)nn1,944.5239999999997,6.826500000000008,2.0,13.0
CHEMBL3311494,active,7.6777807052660805,O=C(NS(=O)(=O)c1ccc(N[C@H](CCN2CCOCC2)CSc2ccccc2)c(S(=O)(=O)C(F)(F)F)c1)c1ccc(N2CCN(Cc3ccccc3-c3ncc(Cl)cn3)CC2)cc1,944.5239999999997,6.826500000000008,2.0,13.0
CHEMBL3309308,active,7.585026652029182,O=C(NS(=O)(=O)c1ccc(N[C@H](CCN2CCOCC2)CSc2ccccc2)c(S(=O)(=O)C(F)(F)F)c1)c1ccc(N2CCN(Cc3cccnc3-c3ccc(Cl)cc3)CC2)cc1,943.5359999999997,7.431500000000009,2.0,12.0
CHEMBL3309307,active,8.0,O=C(NS(=O)(=O)c1ccc(N[C@H](CCN2CCOCC2)CSc2ccccc2)c(S(=O)(=O)C(F)(F)F)c1)c1ccc(N2CCN(Cc3ccncc3-c3ccc(Cl)cc3)CC2)cc1,943.5359999999997,7.431500000000009,2.0,12.0
CHEMBL3309309,active,7.3979400086720375,O=C(NS(=O)(=O)c1ccc(N[C@H](CCN2CCOCC2)CSc2ccccc2)c(S(=O)(=O)C(F)(F)F)c1)c1ccc(N2CCN(Cc3cn[nH]c3-c3ccc(Cl)cc3)CC2)cc1,932.5129999999997,6.759600000000008,3.0,12.0
CHEMBL3311484,active,7.267606240177032,O=C(NS(=O)(=O)c1ccc(N[C@H](CCN2CCOCC2)CSc2ccccc2)c(S(=O)(=O)C(F)(F)F)c1)c1ccc(N2CCP(=O)(Cc3ccccc3-c3ccc(Cl)cc3)CC2)cc1,975.5139999999999,9.097600000000003,2.0,11.0
CHEMBL3311480,active,6.747146969020107,O=C(NS(=O)(=O)c1ccc(N[C@H](CCN2CCOCC2)CSc2ccccc2)c(S(=O)(=O)C(F)(F)F)c1)c1cnc(N2CCN(Cc3ccccc3-c3ccc(Cl)cc3)CC2)nc1,944.5239999999997,6.826500000000008,2.0,13.0
CHEMBL3311481,active,6.924453038607469,O=C(NS(=O)(=O)c1ccc(N[C@H](CCN2CCOCC2)CSc2ccccc2)c(S(=O)(=O)C(F)(F)F)c1)c1csc(N2CCN(Cc3ccccc3-c3ccc(Cl)cc3)CC2)n1,949.5649999999997,7.493000000000009,2.0,13.0
CHEMBL4560892,inactive,4.252588192113577,O=C(NS(=O)(=O)c1ccc(N[C@H](CCN2CCOCC2)CSc2ccccc2)c([N+](=O)[O-])c1)c1ccc(-c2ccc(F)cc2)c(S(=O)(=O)O)c1,744.8450000000004,5.061400000000005,3.0,11.0
CHEMBL4473013,inactive,4.559090917934782,O=C(NS(=O)(=O)c1ccc(N[C@H](CCN2CCOCC2)CSc2ccccc2)c([N+](=O)[O-])c1)c1ccc(-c2ccc(F)cc2S(=O)(=O)F)cc1,746.8360000000004,5.472900000000005,2.0,11.0
CHEMBL3703613,active,9.096910013008056,O=C(NS(=O)(=O)c1ccc(N[C@H](CCN2CCOCC2)CSc2ccccc2)c([N+](=O)[O-])c1)c1ccc(N2CCC([C@@H](O)c3ccccc3-c3ccc(Cl)cc3)CC2)cc1,870.4939999999999,8.279000000000009,3.0,11.0
CHEMBL3703621,active,9.397940008672037,O=C(NS(=O)(=O)c1ccc(N[C@H](CCN2CCOC[C@@H]2CO)CSc2ccccc2)c(S(=O)(=O)C(F)(F)F)c1)c1ccc(N2CCC([C@@H](O)c3ccccc3-c3ccc(Cl)cc3)CC2)cc1,987.5849999999999,8.02520000000001,4.0,12.0
CHEMBL3703620,active,9.397940008672037,O=C(NS(=O)(=O)c1ccc(N[C@H](CCN2CCOC[C@H]2CO)CSc2ccccc2)c(S(=O)(=O)C(F)(F)F)c1)c1ccc(N2CCC([C@@H](O)c3ccccc3-c3ccc(Cl)cc3)CC2)cc1,987.5849999999999,8.02520000000001,4.0,12.0
CHEMBL3703618,active,9.221848749616356,O=C(NS(=O)(=O)c1ccc(N[C@H](CCN2CCO[C@@H](CO)C2)CSc2ccccc2)c(S(=O)(=O)C(F)(F)F)c1)c1ccc(N2CCC([C@@H](O)c3ccccc3-c3ccc(Cl)cc3)CC2)cc1,987.5849999999999,8.02520000000001,4.0,12.0
CHEMBL3703619,active,9.0,O=C(NS(=O)(=O)c1ccc(N[C@H](CCN2CCO[C@H](CO)C2)CSc2ccccc2)c(S(=O)(=O)C(F)(F)F)c1)c1ccc(N2CCC([C@@H](O)c3ccccc3-c3ccc(Cl)cc3)CC2)cc1,987.5849999999999,8.02520000000001,4.0,12.0
CHEMBL5957356,active,8.301029995663981,O=C(NS(=O)(=O)c1ccc(N[C@H]2CC[C@H](N(CC3CC3)CC3CC3)CC2)c([N+](=O)[O-])c1)c1ccc(C2=CCC(N3CCCC3c3ccccc3C3CC3)CC2)cc1Oc1cnc2[nH]ccc2c1,924.1809999999997,10.877599999999992,3.0,10.0
CHEMBL5782018,active,7.698970004336019,O=C(NS(=O)(=O)c1ccc(OCC2(F)CCN(C3CC3)CC2)c([N+](=O)[O-])c1)c1ccc(C2=CCC(N3CCCC3c3ccccc3C3CC3)CC2)cc1Oc1cnc2[nH]ccc2c1,875.0359999999996,9.377800000000002,2.0,10.0
CHEMBL5802937,active,8.229147988357855,O=C(NS(=O)(=O)c1ccc(OCC2(F)CCN(C3CCOCC3)CC2)c([N+](=O)[O-])c1)c1ccc(C2=CCC(N3CCCC3c3ccccc3C3CC3)CC2)cc1Oc1cnc2[nH]ccc2c1,919.0889999999996,9.394400000000003,2.0,11.0
CHEMBL6039862,active,8.657577319177793,O=C(NS(=O)(=O)c1ccc(OCC2(F)CCN(C3COC3)CC2)c([N+](=O)[O-])c1)c1ccc(-c2ccc(N3CCC[C@@H]3c3ccccc3C3CC3)cc2)cc1Oc1cnc2[nH]ccc2c1,887.0029999999997,8.849700000000006,2.0,11.0
CHEMBL5985785,active,8.080921907623926,O=C(NS(=O)(=O)c1ccc(OCC2(F)CCN(C3COC3)CC2)c([N+](=O)[O-])c1)c1ccc(-c2ccc(N3CCC[C@H]3c3ccccc3C3CC3)cc2)cc1Oc1cnc2[nH]ccc2c1,887.0029999999997,8.849700000000006,2.0,11.0
CHEMBL5861196,active,8.721246399047171,O=C(NS(=O)(=O)c1ccc(OCC2(F)CCN(C3COC3)CC2)c([N+](=O)[O-])c1)c1ccc(C2=CCC(N3CCC[C@@H]3c3ccccc3C3CC3)CC2)cc1Oc1cnc2[nH]ccc2c1,891.0349999999996,8.614200000000007,2.0,11.0
CHEMBL6019072,active,8.619788758288394,O=C(NS(=O)(=O)c1ccc(OCC2(F)CCN(C3COC3)CC2)c([N+](=O)[O-])c1)c1ccc(C2=CCC(N3CCC[C@H]3c3ccccc3C3CC3)CC2)cc1Oc1cnc2[nH]ccc2c1,891.0349999999996,8.614200000000007,2.0,11.0
CHEMBL5899109,active,8.657577319177793,O=C(NS(=O)(=O)c1ccc(OCC2(F)CCN(C3COC3)CC2)c([N+](=O)[O-])c1)c1ccc(C2=CC[C@H](N3CCC[C@@H]3c3ccccc3C3CC3)CC2)cc1Oc1cnc2[nH]ccc2c1,891.0349999999996,8.614200000000007,2.0,11.0
CHEMBL6050481,active,7.920818753952375,O=C(NS(=O)(=O)c1ccc(OCC2(F)CCOCC2)c([N+](=O)[O-])c1)c1ccc(-c2ccc(N3CCCC3c3ccccc3Cl)cc2)cc1Oc1cnc2[nH]ccc2c1,826.3030000000001,8.941500000000003,2.0,10.0
CHEMBL6037348,active,8.161150909262744,O=C(NS(=O)(=O)c1ccc(OCC2(F)CCOCC2)c([N+](=O)[O-])c1)c1ccc(C2=CCC(N3CCCC3c3ccccc3C3CC3)CC2)cc1Oc1cnc2[nH]ccc2c1,835.9549999999998,8.930000000000005,2.0,10.0
CHEMBL5781678,active,7.886056647693163,O=C(NS(=O)(=O)c1ccc(OCC2CCC(O)CC2)c([N+](=O)[O-])c1)c1ccc(-c2ccc(N3CCCC3c3ccccc3Cl)cc2)cc1Oc1cnc2[nH]ccc2c1,822.3400000000001,8.973900000000002,3.0,10.0
CHEMBL5769886,active,7.920818753952375,O=C(NS(=O)(=O)c1ccc(OCC2CCC(O)CC2)c([N+](=O)[O-])c1)c1ccc(C2=CCC(N3CCCC3c3cccc(Cl)c3C3CC3)CC2)cc1Oc1cnc2[nH]ccc2c1,866.4369999999998,9.6158,3.0,10.0
CHEMBL5812387,active,8.275724130399212,O=C(NS(=O)(=O)c1ccc(OCC2CCC(O)CC2)c([N+](=O)[O-])c1)c1ccc(C2=CCC(N3CCC[C@@H]3c3ccccc3C3CC3)CC2)cc1Oc1cnc2[nH]ccc2c1,831.9919999999998,8.962400000000004,3.0,10.0
CHEMBL5929872,active,7.795880017344075,O=C(NS(=O)(=O)c1ccc(OCC2CCC(O)CC2)c([N+](=O)[O-])c1)c1ccc(C2=CCC(N3CCC[C@H]3c3ccccc3C3CC3)CC2)cc1Oc1cnc2[nH]ccc2c1,831.9919999999998,8.962400000000004,3.0,10.0
CHEMBL5840822,active,8.494850021680094,O=C(NS(=O)(=O)c1ccc(OCC2CCC3(CC2)COC3)c([N+](=O)[O-])c1)c1ccc(-c2ccc(N3CCC[C@@H]3c3ccccc3C3CC3)cc2)cc1Oc1cnc2[nH]ccc2c1,853.9979999999999,9.853599999999998,2.0,10.0
CHEMBL5858076,active,7.7447274948966935,O=C(NS(=O)(=O)c1ccc(OCC2CCC3(CC2)COC3)c([N+](=O)[O-])c1)c1ccc(C2=CCC(N3CCCC3c3ccccc3C3CC3)CC2)cc1Oc1cnc2[nH]ccc2c1,858.0299999999997,9.6181,2.0,10.0
CHEMBL5810057,active,7.823908740944319,O=C(NS(=O)(=O)c1ccc(OCC2CCOCC2)c([N+](=O)[O-])c1)c1ccc(C2=CCC(N3CCCC3c3ccccc3C3CC3)CC2)cc1Oc1cnc2[nH]ccc2c1,817.9649999999999,8.837900000000005,2.0,10.0
CHEMBL5846384,active,8.508638306165727,O=C(NS(=O)(=O)c1cccc([N+](=O)[O-])c1)c1ccc(N2CCN(CC3=C(c4ccc(Cl)cc4)CC4(CCC4)CC3)CC2)cc1Oc1cnc2[nH]ccc2c1,767.3079999999998,7.965500000000008,2.0,9.0
CHEMBL5202671,inactive,5.120786526951717,O=C(Nc1ccc(C2=NN(C(=O)c3ccc(Br)cc3)C(c3ccccc3)C2)cc1)OC1CC1,504.3840000000002,6.151500000000005,1.0,4.0
CHEMBL106708,inactive,3.5228787452803374,O=C(O)c1ccc(-c2ccc(F)cc2)cc1,216.21099999999998,3.190900000000001,1.0,1.0
CHEMBL5941798,active,8.1249387366083,O=C(O)c1ccc(CN(C(=O)c2cc(-c3cc4c(cc3C(=O)N3Cc5ccccc5C[C@H]3CN3CCOCC3)OCO4)n3c2CCCC3)c2ccc(OCc3ccccc3)cc2)cc1,858.9919999999998,8.243600000000008,1.0,8.0
CHEMBL3287282,inactive,5.0,O=C(O)c1cccc(-c2ccc3c(c2)/C(=N/Nc2nc4ccccc4s2)CCC3)n1,414.4900000000002,5.209000000000002,2.0,6.0
CHEMBL2398173,inactive,5.0,O=C(O)c1cccc(-c2ccc3c(c2)/C(=N\Nc2nc4ccccc4s2)CCC3)n1,414.4900000000002,5.209000000000002,2.0,6.0
CHEMBL5949378,active,7.522878745280337,O=C(O)c1cccc(CN(C(=O)c2cc(-c3cc4c(cc3C(=O)N3Cc5ccccc5C[C@H]3CN3CCOCC3)OCO4)n3c2CCCC3)c2ccc(O)cc2)c1,768.8669999999998,6.370200000000008,2.0,8.0
CHEMBL6026001,active,8.301029995663981,O=C(O)c1cccc(CN(C(=O)c2cc(-c3cc4c(cc3C(=O)N3Cc5ccccc5C[C@H]3CN3CCOCC3)OCO4)n3c2CCCC3)c2ccc(OCc3ccccc3)cc2)c1,858.9919999999997,8.243600000000008,1.0,8.0
CHEMBL2398262,inactive,5.0,O=C(O)c1ccnc(-c2ccc3c(c2)/C(=N\Nc2nc4ccccc4s2)CCC3)n1,415.47800000000024,4.604000000000003,2.0,7.0
CHEMBL3949282,active,7.42021640338319,O=C(c1cc(-c2cc(Cl)ccc2C(=O)N2Cc3ccccc3C[C@H]2CN2CCOCC2)n2c1CCCC2)N(c1ccc(O)cc1)c1cc(F)cc(F)c1,737.2470000000004,8.006400000000008,1.0,5.0
CHEMBL3966070,active,7.823908740944319,O=C(c1cc(-c2cc(Cl)ccc2C(=O)N2Cc3ccccc3C[C@H]2CN2CCOCC2)n2c1CCCC2)N(c1ccc(O)cc1)c1ccc(F)c(F)c1,737.2470000000004,8.006400000000008,1.0,5.0
CHEMBL3962639,active,7.823908740944319,O=C(c1cc(-c2cc(Cl)ccc2C(=O)N2Cc3ccccc3C[C@H]2CN2CCOCC2)n2c1CCCC2)N(c1ccc(O)cc1)c1ccc(F)cc1,719.2570000000004,7.867300000000009,1.0,5.0
CHEMBL3939826,active,7.823908740944319,O=C(c1cc(-c2cc(Cl)ccc2C(=O)N2Cc3ccccc3C[C@H]2CN2CCOCC2)n2c1CCCC2)N(c1ccc(O)cc1)c1ccc(F)cc1F,737.2470000000004,8.006400000000008,1.0,5.0
CHEMBL3934509,active,7.455931955649724,O=C(c1cc(-c2cc(Cl)ccc2C(=O)N2Cc3ccccc3C[C@H]2CN2CCOCC2)n2c1CCCC2)N(c1ccc(O)cc1)c1ccc2c(c1)CCC2,741.3320000000001,8.216900000000008,1.0,5.0
CHEMBL3961292,active,7.657577319177793,O=C(c1cc(-c2cc(Cl)ccc2C(=O)N2Cc3ccccc3C[C@H]2CN2CCOCC2)n2c1CCCC2)N(c1ccc(O)cc1)c1ccc2c(c1)CCN2,742.3200000000002,7.696200000000009,2.0,6.0
CHEMBL3964991,active,7.522878745280337,O=C(c1cc(-c2cc(Cl)ccc2C(=O)N2Cc3ccccc3C[C@H]2CN2CCOCC2)n2c1CCCC2)N(c1ccc(O)cc1)c1cccc(Cl)c1,735.7120000000003,8.381600000000006,1.0,5.0
CHEMBL3977784,active,8.0,O=C(c1cc(-c2cc(Cl)ccc2C(=O)N2Cc3ccccc3C[C@H]2CN2CCOCC2)n2c1CCCC2)N(c1ccc(O)cc1)c1cccc(F)c1,719.2570000000004,7.867300000000009,1.0,5.0
CHEMBL3948585,active,8.096910013008056,O=C(c1cc(-c2cc(Cl)ccc2C(=O)N2Cc3ccccc3C[C@H]2CN2CCOCC2)n2c1CCCC2)N(c1ccc(O)cc1)c1ccccc1F,719.2570000000004,7.867300000000009,1.0,5.0
CHEMBL3964632,active,7.3872161432802645,O=C(c1cc(-c2cc(Cl)ccc2C(=O)N2Cc3ccccc3C[C@H]2CN2CCOCC2)n2c1CCCC2)N(c1ccc(O)cc1)c1ccsc1,707.2960000000004,7.789700000000009,1.0,6.0
CHEMBL3933816,active,7.455931955649724,O=C(c1cc(-c2cc(Cl)ccc2C(=O)N2Cc3ccccc3C[C@H]2CN2CCOCC2)n2c1CCCC2)N(c1ccccc1)c1ccc(O)cc1,701.2670000000004,7.728200000000009,1.0,5.0
CHEMBL3921561,active,7.508638306165727,O=C(c1cc(-c2cc(Cl)ccc2C(=O)N2Cc3ccccc3C[C@H]2CN2CCOCC2)n2c1COCC2)N(c1ccc(O)cc1)c1ccc2c(c1)CCN2,744.2920000000001,6.890100000000008,2.0,7.0
CHEMBL3945926,active,7.508638306165727,O=C(c1cc(-c2cc(Cl)ccc2C(=O)N2Cc3ccccc3C[C@H]2CN2CCOCC2)n2c1COCC2)N(c1ccccc1)c1ccc(O)cc1,703.2390000000004,6.922100000000008,1.0,6.0
CHEMBL3944500,active,7.5376020021010435,O=C(c1cc(-c2cc(F)ccc2C(=O)N2Cc3ccccc3C[C@H]2CN2CCOCC2)n2c1CCCC2)N(c1ccccc1)c1ccc(O)cc1,684.8120000000005,7.213900000000009,1.0,5.0
CHEMBL3912209,active,7.628932137728263,O=C(c1cc(-c2cc(F)ccc2C(=O)N2Cc3ccccc3C[C@H]2CN2CCOCC2)n2c1COCC2)N(c1ccc(O)cc1)c1ccc(F)cc1,704.7740000000005,6.546900000000008,1.0,6.0
CHEMBL3954544,active,7.585026652029182,O=C(c1cc(-c2cc3c(cc2C(=O)N2Cc4ccccc4C[C@H]2CN2CCN(CC(F)(F)F)CC2)OCO3)n2c1CCCC2)N(c1ccccc1)c1ccc(O)cc1,791.871,7.65120000000001,1.0,7.0
CHEMBL3918945,active,7.481486060122112,O=C(c1cc(-c2cc3c(cc2C(=O)N2Cc4ccccc4C[C@H]2CN2CCOCC2)OCCCO3)n2c1CCCC2)N(c1ccccc1)c1ccc(O)cc1,738.8850000000002,7.23610000000001,1.0,7.0
CHEMBL3904944,active,7.568636235841013,O=C(c1cc(-c2cc3c(cc2C(=O)N2Cc4ccccc4C[C@H]2CN2CCOCC2)OCCO3)n2c1CCCC2)N(c1ccccc1)c1ccc(O)cc1,724.8580000000003,6.846000000000009,1.0,7.0
CHEMBL3953887,active,7.795880017344075,O=C(c1cc(-c2cc3c(cc2C(=O)N2Cc4ccccc4C[C@H]2CN2CCOCC2)OCO3)n2c1CC(O)CC2)N(c1ccccc1)c1ccc(O)cc1,726.8300000000003,5.774300000000008,2.0,8.0
CHEMBL5870017,active,7.522878745280337,O=C(c1cc(-c2cc3c(cc2C(=O)N2Cc4ccccc4C[C@H]2CN2CCOCC2)OCO3)n2c1CCCC2)N(Cc1c(Cl)ccc(F)c1F)c1ccc(O)cc1,795.2830000000002,7.60360000000001,1.0,7.0
CHEMBL6060458,active,7.301029995663981,O=C(c1cc(-c2cc3c(cc2C(=O)N2Cc4ccccc4C[C@H]2CN2CCOCC2)OCO3)n2c1CCCC2)N(Cc1c(F)cccc1C(F)(F)F)c1ccc(O)cc1,810.8450000000004,7.82990000000001,1.0,7.0
CHEMBL5853531,active,8.1249387366083,O=C(c1cc(-c2cc3c(cc2C(=O)N2Cc4ccccc4C[C@H]2CN2CCOCC2)OCO3)n2c1CCCC2)N(Cc1c(F)cccc1F)c1ccc(O)cc1,760.8380000000003,6.9502000000000095,1.0,7.0
CHEMBL5941938,active,7.522878745280337,O=C(c1cc(-c2cc3c(cc2C(=O)N2Cc4ccccc4C[C@H]2CN2CCOCC2)OCO3)n2c1CCCC2)N(Cc1ccc(C(F)(F)F)cc1)c1ccc(O)cc1,792.8550000000004,7.69080000000001,1.0,7.0
CHEMBL5788840,active,7.522878745280337,O=C(c1cc(-c2cc3c(cc2C(=O)N2Cc4ccccc4C[C@H]2CN2CCOCC2)OCO3)n2c1CCCC2)N(Cc1ccc(F)cc1)c1ccc(O)cc1,742.8480000000003,6.8111000000000095,1.0,7.0
CHEMBL5873413,active,7.301029995663981,O=C(c1cc(-c2cc3c(cc2C(=O)N2Cc4ccccc4C[C@H]2CN2CCOCC2)OCO3)n2c1CCCC2)N(Cc1ccc(OC(F)(F)F)cc1)c1ccc(O)cc1,808.8540000000004,7.5706000000000095,1.0,8.0
CHEMBL5788063,active,7.522878745280337,O=C(c1cc(-c2cc3c(cc2C(=O)N2Cc4ccccc4C[C@H]2CN2CCOCC2)OCO3)n2c1CCCC2)N(Cc1cccc(C(F)(F)F)c1)c1ccc(O)cc1,792.8550000000004,7.69080000000001,1.0,7.0
CHEMBL5995264,active,7.522878745280337,O=C(c1cc(-c2cc3c(cc2C(=O)N2Cc4ccccc4C[C@H]2CN2CCOCC2)OCO3)n2c1CCCC2)N(Cc1cccc(F)c1)c1ccc(O)cc1,742.8480000000003,6.8111000000000095,1.0,7.0
CHEMBL5996892,active,7.301029995663981,O=C(c1cc(-c2cc3c(cc2C(=O)N2Cc4ccccc4C[C@H]2CN2CCOCC2)OCO3)n2c1CCCC2)N(Cc1cccc(NO)c1)c1ccc(O)cc1,755.8720000000003,6.473100000000008,3.0,9.0
CHEMBL6003093,active,8.1249387366083,O=C(c1cc(-c2cc3c(cc2C(=O)N2Cc4ccccc4C[C@H]2CN2CCOCC2)OCO3)n2c1CCCC2)N(Cc1ccccc1)c1ccc(O)cc1,724.8580000000003,6.6720000000000095,1.0,7.0
CHEMBL5963393,active,7.522878745280337,O=C(c1cc(-c2cc3c(cc2C(=O)N2Cc4ccccc4C[C@H]2CN2CCOCC2)OCO3)n2c1CCCC2)N(Cc1ccccc1-c1ccccc1)c1ccc(O)cc1,800.9560000000002,8.339000000000008,1.0,7.0
CHEMBL5980102,active,8.301029995663981,O=C(c1cc(-c2cc3c(cc2C(=O)N2Cc4ccccc4C[C@H]2CN2CCOCC2)OCO3)n2c1CCCC2)N(Cc1ccccc1C(F)(F)F)c1ccc(O)cc1,792.8550000000004,7.69080000000001,1.0,7.0
CHEMBL5876813,active,8.301029995663981,O=C(c1cc(-c2cc3c(cc2C(=O)N2Cc4ccccc4C[C@H]2CN2CCOCC2)OCO3)n2c1CCCC2)N(Cc1ccccc1Cl)c1ccc(O)cc1,759.3030000000002,7.32540000000001,1.0,7.0
CHEMBL5761477,active,8.301029995663981,O=C(c1cc(-c2cc3c(cc2C(=O)N2Cc4ccccc4C[C@H]2CN2CCOCC2)OCO3)n2c1CCCC2)N(Cc1ccccc1F)c1ccc(O)cc1,742.8480000000003,6.8111000000000095,1.0,7.0
CHEMBL5929853,active,8.1249387366083,O=C(c1cc(-c2cc3c(cc2C(=O)N2Cc4ccccc4C[C@H]2CN2CCOCC2)OCO3)n2c1CCCC2)N(Cc1cccnc1)c1ccc(O)cc1,725.8460000000002,6.067000000000008,1.0,8.0
CHEMBL5864144,active,8.301029995663981,O=C(c1cc(-c2cc3c(cc2C(=O)N2Cc4ccccc4C[C@H]2CN2CCOCC2)OCO3)n2c1CCCC2)N(Cc1ccncc1)c1ccc(O)cc1,725.8460000000002,6.067000000000008,1.0,8.0
CHEMBL3927695,active,7.698970004336019,O=C(c1cc(-c2cc3c(cc2C(=O)N2Cc4ccccc4C[C@H]2CN2CCOCC2)OCO3)n2c1CCCC2)N(c1ccc(O)cc1)c1ccc(Cl)cc1,745.2760000000003,7.45690000000001,1.0,7.0
CHEMBL3943706,active,7.823908740944319,O=C(c1cc(-c2cc3c(cc2C(=O)N2Cc4ccccc4C[C@H]2CN2CCOCC2)OCO3)n2c1CCCC2)N(c1ccc(O)cc1)c1ccc(O)cc1,726.8300000000004,6.509100000000009,2.0,8.0
CHEMBL3940396,active,7.292429823902063,O=C(c1cc(-c2cc3c(cc2C(=O)N2Cc4ccccc4C[C@H]2CN2CCOCC2)OCO3)n2c1CCCC2)N(c1ccc(O)cc1)c1ccc(OC(F)(F)F)cc1,794.8270000000005,7.702100000000009,1.0,8.0
CHEMBL3934859,active,7.823908740944319,O=C(c1cc(-c2cc3c(cc2C(=O)N2Cc4ccccc4C[C@H]2CN2CCOCC2)OCO3)n2c1CCCC2)N(c1ccc(O)cc1)c1ccc2c(c1)CCN2,751.8840000000001,6.7715000000000085,2.0,8.0
CHEMBL3903292,active,7.795880017344075,O=C(c1cc(-c2cc3c(cc2C(=O)N2Cc4ccccc4C[C@H]2CN2CCOCC2)OCO3)n2c1CCCC2)N(c1ccc(O)cc1)c1cccc(F)c1,728.8210000000004,6.942600000000009,1.0,7.0
CHEMBL3958369,active,7.709965388637482,O=C(c1cc(-c2cc3c(cc2C(=O)N2Cc4ccccc4C[C@H]2CN2CCOCC2)OCO3)n2c1CCCC2)N(c1ccccc1)c1ccc(O)cc1,710.8310000000004,6.8035000000000085,1.0,7.0
CHEMBL3986763,active,7.657577319177793,O=C(c1cc(-c2cc3c(cc2C(=O)N2Cc4ccccc4C[C@H]2CN2CCOCC2)OCO3)n2ccccc12)N(c1ccccc1)c1ccc(O)cc1,706.7990000000003,6.918400000000008,1.0,7.0
CHEMBL3965758,active,7.468521082957745,O=C(c1cc(-c2cc3c(cc2C(=O)N2Cc4ccccc4C[C@H]2CN2CCOCC2)OCO3)n2ccncc12)N(c1ccc(O)cc1)c1cccc(F)c1,725.7770000000004,6.452500000000008,1.0,8.0
CHEMBL5930470,active,7.522878745280337,O=C(c1cc(-c2cc3c(cc2C(=O)N2Cc4ccccc4C[C@H]2C[N+]2([O-])CCOCC2)OCO3)n2c1CCCC2)N(c1ccccc1)c1ccc(O)cc1,726.8300000000003,6.816100000000009,1.0,7.0
CHEMBL2031010,active,7.455931955649724,O=C(c1ccc(CN(Cc2ccc(F)cc2)S(=O)(=O)c2cc(Cl)cc(Cl)c2O)cc1)N(Cc1ccc(F)cc1)Cc1cc(Cl)cc(Cl)c1,750.4780000000001,9.517699999999994,1.0,4.0
CHEMBL259034,active,6.5376020021010435,O=C(c1ccc(Oc2ccccc2)cc1)c1cc(C(=O)c2cccc3ccccc23)c(O)c(O)c1O,476.4840000000002,6.210900000000007,3.0,6.0
CHEMBL258819,active,6.769551078621726,O=C(c1ccc(Oc2ccccc2)cc1)c1cc(C(=O)c2nc3ccccc3s2)c(O)c(O)c1O,483.5010000000002,5.667400000000005,3.0,8.0
CHEMBL5809792,active,7.1438755557577,O=C(c1cn(-c2cc(Cl)ccc2C(=O)N2Cc3ccccc3C[C@H]2CN2CCCCC2)c2ccccc12)N(c1ccccc1)c1ccc(O)cc1,695.2630000000004,9.021,1.0,4.0
CHEMBL5745694,active,7.628932137728263,O=C(c1cn(-c2cc(Cl)ccc2C(=O)N2Cc3ccccc3C[C@H]2CN2CCOCC2)c2ccccc12)N(c1ccccc1)c1ccc(O)cc1,697.2350000000004,7.867300000000007,1.0,5.0
CHEMBL5908915,active,7.3851027839668655,O=C(c1cn(-c2cc3c(cc2C(=O)N2Cc4ccccc4C[C@H]2CN2CCCCC2)OCO3)c2ccccc12)N(c1ccccc1)c1ccc(O)cc1,704.8270000000005,8.096300000000008,1.0,6.0
CHEMBL5929262,active,7.716698771296451,O=C(c1cn(-c2cc3c(cc2C(=O)N2Cc4ccccc4C[C@H]2CN2CCOCC2)OCO3)c2c1CCCC2)N(c1ccccc1)c1ccc(O)cc1,710.8310000000005,6.668200000000009,1.0,7.0
CHEMBL6046174,active,7.85078088734462,O=C(c1cn(-c2cc3c(cc2C(=O)N2Cc4ccccc4C[C@H]2CN2CCOCC2)OCO3)c2ccccc12)N(c1ccccc1)c1ccc(O)cc1,706.7990000000004,6.942600000000008,1.0,7.0
CHEMBL6062105,active,6.774690718274137,O=C(c1cn(-c2ccccc2C(=O)N2Cc3ccccc3C[C@H]2CN2CCCCC2)c2ccccc12)N(c1ccccc1)c1ccc(O)cc1,660.8180000000004,8.367600000000005,1.0,4.0
CHEMBL5978367,active,8.3767507096021,O=C(c1cn(-c2ccccc2C(=O)N2Cc3ccccc3C[C@H]2CO)c2ccccc12)N(c1ccccc1)c1ccc(O)cc1,593.6830000000002,6.874000000000008,2.0,4.0
CHEMBL2312483,active,7.309803919971486,O=C1N=C2C(=C1NCCCc1ccccc1)c1ccc(N3CCSCC3)c3cccc2c13,439.5840000000003,4.669400000000005,1.0,4.0
CHEMBL2312473,active,7.2441251443275085,O=C1N=C2C(=C1NCCCc1ccccc1)c1ccc(Sc3ccc(OO)cc3)c3cccc2c13,478.5730000000002,6.119200000000005,2.0,5.0
CHEMBL2312479,inactive,5.0,O=C1N=C2C(=C1NCc1ccccc1)c1ccc(N3CCSCC3)c3cccc2c13,411.53000000000026,4.236800000000004,1.0,4.0
CHEMBL3311331,active,6.0,O=S(=O)(NC(=C1COC1)c1ccc(N2CCN(Cc3ccccc3-c3ccc(Cl)cc3)CC2)cc1)c1ccc(N[C@H](CCN2CCOCC2)CSc2ccccc2)c(S(=O)(=O)C(F)(F)F)c1,982.6129999999998,8.637600000000004,2.0,11.0
CHEMBL2322029,active,6.130768280269024,O=S(=O)(Nc1ncnc2c1CN(C1CCN(Cc3ccccc3-c3ccc(Cl)cc3)CC1)C2)c1ccc(N[C@H](CCN2CCOCC2)CSc2ccccc2)c(S(=O)(=O)C(F)(F)F)c1,956.5789999999998,8.166600000000008,2.0,12.0
CHEMBL1689142,active,7.0915149811213505,O=S(=O)(Nc1ncnc2cc(N3CCN(Cc4ccccc4-c4ccc(Cl)cc4)CC3)ccc12)c1ccc(N[C@H](CCN2CCOCC2)CSc2ccccc2)c(S(=O)(=O)C(F)(F)F)c1,966.5739999999998,8.661800000000003,2.0,12.0
CHEMBL2322028,active,8.301029995663981,O=S(=O)(Nc1nnc2n1CCN(C1CCN(Cc3ccccc3-c3ccc(Cl)cc3)CC1)C2)c1ccc(N[C@H](CCN2CCOCC2)CSc2ccccc2)c(S(=O)(=O)C(F)(F)F)c1,959.583,7.4681000000000095,2.0,12.0
CHEMBL1689140,active,7.6777807052660805,O=[N+]([O-])c1cc(S(=O)(=O)Nc2ncnc3cc(N4CCN(Cc5ccccc5-c5ccc(Cl)cc5)CC4)ccc23)ccc1N[C@H](CCN1CCOCC1)CSc1ccccc1,879.5089999999996,8.276500000000008,2.0,12.0
CHEMBL337153,inactive,4.853871964321762,O=c1c2ccc(S(=O)(=O)c3ccc4c(=O)n5c6ccccc6nc5c5cccc3c45)c3cccc(c32)c2nc3ccccc3n12,602.6310000000001,6.3300000000000045,0.0,6.0
CHEMBL4861551,inactive,4.698970004336019,O[C@@H]1[C@H](O)[C@@H](COCc2ccc(Cl)cc2)O[C@H]1n1c(NCc2ccc(Cl)c(Cl)c2)nc2cncnc21,550.8300000000002,4.234600000000003,3.0,8.0
CHEMBL449132,inactive,2.3665315444204134,Oc1cccc2c1CCCC2,148.20499999999998,2.271000000000001,1.0,1.0
